portfolio_row_id,Age,Race,Gender,Number_of_Doctors_Visited,Physical_Health,Mental_Health,Dental_Health,Employment,Stress_Keeps_Patient_from_Sleeping,Medication_Keeps_Patient_from_Sleeping,Pain_Keeps_Patient_from_Sleeping,Bathroom_Needs_Keeps_Patient_from_Sleeping,Uknown_Keeps_Patient_from_Sleeping,Trouble_Sleeping,Prescription_Sleep_Medication
1,2,2,1,1,2,2,2,3,0,0,0,1,0,2,3
2,2,1,1,3,3,2,3,3,0,0,0,0,1,3,3
3,2,5,2,2,3,2,3,1,0,0,0,0,1,2,3
4,2,1,1,1,3,3,4,4,0,0,0,0,1,2,3
5,2,4,1,2,3,3,3,3,0,0,0,1,0,2,3
6,2,4,2,2,3,3,3,3,1,1,1,1,0,2,3
7,2,1,2,3,3,3,3,3,0,0,0,1,0,2,1
8,2,1,2,1,2,2,2,1,0,0,0,1,0,2,3
9,2,5,2,2,3,2,4,3,1,0,0,0,1,2,2
10,2,2,2,2,3,2,4,3,0,0,0,1,1,3,3
11,2,1,2,3,2,3,1,3,0,0,0,0,1,1,2
12,2,1,2,2,3,3,3,3,0,0,0,0,1,2,3
13,2,1,1,1,5,3,5,3,0,0,1,0,0,2,2
14,2,1,1,1,2,-1,3,3,1,0,0,0,0,3,3
15,2,1,1,2,3,3,4,3,0,0,1,0,1,2,3
16,2,1,2,2,3,3,4,3,0,0,0,0,1,2,3
17,2,1,2,3,4,3,6,3,1,0,0,1,0,2,3
18,2,1,1,2,2,1,2,3,0,0,0,0,1,3,3
19,2,1,2,2,4,4,4,3,0,0,0,0,1,1,3
20,2,1,2,2,2,1,1,3,0,0,0,0,1,2,3
21,2,1,2,2,3,1,3,3,0,0,1,1,1,3,3
22,2,4,2,2,3,3,4,1,0,0,0,1,0,3,3
23,2,5,2,2,3,2,4,3,0,0,0,1,0,2,3
24,2,1,1,2,3,3,4,3,0,0,0,0,0,2,3
25,2,1,2,2,2,1,1,3,1,0,0,1,0,3,3
26,2,1,2,3,3,1,5,3,0,0,0,1,0,2,3
27,2,2,1,2,3,2,3,3,0,0,0,0,0,2,3
28,2,1,2,3,3,1,5,3,0,0,0,0,1,3,3
29,2,1,1,3,3,2,6,3,0,0,0,1,0,3,3
30,2,1,1,1,2,2,2,3,0,0,0,0,1,3,3
31,2,1,2,2,2,3,3,3,0,0,0,0,1,3,3
32,2,1,1,2,3,1,3,3,1,0,0,1,0,2,3
33,2,1,1,2,3,3,4,3,0,0,0,1,0,2,3
34,2,1,2,3,3,2,2,3,0,0,0,0,0,3,3
35,2,1,1,2,4,4,4,3,0,0,0,1,1,3,3
36,2,3,1,2,4,4,-1,1,1,1,1,0,0,2,1
37,2,1,1,1,3,1,2,3,0,0,0,0,0,3,2
38,2,1,2,1,3,3,3,3,0,0,0,0,1,3,3
39,2,2,2,2,4,2,6,3,0,0,0,1,1,3,1
40,2,1,2,3,4,3,4,3,1,0,1,1,0,2,3
41,2,1,2,3,4,4,5,4,0,0,0,0,1,1,1
42,2,4,2,2,4,-1,5,3,0,0,0,1,0,3,3
43,2,1,2,2,2,1,1,3,1,0,0,1,0,3,3
44,2,1,2,1,2,1,2,3,0,0,0,0,1,3,3
45,2,1,1,3,2,1,1,1,0,0,0,1,0,2,3
46,2,4,1,1,3,1,3,3,0,0,0,1,0,2,3
47,2,1,1,2,3,1,5,1,0,0,0,1,0,3,3
48,2,1,1,2,2,1,3,3,0,0,0,0,0,3,3
49,2,3,2,1,3,3,6,4,1,0,0,0,0,1,3
50,2,5,2,2,4,2,4,3,1,0,0,1,0,1,3
51,2,1,1,2,2,1,3,3,1,0,0,1,0,2,3
52,2,1,2,2,1,1,2,3,1,0,0,0,0,3,3
53,2,2,2,3,4,2,4,3,1,0,0,1,0,2,3
54,2,1,1,3,2,1,3,3,0,0,0,1,0,3,3
55,2,1,2,2,2,2,2,3,0,0,1,1,0,2,2
56,2,1,2,2,2,2,3,3,0,0,0,0,1,3,3
57,2,1,1,3,5,3,4,3,1,0,1,0,0,1,3
58,2,1,2,2,3,1,2,3,0,0,1,1,0,3,3
59,2,1,2,3,3,1,4,2,1,0,1,1,0,2,3
60,2,1,2,3,2,1,4,2,0,0,0,1,0,3,3
61,2,4,1,2,2,2,2,3,0,0,0,0,1,3,3
62,2,1,2,1,4,3,3,3,0,0,1,1,1,2,3
63,2,1,1,2,2,1,2,3,0,1,0,1,1,3,3
64,2,1,2,3,2,2,1,2,0,0,0,0,0,3,3
65,2,1,1,2,2,1,2,1,0,0,0,1,1,3,3
66,2,1,1,2,4,2,3,3,0,0,1,1,0,2,3
67,2,1,1,2,3,3,2,3,0,0,0,1,0,3,3
68,2,1,2,3,4,2,3,3,1,0,1,1,0,1,3
69,2,1,1,2,4,2,4,3,0,0,0,1,0,3,3
70,2,1,1,3,4,3,3,3,0,0,0,0,1,2,3
71,2,1,2,1,2,1,2,3,0,0,0,0,1,3,3
72,2,1,2,2,3,2,2,3,0,0,0,1,0,3,3
73,2,1,2,2,2,2,3,2,0,0,0,1,1,2,3
74,2,2,2,2,3,1,2,3,0,0,0,1,0,3,3
75,2,1,2,2,3,1,4,3,0,0,1,1,0,2,3
76,2,1,2,2,3,2,3,3,0,0,0,0,1,2,2
77,2,1,2,3,3,2,2,3,0,0,0,0,1,3,3
78,2,1,2,2,2,2,4,3,0,0,0,1,1,2,3
79,2,1,1,3,3,2,6,3,0,0,0,0,1,2,3
80,2,1,1,2,4,2,2,3,1,0,0,0,0,2,3
81,2,1,1,3,3,4,4,3,0,0,0,1,0,3,3
82,2,5,1,2,3,3,2,2,0,0,0,1,0,2,3
83,2,1,1,1,3,4,4,3,0,0,0,1,1,2,3
84,2,1,2,3,1,1,3,1,0,0,0,0,1,3,3
85,2,5,2,2,2,2,3,3,0,0,0,0,0,2,3
86,2,4,2,1,2,2,2,3,1,0,0,1,0,2,3
87,2,1,1,2,2,2,2,3,0,0,0,1,0,3,3
88,2,1,1,2,3,3,3,3,0,0,0,1,1,3,3
89,2,1,2,2,3,2,2,3,0,0,0,0,0,3,3
90,2,1,1,3,3,3,4,1,1,0,0,0,0,3,3
91,2,1,1,3,4,3,6,3,0,0,1,0,0,3,3
92,2,1,2,1,3,1,3,3,0,0,1,1,0,2,3
93,2,1,1,2,3,3,3,3,0,0,0,0,1,2,3
94,2,1,2,3,1,2,2,3,0,0,0,1,0,2,3
95,2,1,2,3,3,2,2,3,0,0,0,1,0,3,3
96,2,4,1,2,3,1,1,2,0,0,0,1,0,2,3
97,2,1,1,2,2,2,2,3,1,0,0,0,0,3,3
98,2,1,2,3,3,2,6,3,0,0,0,0,1,2,3
99,2,1,2,1,3,2,6,3,0,0,0,0,1,3,3
100,2,1,2,2,2,2,2,3,0,0,0,0,1,3,3
101,2,1,2,2,3,2,6,2,1,0,0,0,0,3,3
102,2,3,1,3,3,2,4,3,0,0,0,0,1,3,3
103,2,1,2,2,3,2,2,3,0,0,0,0,1,3,3
104,2,1,2,3,4,2,4,3,0,1,0,1,0,2,3
105,2,1,1,2,3,4,2,3,1,0,0,1,1,2,3
106,2,1,1,1,3,3,4,3,0,0,0,0,1,3,3
107,2,1,2,2,2,2,2,3,1,0,0,1,0,2,3
108,2,2,1,2,2,2,2,3,0,0,1,0,0,2,3
109,2,1,1,2,3,1,2,1,0,0,0,0,1,3,3
110,2,1,2,2,2,2,2,3,0,0,0,0,1,2,3
111,2,1,1,3,3,3,1,3,1,1,1,0,1,1,1
112,2,3,2,2,3,2,3,3,0,0,0,0,1,3,3
113,2,1,1,3,3,2,6,3,0,0,0,1,0,2,1
114,2,1,2,1,4,4,6,2,1,0,0,0,0,3,3
115,2,1,2,3,4,2,2,4,1,0,0,0,0,3,3
116,2,1,1,2,2,1,3,1,0,0,0,1,0,3,3
117,2,1,1,2,3,3,4,3,0,0,0,0,0,3,3
118,2,1,2,2,3,3,3,3,1,0,0,1,0,2,3
119,2,1,1,2,1,1,1,3,0,0,0,0,0,3,3
120,2,4,1,2,3,2,6,3,0,0,0,1,0,3,3
121,2,1,2,2,1,2,4,3,1,0,0,1,0,3,3
122,2,1,1,3,3,1,3,3,0,0,1,1,0,3,3
123,2,4,1,1,2,2,2,3,0,1,0,0,0,2,1
124,2,1,2,1,3,2,2,3,0,0,1,0,1,2,3
125,2,1,1,2,1,2,1,3,0,0,0,0,1,2,3
126,2,1,2,3,4,4,3,2,0,0,0,1,0,3,3
127,2,3,1,1,2,2,2,2,0,0,0,1,0,3,3
128,2,1,1,3,2,1,1,3,0,0,1,1,0,2,2
129,2,1,1,3,2,1,2,2,0,0,0,0,1,2,3
130,2,1,2,3,3,3,3,3,0,0,0,1,0,3,3
131,2,1,1,1,4,4,5,4,0,0,0,0,0,1,3
132,2,1,1,3,3,3,3,3,0,0,0,0,1,3,1
133,2,1,2,2,2,1,3,3,0,0,0,1,0,3,3
134,2,1,2,3,4,3,2,3,0,1,0,0,1,3,1
135,2,2,1,2,2,1,3,3,0,0,0,1,0,3,3
136,2,1,1,2,5,3,3,3,0,0,0,1,0,3,3
137,2,1,1,2,2,2,3,3,0,1,0,0,0,3,3
138,2,1,2,1,3,3,3,3,0,0,1,1,0,2,3
139,2,1,2,2,2,2,3,3,1,0,0,1,1,2,3
140,2,2,1,2,2,-1,2,3,0,0,0,0,0,3,3
141,2,1,1,2,2,4,2,3,0,1,0,1,0,2,3
142,2,1,1,3,2,1,3,3,0,0,0,1,0,3,3
143,2,5,1,2,3,3,4,1,1,0,1,0,0,3,3
144,2,1,2,2,2,2,2,2,0,0,0,1,0,3,3
145,2,1,2,1,1,2,2,1,1,0,0,0,0,2,3
146,2,1,1,3,3,2,3,3,1,0,0,1,0,2,3
147,2,1,2,2,3,3,2,2,1,0,1,0,0,2,3
148,2,1,2,3,2,2,2,3,0,0,1,0,0,3,3
149,2,1,1,1,5,1,5,3,0,1,1,0,0,1,3
150,2,2,1,2,2,2,2,3,0,0,0,1,0,3,3
151,2,2,2,2,4,3,3,3,0,0,0,0,1,2,3
152,2,1,2,3,2,1,2,3,0,0,1,1,0,3,2
153,2,1,1,2,2,2,2,3,0,0,0,0,1,3,3
154,2,3,2,2,2,1,1,1,1,0,0,0,1,3,3
155,2,1,2,3,3,4,4,3,1,0,1,1,0,1,3
156,2,1,1,1,2,1,1,3,0,0,0,0,1,3,3
157,2,1,2,3,3,1,1,3,0,0,1,1,0,2,3
158,2,1,1,2,2,1,1,3,0,0,0,0,0,3,3
159,2,4,2,2,3,3,3,3,0,0,0,1,0,3,3
160,2,2,1,2,3,2,3,3,0,0,0,1,0,3,3
161,2,1,2,2,2,2,4,3,0,0,0,0,1,3,3
162,2,1,1,2,2,2,4,2,1,1,1,0,0,2,3
163,2,1,2,1,3,3,3,3,0,0,0,1,1,3,3
164,2,1,2,3,2,2,3,3,0,0,0,1,0,3,3
165,2,1,2,1,3,1,3,3,1,0,1,1,1,1,3
166,2,2,2,3,3,1,5,4,1,0,1,0,0,1,3
167,2,2,2,1,3,3,4,3,0,0,0,0,1,2,3
168,2,1,2,2,2,2,2,3,1,0,0,1,0,1,3
169,2,1,1,3,2,2,1,3,0,0,0,1,1,3,3
170,2,1,1,3,1,2,1,3,0,0,0,1,0,3,3
171,2,1,1,2,3,3,3,3,1,0,0,0,1,2,3
172,2,1,2,2,2,2,2,3,0,0,0,0,1,3,3
173,2,1,2,2,3,2,3,1,0,0,0,0,1,-1,3
174,2,1,2,3,3,3,2,3,1,0,0,1,0,2,2
175,2,1,1,3,4,2,3,3,0,0,0,0,0,3,3
176,2,1,1,2,3,2,2,3,0,0,0,1,0,3,3
177,2,1,2,3,3,2,2,3,0,0,0,0,1,3,3
178,2,5,2,2,2,1,3,3,0,0,0,0,1,1,3
179,2,1,2,1,3,2,4,3,0,0,0,1,1,2,3
180,2,1,2,2,2,2,1,1,1,0,0,1,0,3,3
181,2,1,2,2,4,4,5,3,1,0,1,1,0,3,3
182,2,1,2,2,3,3,3,2,1,0,1,1,1,2,3
183,2,4,2,1,2,2,2,3,0,0,0,0,1,3,3
184,2,4,2,3,4,2,6,3,0,0,0,1,1,2,3
185,2,2,1,2,2,2,2,3,0,0,0,0,1,3,3
186,2,1,1,1,3,1,3,3,0,0,0,1,0,3,3
187,2,1,2,2,2,2,2,3,1,0,0,0,1,2,3
188,2,1,2,3,3,1,2,3,0,0,0,0,1,2,1
189,2,1,1,2,5,3,4,3,0,0,0,1,0,3,3
190,2,1,1,3,4,1,1,3,0,0,1,1,0,2,1
191,2,1,1,2,4,3,2,1,0,0,0,0,0,3,1
192,2,1,2,1,2,1,2,3,0,0,0,1,1,3,3
193,2,1,2,1,2,1,2,3,0,0,0,0,1,3,3
194,2,1,1,3,2,1,1,2,0,0,0,1,1,3,3
195,2,1,2,1,3,2,4,2,0,0,0,0,1,3,3
196,2,1,1,2,2,1,4,1,0,0,1,0,1,3,3
197,2,1,1,3,3,1,1,3,0,0,0,0,1,3,3
198,2,1,2,3,3,1,2,1,1,0,1,1,0,2,3
199,2,1,1,2,2,1,1,2,0,0,0,0,1,3,3
200,2,1,1,2,1,3,3,3,1,0,0,1,0,2,2
201,2,1,2,3,2,1,1,3,0,0,0,0,1,1,3
202,2,4,2,2,4,4,5,3,0,0,0,0,1,3,3
203,2,2,2,3,2,2,4,3,0,0,0,1,0,3,3
204,2,2,1,2,3,3,3,3,0,0,0,1,0,3,3
205,2,1,1,3,3,1,3,3,0,0,0,1,0,2,3
206,2,4,1,1,2,2,2,3,1,0,1,1,0,3,3
207,2,1,1,3,3,-1,6,3,0,0,0,0,1,3,3
208,2,2,2,3,3,2,2,3,0,1,1,1,0,3,3
209,2,1,1,2,2,1,2,3,0,0,0,1,0,3,3
210,2,1,2,2,3,1,3,3,0,0,1,1,0,2,3
211,2,1,2,2,3,3,3,3,1,0,0,1,0,3,3
212,2,1,2,3,2,1,1,3,0,0,0,0,1,3,3
213,2,1,2,3,3,1,3,3,1,0,1,1,1,3,3
214,2,1,1,3,5,5,3,3,1,1,1,1,0,1,1
215,2,1,1,2,3,2,3,2,1,0,1,0,0,2,1
216,2,1,2,1,3,1,3,3,0,0,0,0,1,3,3
217,2,1,1,3,2,2,4,3,0,0,0,1,1,3,2
218,2,1,1,3,4,3,5,3,0,0,0,1,1,2,3
219,2,1,1,2,3,3,3,2,1,0,0,0,0,3,3
220,2,4,2,1,2,1,3,3,0,0,0,1,1,2,3
221,2,1,2,2,1,2,3,3,0,0,0,0,1,3,3
222,2,1,2,2,3,2,3,3,0,0,1,1,0,2,3
223,2,1,1,3,4,2,6,3,0,0,1,0,0,2,1
224,2,1,2,2,4,3,3,3,0,0,1,0,1,2,3
225,2,1,1,2,4,2,3,1,0,0,0,0,1,3,3
226,2,1,1,2,2,2,2,3,1,0,0,0,0,3,3
227,2,3,1,1,3,2,4,3,0,0,0,1,0,3,3
228,2,1,1,3,4,3,6,3,0,1,0,0,0,2,3
229,2,1,2,2,1,1,4,3,0,0,0,1,1,2,3
230,2,1,1,2,2,1,2,3,0,0,0,0,1,3,3
231,2,1,1,2,2,2,5,1,0,0,0,1,0,3,3
232,2,1,2,2,3,3,2,3,0,0,0,1,0,3,3
233,2,1,1,2,4,3,5,3,1,0,0,0,0,2,2
234,2,1,2,3,1,1,2,3,0,0,0,0,1,2,3
235,2,1,1,3,2,2,2,3,0,1,0,1,0,2,3
236,2,1,1,2,2,1,2,3,0,0,0,1,1,1,3
237,2,2,2,2,2,1,3,1,1,0,1,0,0,2,3
238,2,2,2,3,3,1,3,3,0,0,0,1,1,3,3
239,2,1,1,3,3,2,2,3,0,0,0,0,1,3,3
240,2,1,1,2,5,2,5,3,0,0,0,1,0,3,3
241,2,1,1,3,2,2,2,1,1,0,1,1,1,3,3
242,2,1,1,2,2,3,1,3,1,0,0,0,0,3,2
243,2,1,1,2,2,1,3,3,0,0,0,0,0,3,3
244,2,1,2,2,4,2,3,3,0,0,0,1,0,2,3
245,2,1,2,3,4,3,5,3,0,1,0,1,0,1,3
246,2,2,2,2,4,3,5,3,0,0,1,0,0,2,3
247,2,1,1,1,3,2,4,2,0,0,0,0,1,2,3
248,2,2,1,1,2,1,4,3,1,0,0,0,0,1,3
249,2,2,2,2,4,2,3,3,1,0,0,1,0,3,3
250,2,1,2,3,3,3,3,3,1,0,0,0,0,2,3
251,2,4,2,2,1,1,1,3,0,0,0,1,0,2,3
252,2,1,2,2,3,2,2,3,0,0,1,1,0,3,3
253,2,1,2,2,4,4,6,3,0,1,1,1,0,2,3
254,2,1,2,2,2,1,6,4,0,0,0,1,1,3,3
255,2,1,1,2,3,1,4,3,0,0,0,0,1,2,3
256,2,1,1,2,4,3,3,3,0,0,1,1,1,2,2
257,2,1,2,1,2,2,4,3,0,0,0,1,0,3,3
258,2,1,1,2,2,2,2,3,0,0,0,1,0,3,3
259,2,1,2,2,2,1,2,3,1,0,0,0,0,2,3
260,2,1,2,2,2,1,1,3,0,0,0,0,1,3,3
261,2,1,2,2,4,3,6,3,0,0,0,0,1,3,3
262,2,1,2,3,1,3,2,3,0,1,1,1,0,2,3
263,2,1,1,3,2,1,2,3,0,0,0,0,0,1,3
264,2,1,2,2,3,2,3,3,0,0,0,0,1,3,3
265,2,1,1,2,3,1,2,3,0,1,1,1,0,3,3
266,2,1,1,1,3,2,2,3,1,0,0,1,0,3,3
267,2,1,1,1,3,3,3,3,0,0,0,0,1,1,3
268,2,1,1,3,2,1,2,3,0,0,0,1,0,3,3
269,2,4,2,3,3,3,2,3,1,0,0,1,0,2,3
270,2,1,2,2,1,1,2,3,1,0,0,0,0,2,3
271,2,1,2,2,2,1,2,3,0,0,0,1,0,3,3
272,2,1,2,2,2,2,3,3,0,0,0,1,0,3,3
273,2,1,2,3,3,2,3,3,0,0,0,0,1,2,3
274,2,1,1,2,3,3,4,3,1,0,0,1,0,2,3
275,2,1,2,2,3,1,3,3,0,0,0,0,0,3,3
276,2,2,1,2,3,3,2,3,0,0,0,1,0,2,3
277,2,5,2,3,3,2,2,3,0,0,0,0,1,3,3
278,2,1,2,2,2,2,4,3,1,0,0,1,0,3,3
279,2,1,1,3,3,2,3,3,1,0,0,0,0,2,3
280,2,1,1,2,1,1,2,3,1,0,0,0,0,2,3
281,2,1,2,3,2,2,2,3,0,0,1,1,0,3,3
282,2,1,2,3,3,2,3,3,0,0,0,1,1,3,3
283,2,4,2,2,3,3,3,3,0,0,0,0,0,3,3
284,2,1,2,2,4,3,1,3,1,0,1,1,0,3,3
285,2,5,1,2,2,3,2,1,1,0,0,0,1,2,3
286,2,1,2,3,2,2,4,2,0,0,0,0,0,3,3
287,2,1,1,2,3,3,6,3,0,0,0,1,0,3,3
288,2,1,2,3,4,2,3,3,0,0,0,1,1,3,3
289,2,1,1,2,3,2,4,3,0,0,0,1,0,3,3
290,2,1,1,1,2,2,4,3,0,0,0,0,1,3,3
291,2,1,1,2,2,2,2,3,0,0,0,1,0,2,3
292,2,1,1,1,3,4,4,1,0,0,0,1,0,2,3
293,2,1,2,2,2,2,2,3,1,0,0,0,0,2,3
294,2,3,2,3,2,2,2,4,1,0,0,1,0,3,3
295,2,1,2,3,3,3,3,3,0,0,0,0,1,1,2
296,2,1,2,2,2,1,2,3,0,0,0,0,1,2,3
297,2,4,1,2,2,1,3,3,0,0,0,1,1,3,3
298,2,4,2,1,3,4,3,1,0,0,0,1,0,3,3
299,2,1,2,1,3,2,2,3,1,0,0,1,0,2,3
300,2,1,1,3,3,3,3,3,0,0,0,0,1,3,3
301,2,3,2,1,4,2,4,3,0,0,0,1,1,2,3
302,2,1,1,2,2,2,1,3,0,0,0,0,0,3,3
303,2,1,2,2,3,2,2,3,0,0,0,0,1,2,3
304,2,1,1,2,4,2,6,3,0,0,0,1,0,3,3
305,2,1,2,1,4,3,2,3,0,0,0,1,0,3,3
306,2,1,2,1,1,1,1,3,0,0,0,0,1,2,3
307,2,1,2,2,5,3,6,3,0,0,1,1,0,2,3
308,2,1,2,2,4,2,2,3,0,0,0,0,1,3,3
309,2,1,2,1,3,3,4,3,1,0,1,0,0,2,3
310,2,1,2,2,2,1,2,3,0,0,0,1,0,3,3
311,2,1,2,2,3,3,3,3,0,0,0,0,1,3,3
312,2,1,1,1,2,-1,3,3,0,0,0,0,1,2,3
313,2,1,1,3,2,2,2,3,0,0,0,1,1,2,3
314,2,1,1,3,3,3,2,3,0,0,0,1,0,3,3
315,2,1,1,2,3,3,4,3,0,0,0,1,0,3,3
316,2,1,2,1,4,2,2,3,0,0,1,1,1,1,3
317,2,1,2,3,3,3,1,3,1,0,0,1,0,3,3
318,2,2,1,2,2,2,2,3,0,0,0,1,0,3,3
319,2,1,2,3,4,2,6,3,0,0,1,1,0,3,3
320,2,1,2,3,3,1,3,3,0,0,0,0,1,2,3
321,2,1,1,3,5,1,2,3,0,0,1,1,0,3,3
322,2,1,1,3,3,2,3,3,1,0,1,1,0,2,3
323,2,1,1,2,4,3,5,3,1,0,0,1,0,2,1
324,2,1,2,3,3,1,4,3,1,0,0,1,0,2,3
325,2,1,2,3,3,3,4,3,1,0,1,1,0,3,3
326,2,2,1,2,2,1,4,3,0,0,0,1,0,2,3
327,2,1,1,2,2,1,2,3,0,0,0,0,0,3,3
328,2,2,2,2,3,3,3,3,1,0,0,0,1,3,3
329,2,1,2,2,3,2,2,3,1,0,0,0,0,2,1
330,2,4,1,3,3,2,3,3,0,0,0,0,1,3,3
331,2,1,1,2,3,1,3,3,0,0,0,0,1,3,3
332,2,5,2,3,4,2,4,3,0,0,1,1,1,1,1
333,2,1,1,2,3,1,4,3,1,0,1,0,0,2,2
334,2,1,2,2,2,1,3,3,0,0,1,0,0,1,1
335,2,1,1,3,2,2,3,3,0,0,0,1,1,2,3
336,2,5,2,3,4,2,4,3,0,0,1,1,0,1,3
337,2,1,1,3,4,2,3,3,0,0,0,1,0,3,3
338,2,4,2,1,3,2,3,3,0,0,0,1,0,3,3
339,2,4,2,2,4,4,3,4,0,0,0,0,1,1,1
340,2,1,2,3,4,2,6,3,0,0,1,1,0,2,2
341,2,1,1,2,4,3,4,3,1,1,1,0,0,2,3
342,2,2,1,1,3,1,3,1,0,0,1,1,0,3,3
343,2,4,2,3,5,3,5,4,1,0,1,1,0,1,2
344,2,1,2,3,2,2,3,3,1,0,0,1,0,3,3
345,2,1,1,2,2,1,4,3,0,0,0,1,1,3,3
346,2,1,1,2,4,2,3,3,1,0,0,1,0,3,3
347,2,1,2,2,4,1,3,3,0,0,0,0,1,1,3
348,2,2,2,2,3,2,5,3,0,0,0,1,1,2,3
349,2,1,1,2,2,3,3,3,1,1,0,1,0,2,2
350,2,1,2,2,2,2,1,2,0,0,0,0,1,3,3
351,2,2,2,3,4,3,3,3,1,1,1,1,0,3,3
352,2,1,1,2,3,2,3,3,1,0,1,1,0,3,3
353,2,1,1,1,2,2,4,3,0,0,0,0,1,2,3
354,2,1,1,3,1,1,2,1,1,0,0,1,0,3,3
355,2,1,1,2,3,2,4,3,1,0,0,0,0,3,3
356,2,1,1,1,1,1,2,3,0,0,0,1,0,2,2
357,2,1,2,1,3,3,4,3,1,0,0,1,0,2,3
358,2,1,2,2,2,2,1,1,0,0,0,0,1,3,3
359,2,1,2,3,4,1,2,3,0,0,0,1,0,3,3
360,2,1,2,2,3,4,5,3,1,1,1,1,0,2,3
361,2,1,1,2,4,1,5,3,1,0,1,0,0,1,3
362,2,1,2,2,2,1,1,3,1,0,1,0,0,2,3
363,2,2,1,2,3,1,3,3,0,0,0,0,1,3,3
364,2,1,1,2,3,3,3,3,0,0,1,0,0,3,3
365,2,2,2,2,3,1,6,3,1,0,0,0,0,2,3
366,2,1,2,2,1,1,1,3,1,0,0,0,0,3,3
367,2,1,2,2,3,2,4,3,1,0,0,1,0,2,3
368,2,1,1,2,2,1,2,3,0,0,0,0,1,3,3
369,2,1,2,2,4,2,6,3,1,0,0,0,0,3,3
370,2,1,2,3,3,1,6,3,0,0,0,0,1,2,3
371,2,1,2,3,2,2,3,2,0,0,0,1,0,2,3
372,2,1,2,2,4,4,6,3,0,0,0,0,1,2,3
373,2,1,1,3,2,2,3,3,0,0,0,1,0,2,3
374,2,1,1,2,4,2,4,3,0,0,0,0,1,1,3
375,2,1,1,2,3,1,3,3,0,0,0,0,1,3,3
376,2,1,2,2,1,1,2,3,0,0,0,0,1,3,3
377,2,1,2,2,3,3,1,3,0,0,1,1,1,3,3
378,2,1,1,3,4,2,5,3,0,1,0,1,0,3,3
379,2,1,1,1,2,2,3,3,0,0,0,1,0,3,3
380,2,1,2,3,3,1,6,3,0,0,1,0,1,2,1
381,2,1,2,2,3,2,2,3,0,0,0,1,0,3,3
382,2,1,1,2,2,2,2,3,0,0,1,1,0,3,3
383,2,1,2,1,3,3,6,3,0,0,0,0,1,3,3
384,2,1,1,2,3,2,3,3,0,0,0,0,1,3,3
385,2,1,2,2,1,2,2,3,0,0,0,1,0,3,3
386,2,1,2,3,3,1,3,3,1,0,0,1,0,2,3
387,2,4,2,2,3,1,2,1,0,0,1,1,0,3,3
388,2,1,1,3,2,1,2,3,0,0,0,1,0,3,3
389,2,1,2,2,2,2,2,3,1,0,0,1,0,2,3
390,2,1,1,2,2,1,3,3,0,0,0,1,0,3,3
391,2,1,2,3,2,2,2,3,0,0,0,0,1,3,3
392,2,1,2,1,5,4,5,3,0,0,1,0,0,1,3
393,2,1,2,2,2,3,2,3,0,0,0,1,1,1,3
394,2,1,2,2,4,2,6,1,0,0,1,1,0,3,3
395,2,2,1,2,3,2,4,3,1,0,0,0,0,1,1
396,2,1,1,2,3,3,3,1,0,0,0,0,1,2,3
397,2,4,2,2,3,-1,2,3,0,0,0,1,0,2,2
398,2,1,1,2,5,2,6,3,0,0,0,0,1,3,3
399,2,1,2,3,3,1,1,3,0,0,0,1,0,3,3
400,2,5,2,2,3,3,2,3,1,0,1,1,0,3,3
401,2,1,2,2,2,2,2,3,0,0,0,1,0,3,3
402,2,1,1,1,4,3,4,3,0,0,0,1,0,3,3
403,2,1,1,1,3,1,4,3,0,0,0,1,1,2,3
404,2,1,2,1,3,3,3,3,0,0,0,1,0,3,3
405,2,1,2,3,4,2,3,3,1,0,0,0,0,3,3
406,2,1,1,1,3,3,4,3,0,0,1,1,0,2,3
407,2,5,1,2,4,3,4,3,0,1,0,1,1,2,3
408,2,1,2,2,2,3,2,3,1,0,0,0,0,2,3
409,2,1,2,3,3,3,2,3,0,1,0,1,0,2,3
410,2,4,2,3,3,2,1,3,0,0,0,0,1,2,3
411,2,1,2,2,3,3,4,3,0,1,0,1,0,1,3
412,2,1,1,2,4,3,4,3,0,0,0,1,1,1,1
413,2,1,2,3,4,3,5,3,0,0,0,0,0,2,3
414,2,1,2,3,4,1,6,3,0,1,0,1,0,2,3
415,2,1,2,3,3,2,3,3,1,0,0,0,0,1,3
416,2,1,1,3,3,1,2,3,0,0,0,0,0,3,3
417,2,1,2,2,3,2,2,3,1,0,0,0,0,3,3
418,2,1,2,2,2,2,2,3,0,0,0,0,1,3,2
419,2,2,2,1,2,2,2,3,0,0,0,0,0,3,3
420,2,1,1,3,2,1,3,3,0,0,0,0,1,3,3
421,2,1,2,3,4,1,4,3,0,0,0,0,0,2,3
422,2,1,2,3,4,3,4,3,0,0,0,1,0,3,3
423,2,1,1,1,2,2,2,2,0,0,0,0,1,3,3
424,2,1,2,3,2,1,2,3,0,0,0,0,1,3,3
425,2,1,1,2,2,1,2,3,0,0,0,1,1,3,3
426,2,1,1,2,2,2,6,1,0,0,0,0,1,3,3
427,2,1,1,3,3,1,2,2,0,0,0,0,1,3,3
428,2,1,2,2,3,2,3,3,1,1,0,1,0,1,3
429,2,1,2,1,3,2,4,3,0,0,0,1,0,2,3
430,2,1,2,2,1,2,1,2,0,0,0,0,0,3,3
431,2,1,2,2,4,3,3,2,0,0,0,1,0,3,2
432,2,4,2,1,4,3,4,3,1,0,0,0,0,3,3
433,2,1,2,1,3,1,2,3,1,0,1,1,0,2,-1
434,2,1,2,2,3,1,4,3,0,0,0,0,1,3,3
435,2,3,2,3,3,2,3,3,1,0,0,0,0,2,3
436,2,1,2,2,2,1,3,2,1,0,0,1,0,3,3
437,2,1,1,2,4,3,2,3,0,0,1,1,0,2,3
438,2,1,1,2,2,1,2,2,0,0,0,1,1,3,3
439,2,2,2,2,3,2,5,1,1,0,0,1,0,2,3
440,2,1,2,2,3,3,3,3,0,1,0,1,0,2,3
441,2,1,2,2,3,2,1,3,0,0,1,1,0,2,2
442,2,1,1,3,4,2,2,3,1,1,1,1,0,2,3
443,2,1,2,1,3,3,3,3,0,0,0,0,1,3,3
444,2,1,1,2,3,3,1,3,0,0,0,0,1,2,3
445,2,2,1,2,4,2,6,4,0,0,0,0,1,3,3
446,2,1,1,2,4,2,3,3,0,0,0,0,1,2,3
447,2,1,1,2,1,2,4,1,0,0,0,1,0,2,3
448,2,1,1,1,2,3,2,3,0,0,0,1,0,3,3
449,2,1,1,3,5,1,1,4,0,0,0,0,1,1,1
450,2,1,1,1,2,1,2,3,0,0,0,1,1,3,3
451,2,2,2,2,2,1,3,3,0,1,1,0,0,2,3
452,2,1,2,2,2,1,2,3,0,0,0,1,0,3,3
453,2,1,2,2,2,1,2,3,0,0,0,0,1,2,3
454,2,1,2,3,3,2,6,3,0,0,0,0,0,3,3
455,2,1,2,1,2,3,3,3,1,0,0,0,0,2,3
456,2,2,2,3,3,2,4,3,0,1,1,0,0,1,3
457,2,1,2,2,3,2,3,3,1,0,0,0,0,2,3
458,2,1,2,2,1,-1,4,3,0,0,0,1,0,1,3
459,2,1,2,1,2,1,4,3,0,0,0,1,0,3,3
460,2,1,2,3,2,1,2,3,0,0,1,1,0,2,3
461,2,1,2,1,3,1,3,3,0,0,0,0,1,2,3
462,2,1,1,3,4,3,3,3,1,0,1,1,0,2,1
463,2,1,1,3,2,3,3,3,1,0,1,1,0,2,3
464,2,4,2,1,1,2,3,2,1,0,0,0,0,3,3
465,2,1,1,2,4,1,4,3,0,0,1,0,0,1,1
466,2,4,1,1,3,3,3,3,0,0,0,1,0,3,3
467,2,2,1,3,4,-1,3,3,1,0,1,0,0,3,3
468,2,1,1,1,3,2,5,3,0,0,1,0,0,3,3
469,2,1,2,2,2,2,2,3,0,0,0,1,1,3,3
470,2,3,1,3,4,3,4,3,0,0,0,0,0,3,3
471,2,1,1,2,3,3,3,3,0,0,0,1,0,3,3
472,2,1,2,2,1,1,1,2,1,0,0,0,0,3,3
473,2,1,2,2,2,1,3,3,0,0,0,0,1,3,3
474,2,4,1,2,2,1,2,3,0,0,0,0,1,3,3
475,2,2,1,2,3,2,4,3,0,0,0,0,0,3,3
476,2,1,2,1,4,1,6,3,0,0,0,0,1,2,3
477,2,1,2,3,4,3,3,3,1,0,0,0,1,1,3
478,2,1,1,1,2,1,2,3,0,0,0,1,0,3,3
479,2,1,2,2,2,1,1,3,1,0,0,0,0,2,3
480,2,1,1,3,4,2,3,3,0,0,1,1,0,3,3
481,2,1,1,3,2,1,6,3,0,0,0,0,1,3,3
482,2,1,1,2,4,1,3,3,0,0,1,0,1,2,3
483,2,1,2,2,2,2,3,3,1,0,0,0,1,3,3
484,2,1,1,1,3,2,5,3,0,0,0,0,1,3,3
485,2,1,1,2,3,4,2,3,1,0,0,0,0,1,3
486,2,1,1,3,2,1,2,3,0,0,0,1,1,2,3
487,2,4,2,2,4,4,4,3,1,0,0,1,0,2,3
488,2,4,2,2,2,1,3,3,0,0,0,0,1,2,3
489,2,1,1,2,2,2,2,3,0,0,0,1,0,3,3
490,2,4,2,2,2,2,-1,3,0,0,0,0,1,3,3
491,2,1,1,3,5,3,3,3,1,0,1,0,1,1,1
492,2,2,2,2,3,1,3,3,0,0,0,1,0,3,3
493,2,1,1,2,3,1,3,3,0,0,0,1,0,3,3
494,2,1,2,2,2,2,-1,3,0,0,0,0,1,2,3
495,2,1,2,1,4,4,4,3,0,0,0,0,0,3,3
496,2,3,1,3,2,1,4,2,0,0,0,1,1,2,3
497,2,1,1,2,4,3,3,3,0,0,0,1,0,2,3
498,2,1,1,2,3,2,6,3,1,0,0,0,0,3,3
499,2,1,1,2,2,2,1,3,1,0,1,0,0,3,3
500,2,1,1,2,4,3,4,3,0,0,1,1,1,2,3
501,2,1,2,2,2,1,2,3,0,0,0,1,0,3,3
502,2,1,1,2,3,1,2,3,0,0,0,1,0,3,3
503,2,1,1,2,2,1,2,3,0,0,0,0,1,3,3
504,2,1,2,2,2,1,4,3,0,0,0,0,1,3,3
505,2,1,1,1,3,2,3,3,0,0,1,1,0,2,3
506,2,1,1,2,3,3,4,3,0,0,1,1,0,2,3
507,2,1,1,1,2,1,2,3,0,0,0,1,1,2,3
508,2,1,1,3,3,2,3,2,0,0,0,0,0,3,3
509,2,1,2,2,4,4,6,3,0,0,0,1,0,3,3
510,2,1,1,3,2,2,3,3,0,0,0,1,1,3,3
511,2,5,1,3,3,4,4,3,1,0,0,0,1,3,3
512,2,1,2,2,3,2,3,3,1,0,0,1,0,2,3
513,2,1,2,1,2,2,2,3,0,0,1,1,1,3,3
514,2,1,2,2,2,1,1,3,0,0,0,1,0,3,3
515,2,1,1,2,3,1,2,1,0,0,0,0,1,3,3
516,2,1,2,1,3,2,3,3,0,0,0,0,1,2,3
517,2,2,2,1,1,1,4,3,0,0,1,1,1,3,3
518,2,1,1,3,3,2,4,3,0,0,0,0,1,2,3
519,2,1,1,2,5,1,3,1,0,0,0,0,1,1,3
520,2,1,1,1,2,2,2,3,0,0,0,0,0,2,3
521,2,1,1,2,2,1,3,2,0,0,0,1,1,2,3
522,2,1,2,1,4,2,4,1,1,0,0,0,0,3,3
523,2,1,2,2,2,1,2,3,0,0,0,1,0,3,3
524,2,1,2,2,2,1,4,2,0,0,0,0,1,2,3
525,2,1,1,1,2,1,3,3,0,0,0,0,1,3,3
526,2,1,2,2,2,2,3,1,0,0,0,0,0,2,3
527,2,1,2,3,3,2,4,3,0,0,0,0,1,2,3
528,2,1,1,1,2,1,3,1,0,0,0,0,1,3,3
529,2,1,2,3,3,3,6,3,0,0,0,0,1,2,3
530,2,1,1,1,2,1,2,3,0,0,1,0,0,2,3
531,2,1,1,1,2,1,4,1,1,0,1,0,0,2,3
532,2,1,1,3,3,1,4,3,0,0,0,1,0,2,3
533,2,1,2,2,2,2,2,3,0,0,0,0,1,2,3
534,2,1,2,2,3,3,2,3,0,0,1,1,0,2,2
535,2,1,1,3,1,1,1,3,0,0,0,1,0,3,3
536,2,1,2,2,3,1,2,3,0,0,0,1,0,2,3
537,2,1,2,1,3,3,2,2,0,0,0,1,0,2,3
538,2,3,2,3,3,2,4,3,0,0,0,1,1,3,3
539,2,1,2,1,2,2,3,3,0,0,0,1,0,3,3
540,2,1,2,3,4,2,2,3,0,0,1,1,0,-1,3
541,2,1,1,3,3,3,2,3,0,0,0,0,1,3,3
542,2,1,2,2,4,1,1,3,1,0,0,1,0,2,3
543,2,1,2,2,4,3,2,3,0,0,1,0,0,2,3
544,2,1,2,3,2,3,3,2,0,0,0,1,0,3,3
545,2,1,1,2,3,3,4,3,0,0,1,1,0,2,3
546,2,4,1,2,3,4,3,3,1,0,1,1,0,2,3
547,2,1,1,2,2,1,1,3,0,0,0,1,1,2,3
548,2,1,1,3,3,1,1,3,0,0,0,0,1,1,3
549,2,1,2,1,2,1,1,3,0,0,0,0,1,3,3
550,2,4,2,3,4,3,4,4,0,1,1,1,0,2,3
551,2,1,2,3,3,3,3,3,1,0,1,1,1,2,3
552,2,1,1,2,2,2,2,3,0,0,0,1,0,3,3
553,2,1,2,3,4,4,4,3,0,0,1,0,1,2,1
554,2,1,2,2,3,2,2,3,0,0,0,0,1,2,3
555,2,1,2,1,3,2,3,3,0,0,0,0,1,3,3
556,2,1,1,3,3,2,3,3,0,0,0,0,1,3,3
557,2,1,2,1,3,3,6,3,0,0,0,1,0,3,3
558,2,1,1,2,5,4,3,3,1,0,1,0,0,2,3
559,2,1,1,2,2,2,6,3,1,0,0,0,0,3,3
560,2,1,1,2,2,2,3,2,0,0,0,1,0,3,3
561,2,1,1,2,3,1,3,2,0,0,0,0,0,3,3
562,2,1,2,1,2,1,4,3,0,0,0,0,1,2,3
563,2,1,1,2,2,2,3,3,0,0,0,0,1,2,2
564,2,3,2,2,2,1,3,3,0,0,0,0,1,2,3
565,2,1,2,3,4,1,1,3,0,0,0,1,0,3,3
566,2,1,1,3,3,2,2,3,0,0,0,0,1,3,3
567,2,1,2,2,3,3,4,3,1,1,1,1,0,1,3
568,2,1,2,3,2,1,1,3,1,0,0,1,0,2,3
569,2,2,1,2,2,2,2,3,0,0,1,1,0,2,3
570,2,2,2,2,3,3,4,3,0,0,0,0,1,3,3
571,2,1,2,2,2,2,1,3,1,0,0,0,0,2,3
572,2,1,2,3,2,2,2,3,0,0,0,1,1,3,3
573,2,1,2,2,4,1,2,3,0,0,1,1,0,2,3
574,2,1,2,2,2,2,4,3,0,0,0,0,1,2,3
575,2,1,2,2,3,3,3,3,0,0,0,1,1,2,3
576,2,2,1,3,5,2,5,3,0,0,0,0,1,1,1
577,2,1,2,2,3,2,4,3,0,0,0,0,1,3,3
578,2,1,1,2,2,2,1,3,0,0,0,1,0,3,3
579,2,1,1,3,3,3,3,3,0,0,0,0,1,3,1
580,2,4,2,2,3,3,3,3,1,0,0,0,0,3,3
581,2,1,2,2,2,2,1,3,0,0,0,0,1,1,3
582,2,5,1,3,4,2,2,3,1,0,1,0,1,2,3
583,2,1,1,2,3,2,3,3,0,0,0,0,1,2,3
584,2,2,2,3,3,2,4,3,0,1,0,0,1,3,3
585,2,1,2,2,3,3,6,3,0,0,0,0,1,3,3
586,2,1,2,2,2,2,2,3,0,0,0,0,1,1,1
587,2,1,2,2,4,3,4,3,0,0,0,1,1,3,3
588,2,5,1,3,3,2,2,3,1,0,0,1,0,3,3
589,2,1,2,1,2,2,3,2,0,0,0,0,1,2,2
590,2,1,2,1,2,1,2,3,1,0,0,1,0,2,3
591,2,1,2,2,3,1,1,3,0,0,0,0,1,3,3
592,2,1,2,2,3,2,3,3,0,0,0,0,1,2,3
593,2,1,2,1,3,3,3,3,0,0,0,1,0,2,3
594,2,1,2,1,2,2,6,3,0,0,0,1,0,3,3
595,2,2,1,2,1,1,1,3,0,0,0,0,0,3,3
596,2,1,1,2,4,4,4,3,1,0,1,1,1,2,3
597,2,1,2,3,3,3,4,3,0,0,0,1,1,2,3
598,2,1,1,2,3,2,5,2,0,0,0,1,0,3,3
599,2,1,1,2,4,2,3,1,0,0,1,0,0,2,3
600,2,1,2,1,3,1,1,3,1,0,0,0,0,1,3
601,2,1,2,3,3,1,2,3,0,0,0,0,1,2,3
602,2,1,2,2,3,2,2,2,0,0,0,1,0,3,3
603,2,1,1,1,1,1,2,1,0,0,0,1,0,3,3
604,2,1,1,3,2,1,3,3,0,0,0,1,0,3,3
605,2,1,2,3,3,2,2,3,1,0,0,0,0,3,3
606,2,1,1,1,2,1,2,3,0,0,0,1,0,2,3
607,2,1,2,1,1,1,1,3,0,0,0,1,0,3,3
608,2,3,1,1,2,2,2,1,0,0,0,1,1,3,3
609,2,1,2,3,4,5,6,3,0,0,0,0,1,3,2
610,2,1,2,1,2,1,2,2,0,0,0,0,1,3,3
611,2,1,1,2,3,2,3,2,0,0,1,1,1,2,2
612,2,1,1,2,2,2,2,3,1,0,0,1,0,3,3
613,2,1,2,2,3,2,2,3,0,0,0,0,1,2,3
614,2,1,2,2,2,2,2,3,0,0,1,1,0,2,3
615,2,2,2,1,3,2,3,2,0,0,0,0,1,3,3
616,2,1,2,2,2,1,2,3,1,0,0,1,0,2,3
617,2,1,2,2,4,1,5,3,0,0,0,0,1,2,3
618,2,4,1,2,4,3,6,3,1,0,1,0,0,2,3
619,2,1,2,3,4,3,3,3,0,0,0,1,0,1,-1
620,2,1,2,3,3,3,3,4,0,0,0,0,1,1,3
621,2,1,1,2,2,1,2,3,0,0,0,1,0,3,3
622,2,4,1,1,3,2,3,3,0,0,0,1,0,3,3
623,2,1,1,1,3,-1,-1,2,0,0,0,1,1,1,2
624,2,1,2,2,3,2,3,3,0,0,0,0,1,2,1
625,2,1,2,2,2,2,1,3,0,0,0,1,0,3,3
626,2,1,1,2,2,2,2,3,0,0,1,0,0,2,3
627,2,1,2,3,5,2,4,3,0,0,1,1,0,2,3
628,2,1,1,2,3,2,2,1,0,0,0,0,1,3,3
629,2,1,1,2,5,4,3,3,0,0,1,1,1,2,3
630,2,1,2,3,4,4,5,3,1,0,1,1,0,2,3
631,2,1,2,2,2,1,1,3,0,0,0,1,1,2,3
632,2,4,2,2,2,1,3,3,1,0,0,0,0,3,3
633,2,1,2,2,3,2,2,3,0,0,1,1,0,1,3
634,2,1,1,3,2,1,2,3,0,0,0,1,1,3,3
635,2,1,1,1,4,3,4,3,0,0,0,0,1,2,3
636,2,1,2,2,2,3,2,3,1,0,0,1,0,2,2
637,2,1,1,3,4,3,3,3,0,0,1,1,1,3,3
638,2,1,1,2,3,3,2,3,0,0,0,0,1,2,3
639,2,1,1,1,2,3,6,3,0,0,1,0,0,3,3
640,2,1,2,1,3,1,3,4,0,0,0,0,1,2,3
641,2,1,1,3,3,3,2,3,0,1,0,1,1,2,2
642,2,1,1,2,3,1,6,3,0,0,1,1,1,2,3
643,2,3,1,2,5,4,5,3,0,0,0,1,1,3,3
644,2,4,1,3,4,1,3,3,0,1,1,0,0,2,3
645,2,1,2,1,1,-1,1,3,0,0,0,0,0,2,3
646,2,1,1,2,3,3,6,3,0,0,0,1,0,3,3
647,2,1,2,3,2,2,2,2,1,0,0,0,1,2,3
648,2,1,1,3,4,3,2,3,0,0,1,0,1,2,3
649,2,4,2,1,3,2,5,4,1,0,0,0,0,3,3
650,2,1,2,1,3,2,4,2,1,0,0,1,1,2,3
651,2,3,1,1,1,1,2,2,0,0,0,1,0,2,3
652,2,2,2,1,4,3,4,3,0,0,0,0,1,2,3
653,2,1,1,2,4,2,1,2,1,0,0,1,1,2,3
654,2,1,1,2,4,2,3,3,0,0,0,0,1,3,3
655,2,1,2,3,3,2,3,3,1,0,0,1,1,2,3
656,2,1,1,3,2,2,4,1,0,0,0,0,1,3,3
657,2,1,1,3,3,1,1,3,0,1,0,1,0,3,3
658,2,1,2,2,3,2,4,3,0,0,0,0,1,3,3
659,2,1,1,3,4,3,6,3,0,0,0,0,0,2,3
660,2,1,2,3,3,2,5,3,1,0,0,0,1,2,3
661,2,2,2,2,-1,3,5,3,0,0,0,1,0,3,-1
662,2,1,1,2,2,2,5,2,0,0,1,1,0,3,3
663,2,1,2,2,2,1,2,3,0,0,0,1,1,2,3
664,2,1,1,2,2,1,2,3,0,0,0,0,0,2,3
665,2,1,2,1,2,1,2,3,1,0,0,0,0,2,3
666,2,2,2,3,3,1,3,3,0,0,0,0,1,2,3
667,2,1,2,1,2,2,2,3,0,0,0,0,1,3,3
668,2,1,1,3,3,3,3,3,1,0,0,1,0,2,3
669,2,3,1,3,4,4,4,3,1,0,0,0,0,2,3
670,2,1,2,2,3,1,4,3,0,0,1,1,0,2,1
671,2,1,2,3,2,2,3,3,1,0,0,0,0,2,3
672,2,1,1,3,3,2,3,3,0,0,0,1,0,3,3
673,2,1,2,2,3,2,3,3,0,0,0,0,1,2,3
674,2,1,2,2,2,1,2,3,1,0,0,1,0,3,3
675,2,1,1,3,2,3,2,3,1,0,0,1,0,1,1
676,2,1,2,2,3,1,2,3,0,0,1,0,0,1,1
677,2,1,2,2,3,2,3,3,0,0,1,0,0,2,3
678,2,1,2,1,2,2,3,1,1,0,0,0,0,3,3
679,2,1,2,2,3,2,2,3,0,0,0,0,1,2,3
680,2,1,2,3,4,3,4,3,1,0,1,1,0,3,1
681,2,1,1,2,2,1,1,3,0,0,1,1,0,3,3
682,2,1,2,3,3,3,4,3,0,0,1,1,0,2,3
683,2,1,2,3,5,2,3,4,0,0,1,1,0,1,1
684,2,5,2,2,3,1,2,1,1,0,1,0,0,3,3
685,2,4,2,2,4,3,5,3,1,0,1,0,0,3,3
686,2,1,1,2,3,3,3,3,0,0,1,0,1,2,3
687,2,5,2,2,3,3,6,3,0,0,1,1,0,2,3
688,2,3,1,2,2,1,2,2,0,0,0,0,1,3,3
689,2,1,2,1,1,1,2,3,1,0,0,0,0,2,3
690,2,1,1,2,3,3,4,3,0,0,0,0,1,2,3
691,2,3,1,1,3,2,3,3,0,0,0,0,1,3,3
692,2,1,2,3,4,3,3,3,0,0,0,0,1,2,3
693,2,1,2,3,3,2,3,3,0,0,0,0,1,3,3
694,2,1,1,2,3,2,4,3,0,0,0,1,0,3,3
695,2,1,1,2,2,2,2,3,0,0,0,0,1,3,3
696,2,1,1,2,3,2,4,3,0,0,0,0,1,3,3
697,2,1,2,2,3,3,3,3,0,1,1,0,1,1,3
698,2,1,1,2,3,2,2,1,1,0,1,1,0,2,3
699,2,1,2,2,2,2,2,3,0,0,0,0,1,3,3
700,2,1,1,2,3,1,3,3,0,0,0,0,1,1,1
701,2,1,1,1,4,3,5,3,0,0,1,1,0,3,3
702,2,1,2,2,2,1,2,3,0,0,0,0,1,3,3
703,2,1,2,3,2,2,2,3,0,0,1,1,1,2,2
704,2,1,2,1,1,1,2,2,0,0,0,1,0,2,3
705,2,2,1,3,3,2,6,1,0,0,1,1,0,2,3
706,2,1,2,2,2,1,2,3,0,0,0,0,0,3,3
707,2,1,1,1,2,2,6,3,0,0,0,1,1,3,3
708,2,1,2,3,3,3,2,3,1,0,0,0,1,2,3
709,2,1,2,3,2,2,2,3,1,0,0,1,0,3,3
710,2,1,2,3,3,2,2,3,0,0,1,0,0,2,3
711,2,1,2,2,3,1,4,3,0,0,1,1,1,2,3
712,2,5,1,2,4,1,6,3,0,0,0,0,1,3,3
713,2,1,2,2,3,3,3,3,1,0,1,1,0,2,2
714,2,1,2,2,2,1,2,2,0,0,0,0,1,3,3
