variable,source_variable,derived,selected_for_participant,role,type,demographic,description,units,official_missing_values,raw_missing_code,participant_missing_representation,categorical_value_labels,weighting_variable,risk_flags,risk_note,definition_source
encounter_id,encounter_id,False,True,ID,,,Unique identifier of an encounter,,no,,,[],False,leakage,Identifier; exclude from model predictors.,UCI API metadata for dataset 296
patient_nbr,patient_nbr,False,False,ID,,,Unique identifier of a patient,,no,,,[],False,leakage,Patient identifier; repeated patients can cross validation folds. Excluded from participant file.,UCI API metadata for dataset 296
race,race,False,True,Feature,Categorical,Race,"Values: Caucasian, Asian, African American, Hispanic, and other",,yes,?,blank/NA,"{""Caucasian"": ""Caucasian"", ""Asian"": ""Asian"", ""AfricanAmerican"": ""African American"", ""Hispanic"": ""Hispanic"", ""Other"": ""other""}",False,proxy_discrimination|confounding,Sensitive demographic attribute. Audit subgroup performance and avoid causal interpretation without design justification.,UCI API metadata for dataset 296
gender,gender,False,True,Feature,Categorical,Gender,"Values: male, female, and unknown/invalid",,no,,,"{""Male"": ""male"", ""Female"": ""female"", ""Unknown/Invalid"": ""unknown/invalid""}",False,proxy_discrimination|confounding,Sensitive demographic attribute with an Unknown/Invalid category in the source.,UCI API metadata for dataset 296
age,age,False,True,Feature,Categorical,Age,"Grouped in 10-year intervals: [0, 10), [10, 20),..., [90, 100)",,no,,,"{""[0-10)"": ""age 0 to less than 10 years"", ""[10-20)"": ""age 10 to less than 20 years"", ""[20-30)"": ""age 20 to less than 30 years"", ""[30-40)"": ""age 30 to less than 40 years"", ""[40-50)"": ""age 40 to less than 50 years"", ""[50-60)"": ""age 50 to less than 60 years"", ""[60-70)"": ""age 60 to less than 70 years"", ""[70-80)"": ""age 70 to less than 80 years"", ""[80-90)"": ""age 80 to less than 90 years"", ""[90-100)"": ""age 90 to less than 100 years""}",False,proxy_discrimination|confounding,Demographic attribute and strong clinical risk factor; may also proxy protected status.,UCI API metadata for dataset 296
weight,weight,False,False,Feature,Categorical,,Weight in pounds.,,yes,?,blank/NA,[],False,,,UCI API metadata for dataset 296
admission_type_id,admission_type_id,False,True,Feature,Categorical,,"Integer identifier corresponding to 9 distinct values, for example, emergency, urgent, elective, newborn, and not available",,no,,,"{""1"": ""Emergency"", ""2"": ""Urgent"", ""3"": ""Elective"", ""4"": ""Newborn"", ""5"": ""Not Available"", ""6"": ""NULL"", ""7"": ""Trauma Center"", ""8"": ""Not Mapped""}",False,,,UCI IDS_mapping.csv
discharge_disposition_id,discharge_disposition_id,False,True,Feature,Categorical,,"Integer identifier corresponding to 29 distinct values, for example, discharged to home, expired, and not available",,no,,,"{""1"": ""Discharged to home"", ""2"": ""Discharged/transferred to another short term hospital"", ""3"": ""Discharged/transferred to SNF"", ""4"": ""Discharged/transferred to ICF"", ""5"": ""Discharged/transferred to another type of inpatient care institution"", ""6"": ""Discharged/transferred to home with home health service"", ""7"": ""Left AMA"", ""8"": ""Discharged/transferred to home under care of Home IV provider"", ""9"": ""Admitted as an inpatient to this hospital"", ""10"": ""Neonate discharged to another hospital for neonatal aftercare"", ""11"": ""Expired"", ""12"": ""Still patient or expected to return for outpatient services"", ""13"": ""Hospice / home"", ""14"": ""Hospice / medical facility"", ""15"": ""Discharged/transferred within this institution to Medicare approved swing bed"", ""16"": ""Discharged/transferred/referred another institution for outpatient services"", ""17"": ""Discharged/transferred/referred to this institution for outpatient services"", ""18"": ""NULL"", ""19"": ""Expired at home. Medicaid only, hospice."", ""20"": ""Expired in a medical facility. Medicaid only, hospice."", ""21"": ""Expired, place unknown. Medicaid only, hospice."", ""22"": ""Discharged/transferred to another rehab fac including rehab units of a hospital ."", ""23"": ""Discharged/transferred to a long term care hospital."", ""24"": ""Discharged/transferred to a nursing facility certified under Medicaid but not certified under Medicare."", ""25"": ""Not Mapped"", ""26"": ""Unknown/Invalid"", ""30"": ""Discharged/transferred to another Type of Health Care Institution not Defined Elsewhere"", ""27"": ""Discharged/transferred to a federal health care facility."", ""28"": ""Discharged/transferred/referred to a psychiatric hospital of psychiatric distinct part unit of a hospital"", ""29"": ""Discharged/transferred to a Critical Access Hospital (CAH).""}",False,post_outcome_measurement|leakage,"Known at discharge, not at admission; includes death/hospice destinations. Prediction-time availability must be explicit.",UCI IDS_mapping.csv
admission_source_id,admission_source_id,False,True,Feature,Categorical,,"Integer identifier corresponding to 21 distinct values, for example, physician referral, emergency room, and transfer from a hospital",,no,,,"{""1"": ""Physician Referral"", ""2"": ""Clinic Referral"", ""3"": ""HMO Referral"", ""4"": ""Transfer from a hospital"", ""5"": ""Transfer from a Skilled Nursing Facility (SNF)"", ""6"": ""Transfer from another health care facility"", ""7"": ""Emergency Room"", ""8"": ""Court/Law Enforcement"", ""9"": ""Not Available"", ""10"": ""Transfer from critial access hospital"", ""11"": ""Normal Delivery"", ""12"": ""Premature Delivery"", ""13"": ""Sick Baby"", ""14"": ""Extramural Birth"", ""15"": ""Not Available"", ""17"": ""NULL"", ""18"": ""Transfer From Another Home Health Agency"", ""19"": ""Readmission to Same Home Health Agency"", ""20"": ""Not Mapped"", ""21"": ""Unknown/Invalid"", ""22"": ""Transfer from hospital inpt/same fac reslt in a sep claim"", ""23"": ""Born inside this hospital"", ""24"": ""Born outside this hospital"", ""25"": ""Transfer from Ambulatory Surgery Center"", ""26"": ""Transfer from Hospice""}",False,,,UCI IDS_mapping.csv
time_in_hospital,time_in_hospital,False,True,Feature,Integer,,Integer number of days between admission and discharge,,no,,,[],False,post_outcome_measurement,Complete length of stay is known only at discharge.,UCI API metadata for dataset 296
payer_code,payer_code,False,False,Feature,Categorical,,"Integer identifier corresponding to 23 distinct values, for example, Blue Cross/Blue Shield, Medicare, and self-pay",,yes,?,blank/NA,[],False,,,UCI API metadata for dataset 296
medical_specialty,medical_specialty,False,True,Feature,Categorical,,"Integer identifier of a specialty of the admitting physician, corresponding to 84 distinct values, for example, cardiology, internal medicine, family/general practice, and surgeon",,yes,?,blank/NA,[],False,,,UCI API metadata for dataset 296
num_lab_procedures,num_lab_procedures,False,True,Feature,Integer,,Number of lab tests performed during the encounter,,no,,,[],False,post_outcome_measurement|confounding,Accumulates during the encounter and may reflect illness severity and care intensity.,UCI API metadata for dataset 296
num_procedures,num_procedures,False,True,Feature,Integer,,Number of procedures (other than lab tests) performed during the encounter,,no,,,[],False,post_outcome_measurement|confounding,Accumulates during the encounter and may reflect illness severity and care intensity.,UCI API metadata for dataset 296
num_medications,num_medications,False,True,Feature,Integer,,Number of distinct generic names administered during the encounter,,no,,,[],False,post_outcome_measurement|confounding,Encounter-level treatment intensity may reflect severity and care decisions.,UCI API metadata for dataset 296
number_outpatient,number_outpatient,False,True,Feature,Integer,,Number of outpatient visits of the patient in the year preceding the encounter,,no,,,[],False,,,UCI API metadata for dataset 296
number_emergency,number_emergency,False,True,Feature,Integer,,Number of emergency visits of the patient in the year preceding the encounter,,no,,,[],False,,,UCI API metadata for dataset 296
number_inpatient,number_inpatient,False,True,Feature,Integer,,Number of inpatient visits of the patient in the year preceding the encounter,,no,,,[],False,,,UCI API metadata for dataset 296
diag_1,diag_1,False,False,Feature,Categorical,,The primary diagnosis (coded as first three digits of ICD9); 848 distinct values,,yes,?,blank/NA,[],False,,,UCI API metadata for dataset 296
diag_2,diag_2,False,False,Feature,Categorical,,Secondary diagnosis (coded as first three digits of ICD9); 923 distinct values,,yes,?,blank/NA,[],False,,,UCI API metadata for dataset 296
diag_3,diag_3,False,False,Feature,Categorical,,Additional secondary diagnosis (coded as first three digits of ICD9); 954 distinct values,,yes,?,blank/NA,[],False,,,UCI API metadata for dataset 296
number_diagnoses,number_diagnoses,False,True,Feature,Integer,,Number of diagnoses entered to the system,,no,,,[],False,,,UCI API metadata for dataset 296
max_glu_serum,max_glu_serum,False,True,Feature,Categorical,,"Indicates the range of the result or if the test was not taken. Values: >200, >300, normal, and none if not measured",,no,,,"{""None"": ""test was not taken"", ""Norm"": ""normal"", "">200"": ""greater than 200"", "">300"": ""greater than 300""}",False,post_outcome_measurement|confounding,Measured during the encounter; None means the test was not taken.,UCI API metadata for dataset 296
A1Cresult,A1Cresult,False,True,Feature,Categorical,,"Indicates the range of the result or if the test was not taken. Values: >8 if the result was greater than 8%, >7 if the result was greater than 7% but less than 8%, normal if the result was less than 7%, and none if not measured.",,no,,,"{""None"": ""test was not taken"", ""Norm"": ""less than 7%"", "">7"": ""greater than 7% and less than 8%"", "">8"": ""greater than 8%""}",False,post_outcome_measurement|confounding,Measured during the encounter; testing is a care-process decision and None means not measured.,UCI API metadata for dataset 296
metformin,metformin,False,False,Feature,Categorical,,"The feature indicates whether the drug was prescribed or there was a change in the dosage. Values: up if the dosage was increased during the encounter, down if the dosage was decreased, steady if the dosage did not change, and no if the drug was not prescribed",,no,,,"{""No"": ""drug was not prescribed"", ""Steady"": ""drug was prescribed and dosage did not change"", ""Up"": ""dosage was increased during the encounter"", ""Down"": ""dosage was decreased during the encounter""}",False,,,UCI API metadata for dataset 296
repaglinide,repaglinide,False,False,Feature,Categorical,,"The feature indicates whether the drug was prescribed or there was a change in the dosage. Values: up if the dosage was increased during the encounter, down if the dosage was decreased, steady if the dosage did not change, and no if the drug was not prescribed",,no,,,"{""No"": ""drug was not prescribed"", ""Steady"": ""drug was prescribed and dosage did not change"", ""Up"": ""dosage was increased during the encounter"", ""Down"": ""dosage was decreased during the encounter""}",False,,,UCI API metadata for dataset 296
nateglinide,nateglinide,False,False,Feature,Categorical,,"The feature indicates whether the drug was prescribed or there was a change in the dosage. Values: up if the dosage was increased during the encounter, down if the dosage was decreased, steady if the dosage did not change, and no if the drug was not prescribed",,no,,,"{""No"": ""drug was not prescribed"", ""Steady"": ""drug was prescribed and dosage did not change"", ""Up"": ""dosage was increased during the encounter"", ""Down"": ""dosage was decreased during the encounter""}",False,,,UCI API metadata for dataset 296
chlorpropamide,chlorpropamide,False,False,Feature,Categorical,,"The feature indicates whether the drug was prescribed or there was a change in the dosage. Values: up if the dosage was increased during the encounter, down if the dosage was decreased, steady if the dosage did not change, and no if the drug was not prescribed",,no,,,"{""No"": ""drug was not prescribed"", ""Steady"": ""drug was prescribed and dosage did not change"", ""Up"": ""dosage was increased during the encounter"", ""Down"": ""dosage was decreased during the encounter""}",False,,,UCI API metadata for dataset 296
glimepiride,glimepiride,False,False,Feature,Categorical,,"The feature indicates whether the drug was prescribed or there was a change in the dosage. Values: up if the dosage was increased during the encounter, down if the dosage was decreased, steady if the dosage did not change, and no if the drug was not prescribed",,no,,,"{""No"": ""drug was not prescribed"", ""Steady"": ""drug was prescribed and dosage did not change"", ""Up"": ""dosage was increased during the encounter"", ""Down"": ""dosage was decreased during the encounter""}",False,,,UCI API metadata for dataset 296
acetohexamide,acetohexamide,False,False,Feature,Categorical,,"The feature indicates whether the drug was prescribed or there was a change in the dosage. Values: up if the dosage was increased during the encounter, down if the dosage was decreased, steady if the dosage did not change, and no if the drug was not prescribed",,no,,,"{""No"": ""drug was not prescribed"", ""Steady"": ""drug was prescribed and dosage did not change"", ""Up"": ""dosage was increased during the encounter"", ""Down"": ""dosage was decreased during the encounter""}",False,,,UCI API metadata for dataset 296
glipizide,glipizide,False,False,Feature,Categorical,,"The feature indicates whether the drug was prescribed or there was a change in the dosage. Values: up if the dosage was increased during the encounter, down if the dosage was decreased, steady if the dosage did not change, and no if the drug was not prescribed",,no,,,"{""No"": ""drug was not prescribed"", ""Steady"": ""drug was prescribed and dosage did not change"", ""Up"": ""dosage was increased during the encounter"", ""Down"": ""dosage was decreased during the encounter""}",False,,,UCI API metadata for dataset 296
glyburide,glyburide,False,False,Feature,Categorical,,"The feature indicates whether the drug was prescribed or there was a change in the dosage. Values: up if the dosage was increased during the encounter, down if the dosage was decreased, steady if the dosage did not change, and no if the drug was not prescribed",,no,,,"{""No"": ""drug was not prescribed"", ""Steady"": ""drug was prescribed and dosage did not change"", ""Up"": ""dosage was increased during the encounter"", ""Down"": ""dosage was decreased during the encounter""}",False,,,UCI API metadata for dataset 296
tolbutamide,tolbutamide,False,False,Feature,Categorical,,"The feature indicates whether the drug was prescribed or there was a change in the dosage. Values: up if the dosage was increased during the encounter, down if the dosage was decreased, steady if the dosage did not change, and no if the drug was not prescribed",,no,,,"{""No"": ""drug was not prescribed"", ""Steady"": ""drug was prescribed and dosage did not change"", ""Up"": ""dosage was increased during the encounter"", ""Down"": ""dosage was decreased during the encounter""}",False,,,UCI API metadata for dataset 296
pioglitazone,pioglitazone,False,False,Feature,Categorical,,"The feature indicates whether the drug was prescribed or there was a change in the dosage. Values: up if the dosage was increased during the encounter, down if the dosage was decreased, steady if the dosage did not change, and no if the drug was not prescribed",,no,,,"{""No"": ""drug was not prescribed"", ""Steady"": ""drug was prescribed and dosage did not change"", ""Up"": ""dosage was increased during the encounter"", ""Down"": ""dosage was decreased during the encounter""}",False,,,UCI API metadata for dataset 296
rosiglitazone,rosiglitazone,False,False,Feature,Categorical,,"The feature indicates whether the drug was prescribed or there was a change in the dosage. Values: up if the dosage was increased during the encounter, down if the dosage was decreased, steady if the dosage did not change, and no if the drug was not prescribed",,no,,,"{""No"": ""drug was not prescribed"", ""Steady"": ""drug was prescribed and dosage did not change"", ""Up"": ""dosage was increased during the encounter"", ""Down"": ""dosage was decreased during the encounter""}",False,,,UCI API metadata for dataset 296
acarbose,acarbose,False,False,Feature,Categorical,,"The feature indicates whether the drug was prescribed or there was a change in the dosage. Values: up if the dosage was increased during the encounter, down if the dosage was decreased, steady if the dosage did not change, and no if the drug was not prescribed",,no,,,"{""No"": ""drug was not prescribed"", ""Steady"": ""drug was prescribed and dosage did not change"", ""Up"": ""dosage was increased during the encounter"", ""Down"": ""dosage was decreased during the encounter""}",False,,,UCI API metadata for dataset 296
miglitol,miglitol,False,False,Feature,Categorical,,"The feature indicates whether the drug was prescribed or there was a change in the dosage. Values: up if the dosage was increased during the encounter, down if the dosage was decreased, steady if the dosage did not change, and no if the drug was not prescribed",,no,,,"{""No"": ""drug was not prescribed"", ""Steady"": ""drug was prescribed and dosage did not change"", ""Up"": ""dosage was increased during the encounter"", ""Down"": ""dosage was decreased during the encounter""}",False,,,UCI API metadata for dataset 296
troglitazone,troglitazone,False,False,Feature,Categorical,,"The feature indicates whether the drug was prescribed or there was a change in the dosage. Values: up if the dosage was increased during the encounter, down if the dosage was decreased, steady if the dosage did not change, and no if the drug was not prescribed",,no,,,"{""No"": ""drug was not prescribed"", ""Steady"": ""drug was prescribed and dosage did not change"", ""Up"": ""dosage was increased during the encounter"", ""Down"": ""dosage was decreased during the encounter""}",False,,,UCI API metadata for dataset 296
tolazamide,tolazamide,False,False,Feature,Categorical,,"The feature indicates whether the drug was prescribed or there was a change in the dosage. Values: up if the dosage was increased during the encounter, down if the dosage was decreased, steady if the dosage did not change, and no if the drug was not prescribed",,no,,,"{""No"": ""drug was not prescribed"", ""Steady"": ""drug was prescribed and dosage did not change"", ""Up"": ""dosage was increased during the encounter"", ""Down"": ""dosage was decreased during the encounter""}",False,,,UCI API metadata for dataset 296
examide,examide,False,False,Feature,Categorical,,"The feature indicates whether the drug was prescribed or there was a change in the dosage. Values: up if the dosage was increased during the encounter, down if the dosage was decreased, steady if the dosage did not change, and no if the drug was not prescribed",,no,,,"{""No"": ""drug was not prescribed"", ""Steady"": ""drug was prescribed and dosage did not change"", ""Up"": ""dosage was increased during the encounter"", ""Down"": ""dosage was decreased during the encounter""}",False,,,UCI API metadata for dataset 296
citoglipton,citoglipton,False,False,Feature,Categorical,,"The feature indicates whether the drug was prescribed or there was a change in the dosage. Values: up if the dosage was increased during the encounter, down if the dosage was decreased, steady if the dosage did not change, and no if the drug was not prescribed",,no,,,"{""No"": ""drug was not prescribed"", ""Steady"": ""drug was prescribed and dosage did not change"", ""Up"": ""dosage was increased during the encounter"", ""Down"": ""dosage was decreased during the encounter""}",False,,,UCI API metadata for dataset 296
insulin,insulin,False,True,Feature,Categorical,,"The feature indicates whether the drug was prescribed or there was a change in the dosage. Values: up if the dosage was increased during the encounter, down if the dosage was decreased, steady if the dosage did not change, and no if the drug was not prescribed",,no,,,"{""No"": ""drug was not prescribed"", ""Steady"": ""drug was prescribed and dosage did not change"", ""Up"": ""dosage was increased during the encounter"", ""Down"": ""dosage was decreased during the encounter""}",False,post_outcome_measurement|confounding,Treatment status/change during the encounter is affected by clinical severity and clinician decisions.,UCI API metadata for dataset 296
glyburide-metformin,glyburide-metformin,False,False,Feature,Categorical,,"The feature indicates whether the drug was prescribed or there was a change in the dosage. Values: up if the dosage was increased during the encounter, down if the dosage was decreased, steady if the dosage did not change, and no if the drug was not prescribed",,no,,,"{""No"": ""drug was not prescribed"", ""Steady"": ""drug was prescribed and dosage did not change"", ""Up"": ""dosage was increased during the encounter"", ""Down"": ""dosage was decreased during the encounter""}",False,,,UCI API metadata for dataset 296
glipizide-metformin,glipizide-metformin,False,False,Feature,Categorical,,"The feature indicates whether the drug was prescribed or there was a change in the dosage. Values: up if the dosage was increased during the encounter, down if the dosage was decreased, steady if the dosage did not change, and no if the drug was not prescribed",,no,,,"{""No"": ""drug was not prescribed"", ""Steady"": ""drug was prescribed and dosage did not change"", ""Up"": ""dosage was increased during the encounter"", ""Down"": ""dosage was decreased during the encounter""}",False,,,UCI API metadata for dataset 296
glimepiride-pioglitazone,glimepiride-pioglitazone,False,False,Feature,Categorical,,"The feature indicates whether the drug was prescribed or there was a change in the dosage. Values: up if the dosage was increased during the encounter, down if the dosage was decreased, steady if the dosage did not change, and no if the drug was not prescribed",,no,,,"{""No"": ""drug was not prescribed"", ""Steady"": ""drug was prescribed and dosage did not change"", ""Up"": ""dosage was increased during the encounter"", ""Down"": ""dosage was decreased during the encounter""}",False,,,UCI API metadata for dataset 296
metformin-rosiglitazone,metformin-rosiglitazone,False,False,Feature,Categorical,,"The feature indicates whether the drug was prescribed or there was a change in the dosage. Values: up if the dosage was increased during the encounter, down if the dosage was decreased, steady if the dosage did not change, and no if the drug was not prescribed",,no,,,"{""No"": ""drug was not prescribed"", ""Steady"": ""drug was prescribed and dosage did not change"", ""Up"": ""dosage was increased during the encounter"", ""Down"": ""dosage was decreased during the encounter""}",False,,,UCI API metadata for dataset 296
metformin-pioglitazone,metformin-pioglitazone,False,False,Feature,Categorical,,"The feature indicates whether the drug was prescribed or there was a change in the dosage. Values: up if the dosage was increased during the encounter, down if the dosage was decreased, steady if the dosage did not change, and no if the drug was not prescribed",,no,,,"{""No"": ""drug was not prescribed"", ""Steady"": ""drug was prescribed and dosage did not change"", ""Up"": ""dosage was increased during the encounter"", ""Down"": ""dosage was decreased during the encounter""}",False,,,UCI API metadata for dataset 296
change,change,False,True,Feature,Categorical,,Indicates if there was a change in diabetic medications (either dosage or generic name). Values: change and no change,,no,,,"{""Ch"": ""change in diabetes medication"", ""No"": ""no change in diabetes medication""}",False,post_outcome_measurement|confounding,Diabetes medication change occurs during the encounter and is not an admission-time predictor.,UCI API metadata for dataset 296
diabetesMed,diabetesMed,False,True,Feature,Categorical,,Indicates if there was any diabetic medication prescribed. Values: yes and no,,no,,,"{""Yes"": ""diabetes medication prescribed"", ""No"": ""no diabetes medication prescribed""}",False,post_outcome_measurement|confounding,Prescription during the encounter may be affected by severity and clinician decisions.,UCI API metadata for dataset 296
readmitted,readmitted,False,True,Target,Categorical,,"Days to inpatient readmission. Values: <30 if the patient was readmitted in less than 30 days, >30 if the patient was readmitted in more than 30 days, and No for no record of readmission.",,no,,,"{""<30"": ""inpatient readmission in less than 30 days"", "">30"": ""inpatient readmission after 30 days"", ""NO"": ""no recorded readmission""}",False,outcome|leakage,Official target; never include as a predictor of readmitted_30d.,UCI API metadata for dataset 296
admission_type,admission_type_id,True,True,Derived label,Categorical,,Official admission type label from IDS_mapping.csv,,no,,,,False,,,Deterministic transformation of official source field
discharge_disposition,discharge_disposition_id,True,True,Derived label,Categorical,,Official discharge disposition label from IDS_mapping.csv,,no,,,,False,,,Deterministic transformation of official source field
admission_source,admission_source_id,True,True,Derived label,Categorical,,Official admission source label from IDS_mapping.csv,,no,,,,False,,,Deterministic transformation of official source field
readmitted_30d,readmitted,True,True,Derived outcome,Integer,,1 when official readmitted value is <30; otherwise 0,,no,,,"[0, 1]",False,outcome|leakage,Derived binary outcome; never include as a predictor.,Deterministic transformation of official source field
