slug,uci_id,title,category,raw_rows,participant_rows,participant_columns,dataset_year,record_version,repository_url,doi,weighting_variables,validation_passed
diabetes_readmission,296,Diabetes 130-US Hospitals for Years 1999-2008,Clinical outcomes and health services,101766,5000,31,2014,UCI record last updated Tue Sep 24 2024,https://archive.ics.uci.edu/dataset/296/diabetes+130-us+hospitals+for+years+1999-2008,10.24432/C5230J,,True
support2_serious_illness,880,SUPPORT2,Clinical outcomes and serious illness,9105,5000,31,1995,UCI record last updated Mon Sep 09 2024,https://archive.ics.uci.edu/dataset/880/support2,10.3886/ICPSR02957.v2,,True
myocardial_infarction_complications,579,Myocardial infarction complications,Clinical outcomes and acute care,1700,1700,31,2020,UCI record last updated Fri Nov 03 2023,https://archive.ics.uci.edu/dataset/579/myocardial+infarction+complications,10.24432/C53P5M,,True
aids_clinical_trial_175,890,AIDS Clinical Trials Group Study 175,Clinical trials and infectious disease,2139,2139,26,1996,UCI record last updated Fri Nov 03 2023,https://archive.ics.uci.edu/dataset/890/aids+clinical+trials+group+study+175,10.24432/C5ZG8F,,True
hepatitis_c_treatment,503,Hepatitis C Virus (HCV) for Egyptian patients,Clinical outcomes and infectious disease,1385,1385,30,2017,UCI record last updated Tue Apr 09 2024,https://archive.ics.uci.edu/dataset/503/hepatitis+c+virus+hcv+for+egyptian+patients,10.24432/C5989V,,True
cardiotocography,193,Cardiotocography,Maternal and fetal health,2126,2126,24,2000,UCI record last updated Fri Mar 15 2024,https://archive.ics.uci.edu/dataset/193/cardiotocography,10.24432/C51S4N,,True
parkinsons_telemonitoring,189,Parkinsons Telemonitoring,Symptoms and remote monitoring,5875,5000,23,2009,UCI record last updated Fri Nov 03 2023,https://archive.ics.uci.edu/dataset/189/parkinsons+telemonitoring,10.24432/C5ZS3N,,True
diabetic_retinopathy,329,Diabetic Retinopathy Debrecen,Screening and diagnostic support,1151,1151,21,2014,UCI record last updated Fri Nov 03 2023,https://archive.ics.uci.edu/dataset/329/diabetic+retinopathy+debrecen,10.24432/C5XP4P,,True
infrared_thermography_temperature,925,Infrared Thermography Temperature,Screening and measurement science,1020,1020,31,2021,UCI record last updated Tue Dec 12 2023,https://archive.ics.uci.edu/dataset/925/infrared+thermography+temperature+dataset,10.13026/9ay4-2c37,,True
eeg_eye_state,264,EEG Eye State,Neurophysiology and monitoring,14980,5000,16,2013,UCI record last updated Thu Mar 21 2024,https://archive.ics.uci.edu/dataset/264/eeg+eye+state,10.24432/C57G7J,,True
obesity_lifestyle,544,Estimation of Obesity Levels Based On Eating Habits and Physical Condition,Health behavior and chronic disease,2111,2111,18,2019,UCI record last updated Tue Sep 10 2024,https://archive.ics.uci.edu/dataset/544/estimation+of+obesity+levels+based+on+eating+habits+and+physical+condition,10.24432/C5H31Z,,True
drug_consumption,373,Drug Consumption (Quantified),Health behavior and substance use,1885,1885,31,2015,UCI record last updated Fri Mar 08 2024,https://archive.ics.uci.edu/dataset/373/drug+consumption+quantified,10.24432/C5TC7S,,True
workplace_absenteeism,445,Absenteeism at work,Occupational health and workforce,740,740,22,2012,UCI record last updated Fri Mar 08 2024,https://archive.ics.uci.edu/dataset/445/absenteeism+at+work,10.24432/C5X882,,True
student_dropout_sdoh,697,Predict Students' Dropout and Academic Success,Education and social determinants,4424,4424,31,2021,UCI record last updated Mon Feb 26 2024,https://archive.ics.uci.edu/dataset/697/predict+students+dropout+and+academic+success,10.24432/C5MC89,,True
adult_income_sdoh,2,Adult,Economic social determinants,48842,5000,16,1996,UCI record last updated Tue Sep 24 2024,https://archive.ics.uci.edu/dataset/2/adult,10.24432/C5XW20,fnlwgt,True
communities_crime_sdoh,183,Communities and Crime,Community social determinants,1994,1994,31,2002,UCI record last updated Mon Mar 04 2024,https://archive.ics.uci.edu/dataset/183/communities+and+crime,10.24432/C53W3X,,True
air_quality_sensors,360,Air Quality,Environmental health,9357,5000,16,2008,UCI record last updated Sun Mar 10 2024,https://archive.ics.uci.edu/dataset/360/air+quality,10.24432/C59K5F,,True
beijing_pm25,381,Beijing PM2.5,Environmental health,43824,5000,14,2015,UCI record last updated Sat Mar 16 2024,https://archive.ics.uci.edu/dataset/381/beijing+pm2+5+data,10.24432/C5JS49,,True
room_occupancy_environment,864,Room Occupancy Estimation,Built environment and sensing,10129,5000,20,2018,UCI record last updated Wed Aug 16 2023,https://archive.ics.uci.edu/dataset/864/room+occupancy+estimation,10.24432/C5P605,,True
bike_sharing_environment,275,Bike Sharing,Built environment and physical activity,17379,5000,18,2013,UCI record last updated Sun Mar 10 2024,https://archive.ics.uci.edu/dataset/275/bike+sharing+dataset,10.24432/C5W894,,True
