variable,raw_missing_symbols,raw_missing_count,participant_representation
Age,"["""", ""NaN""]",1,blank/NA
BMI,"["""", ""NaN""]",27,blank/NA
Sex,"["""", ""NaN""]",2,blank/NA
Height,"["""", ""NaN""]",26,blank/NA
Weight,"["""", ""NaN""]",3,blank/NA
Length_of_Stay,"["""", ""NaN""]",4,blank/NA
Management,"["""", ""NaN""]",1,blank/NA
Severity,"["""", ""NaN""]",1,blank/NA
Diagnosis_Presumptive,"["""", ""NaN""]",2,blank/NA
Diagnosis,"["""", ""NaN""]",2,blank/NA
Alvarado_Score,"["""", ""NaN""]",52,blank/NA
Paedriatic_Appendicitis_Score,"["""", ""NaN""]",52,blank/NA
Appendix_on_US,"["""", ""NaN""]",5,blank/NA
Appendix_Diameter,"["""", ""NaN""]",284,blank/NA
Migratory_Pain,"["""", ""NaN""]",9,blank/NA
Lower_Right_Abd_Pain,"["""", ""NaN""]",8,blank/NA
Contralateral_Rebound_Tenderness,"["""", ""NaN""]",15,blank/NA
Coughing_Pain,"["""", ""NaN""]",16,blank/NA
Nausea,"["""", ""NaN""]",8,blank/NA
Loss_of_Appetite,"["""", ""NaN""]",10,blank/NA
Body_Temperature,"["""", ""NaN""]",7,blank/NA
WBC_Count,"["""", ""NaN""]",6,blank/NA
Neutrophil_Percentage,"["""", ""NaN""]",103,blank/NA
Segmented_Neutrophils,"["""", ""NaN""]",728,blank/NA
Neutrophilia,"["""", ""NaN""]",50,blank/NA
RBC_Count,"["""", ""NaN""]",18,blank/NA
Hemoglobin,"["""", ""NaN""]",18,blank/NA
RDW,"["""", ""NaN""]",26,blank/NA
Thrombocyte_Count,"["""", ""NaN""]",18,blank/NA
Ketones_in_Urine,"["""", ""NaN""]",200,blank/NA
RBC_in_Urine,"["""", ""NaN""]",206,blank/NA
WBC_in_Urine,"["""", ""NaN""]",199,blank/NA
CRP,"["""", ""NaN""]",11,blank/NA
Dysuria,"["""", ""NaN""]",29,blank/NA
Stool,"["""", ""NaN""]",17,blank/NA
Peritonitis,"["""", ""NaN""]",9,blank/NA
Psoas_Sign,"["""", ""NaN""]",37,blank/NA
Ipsilateral_Rebound_Tenderness,"["""", ""NaN""]",163,blank/NA
US_Performed,"["""", ""NaN""]",4,blank/NA
US_Number,"["""", ""NaN""]",22,blank/NA
Free_Fluids,"["""", ""NaN""]",63,blank/NA
Appendix_Wall_Layers,"["""", ""NaN""]",564,blank/NA
Target_Sign,"["""", ""NaN""]",644,blank/NA
Appendicolith,"["""", ""NaN""]",713,blank/NA
Perfusion,"["""", ""NaN""]",719,blank/NA
Perforation,"["""", ""NaN""]",701,blank/NA
Surrounding_Tissue_Reaction,"["""", ""NaN""]",530,blank/NA
Appendicular_Abscess,"["""", ""NaN""]",697,blank/NA
Abscess_Location,"["""", ""NaN""]",769,blank/NA
Pathological_Lymph_Nodes,"["""", ""NaN""]",579,blank/NA
Lymph_Nodes_Location,"["""", ""NaN""]",661,blank/NA
Bowel_Wall_Thickening,"["""", ""NaN""]",683,blank/NA
Conglomerate_of_Bowel_Loops,"["""", ""NaN""]",739,blank/NA
Ileus,"["""", ""NaN""]",722,blank/NA
Coprostasis,"["""", ""NaN""]",711,blank/NA
Meteorism,"["""", ""NaN""]",642,blank/NA
Enteritis,"["""", ""NaN""]",716,blank/NA
Gynecological_Findings,"["""", ""NaN""]",756,blank/NA
