variable,selected_for_participant,role,type,demographic,description,units,official_missing_values,official_missing_symbol,observed_codes,weighting_variable,risk_flags,risk_note,definition_source
portfolio_row_id,True,Derived ID,Integer,,Sequential row identifier assigned after deterministic sampling.,,no,[],[],False,identifier_leakage,Derived identifier; do not use as a model predictor.,NINR portfolio deterministic transformation
ID,True,ID,Integer,,,,no,"[""""]",[],False,identifier_leakage,Identifier; do not use as a model predictor.,"UCI API metadata, dataset 445"
Reason for absence,True,Feature,Integer,,,,no,"[""""]",[],False,post_outcome_measurement,Timing may be at or after the prediction point; define the prediction horizon before use.,"UCI API metadata, dataset 445"
Month of absence,True,Feature,Integer,,,,no,"[""""]","[""0"", ""1"", ""10"", ""11"", ""12"", ""2"", ""3"", ""4"", ""5"", ""6"", ""7"", ""8"", ""9""]",False,,,"UCI API metadata, dataset 445"
Day of the week,True,Feature,Integer,,,,no,"[""""]","[""2"", ""3"", ""4"", ""5"", ""6""]",False,,,"UCI API metadata, dataset 445"
Seasons,True,Feature,Integer,,,,no,"[""""]","[""1"", ""2"", ""3"", ""4""]",False,,,"UCI API metadata, dataset 445"
Transportation expense,True,Feature,Integer,,,,no,"[""""]","[""118"", ""155"", ""157"", ""179"", ""184"", ""189"", ""225"", ""228"", ""231"", ""233"", ""235"", ""246"", ""248"", ""260"", ""268"", ""279"", ""289"", ""291"", ""300"", ""330"", ""361"", ""369"", ""378"", ""388""]",False,,,"UCI API metadata, dataset 445"
Distance from Residence to Work,True,Feature,Integer,,,,no,"[""""]","[""10"", ""11"", ""12"", ""13"", ""14"", ""15"", ""16"", ""17"", ""20"", ""22"", ""25"", ""26"", ""27"", ""29"", ""31"", ""35"", ""36"", ""42"", ""45"", ""48"", ""49"", ""5"", ""50"", ""51"", ""52""]",False,,,"UCI API metadata, dataset 445"
Service time,True,Feature,Integer,,,,no,"[""""]","[""1"", ""10"", ""11"", ""12"", ""13"", ""14"", ""15"", ""16"", ""17"", ""18"", ""24"", ""29"", ""3"", ""4"", ""6"", ""7"", ""8"", ""9""]",False,,,"UCI API metadata, dataset 445"
Age,True,Feature,Integer,Age,,,no,"[""""]","[""27"", ""28"", ""29"", ""30"", ""31"", ""32"", ""33"", ""34"", ""36"", ""37"", ""38"", ""39"", ""40"", ""41"", ""43"", ""46"", ""47"", ""48"", ""49"", ""50"", ""53"", ""58""]",False,proxy_discrimination,Sensitive or demographic attribute; audit subgroup representation and errors.,"UCI API metadata, dataset 445"
Work load Average/day ,True,Feature,Continuous,,,,no,"[""""]",[],False,,,"UCI API metadata, dataset 445"
Hit target,True,Feature,Integer,,,,no,"[""""]","[""100"", ""81"", ""87"", ""88"", ""91"", ""92"", ""93"", ""94"", ""95"", ""96"", ""97"", ""98"", ""99""]",False,,,"UCI API metadata, dataset 445"
Disciplinary failure,True,Feature,Integer,,,,no,"[""""]","[""0"", ""1""]",False,,,"UCI API metadata, dataset 445"
Education,True,Feature,Integer,Education Level,,,no,"[""""]","[""1"", ""2"", ""3"", ""4""]",False,proxy_discrimination,Sensitive or demographic attribute; audit subgroup representation and errors.,"UCI API metadata, dataset 445"
Son,True,Feature,Integer,,,,no,"[""""]","[""0"", ""1"", ""2"", ""3"", ""4""]",False,proxy_discrimination,Sensitive or demographic attribute; audit subgroup representation and errors.,"UCI API metadata, dataset 445"
Social drinker,True,Feature,Integer,,,,no,"[""""]","[""0"", ""1""]",False,,,"UCI API metadata, dataset 445"
Social smoker,True,Feature,Integer,,,,no,"[""""]","[""0"", ""1""]",False,,,"UCI API metadata, dataset 445"
Pet,True,Feature,Integer,,,,no,"[""""]","[""0"", ""1"", ""2"", ""4"", ""5"", ""8""]",False,,,"UCI API metadata, dataset 445"
Weight,True,Feature,Integer,,,,no,"[""""]",[],False,,,"UCI API metadata, dataset 445"
Height,True,Feature,Integer,,,,no,"[""""]","[""163"", ""165"", ""167"", ""168"", ""169"", ""170"", ""171"", ""172"", ""174"", ""175"", ""178"", ""182"", ""185"", ""196""]",False,,,"UCI API metadata, dataset 445"
Body mass index,True,Feature,Integer,,,,no,"[""""]","[""19"", ""21"", ""22"", ""23"", ""24"", ""25"", ""27"", ""28"", ""29"", ""30"", ""31"", ""32"", ""33"", ""34"", ""35"", ""36"", ""38""]",False,,,"UCI API metadata, dataset 445"
Absenteeism time in hours,True,Target,Integer,,,,no,"[""""]","[""0"", ""1"", ""104"", ""112"", ""120"", ""16"", ""2"", ""24"", ""3"", ""32"", ""4"", ""40"", ""48"", ""5"", ""56"", ""64"", ""7"", ""8"", ""80""]",False,outcome|target_leakage|post_outcome_measurement,Official target; do not use to predict itself or another directly derived outcome. Timing may be at or after the prediction point; define the prediction horizon before use.,"UCI API metadata, dataset 445"
