variable,missing_n,missing_percent,missing_value_code
participant_id,0,0.0,blank/NA
date,0,0.0,blank/NA
study_day,0,0.0,blank/NA
day_of_week,0,0.0,blank/NA
weekend,0,0.0,blank/NA
fatigue_today,1,0.22,blank/NA
change_vs_yesterday,0,0.0,blank/NA
physical_exhaustion,1,0.22,blank/NA
mental_exhaustion,1,0.22,blank/NA
sport_today,307,68.22,blank/NA
wear_minutes,0,0.0,blank/NA
activitycounts_mean,34,7.56,blank/NA
activitycounts_std,34,7.56,blank/NA
energyexpenditure_mean,34,7.56,blank/NA
energyexpenditure_std,34,7.56,blank/NA
hr_mean,34,7.56,blank/NA
hr_std,34,7.56,blank/NA
hrv_mean,35,7.78,blank/NA
hrv_std,35,7.78,blank/NA
resp_mean,34,7.56,blank/NA
resp_std,34,7.56,blank/NA
steps_mean,34,7.56,blank/NA
steps_std,34,7.56,blank/NA
skintemperature_mean,41,9.11,blank/NA
skintemperature_std,41,9.11,blank/NA
fatigue_tomorrow,114,25.33,blank/NA
