variable,code,official_description,label_status
SEX,0,"0: female, 1: male",Raw category code observed in official source; use the official description/codebook for meaning.
SEX,1,"0: female, 1: male",Raw category code observed in official source; use the official description/codebook for meaning.
INF_ANAM,0,"Quantity of myocardial infarctions in the anamnesis.

0: zero

1: one

2: two

3: three and more",Raw category code observed in official source; use the official description/codebook for meaning.
INF_ANAM,1,"Quantity of myocardial infarctions in the anamnesis.

0: zero

1: one

2: two

3: three and more",Raw category code observed in official source; use the official description/codebook for meaning.
INF_ANAM,2,"Quantity of myocardial infarctions in the anamnesis.

0: zero

1: one

2: two

3: three and more",Raw category code observed in official source; use the official description/codebook for meaning.
INF_ANAM,3,"Quantity of myocardial infarctions in the anamnesis.

0: zero

1: one

2: two

3: three and more",Raw category code observed in official source; use the official description/codebook for meaning.
STENOK_AN,0,"Exertional angina pectoris in the anamnesis.

0: never

1: during the last year

2: one year ago

3: two years ago

4: three years ago

5: 4-5 years ago",Raw category code observed in official source; use the official description/codebook for meaning.
STENOK_AN,1,"Exertional angina pectoris in the anamnesis.

0: never

1: during the last year

2: one year ago

3: two years ago

4: three years ago

5: 4-5 years ago",Raw category code observed in official source; use the official description/codebook for meaning.
STENOK_AN,2,"Exertional angina pectoris in the anamnesis.

0: never

1: during the last year

2: one year ago

3: two years ago

4: three years ago

5: 4-5 years ago",Raw category code observed in official source; use the official description/codebook for meaning.
STENOK_AN,3,"Exertional angina pectoris in the anamnesis.

0: never

1: during the last year

2: one year ago

3: two years ago

4: three years ago

5: 4-5 years ago",Raw category code observed in official source; use the official description/codebook for meaning.
STENOK_AN,4,"Exertional angina pectoris in the anamnesis.

0: never

1: during the last year

2: one year ago

3: two years ago

4: three years ago

5: 4-5 years ago",Raw category code observed in official source; use the official description/codebook for meaning.
STENOK_AN,5,"Exertional angina pectoris in the anamnesis.

0: never

1: during the last year

2: one year ago

3: two years ago

4: three years ago

5: 4-5 years ago",Raw category code observed in official source; use the official description/codebook for meaning.
STENOK_AN,6,"Exertional angina pectoris in the anamnesis.

0: never

1: during the last year

2: one year ago

3: two years ago

4: three years ago

5: 4-5 years ago",Raw category code observed in official source; use the official description/codebook for meaning.
FK_STENOK,0,"Functional class (FC) of angina pectoris in the last year.

0: there is no angina pectoris

1: I FC

2: II FC

3: III FC

4: IV FC",Raw category code observed in official source; use the official description/codebook for meaning.
FK_STENOK,1,"Functional class (FC) of angina pectoris in the last year.

0: there is no angina pectoris

1: I FC

2: II FC

3: III FC

4: IV FC",Raw category code observed in official source; use the official description/codebook for meaning.
FK_STENOK,2,"Functional class (FC) of angina pectoris in the last year.

0: there is no angina pectoris

1: I FC

2: II FC

3: III FC

4: IV FC",Raw category code observed in official source; use the official description/codebook for meaning.
FK_STENOK,3,"Functional class (FC) of angina pectoris in the last year.

0: there is no angina pectoris

1: I FC

2: II FC

3: III FC

4: IV FC",Raw category code observed in official source; use the official description/codebook for meaning.
FK_STENOK,4,"Functional class (FC) of angina pectoris in the last year.

0: there is no angina pectoris

1: I FC

2: II FC

3: III FC

4: IV FC",Raw category code observed in official source; use the official description/codebook for meaning.
IBS_POST,0,"Coronary heart disease (CHD) in recent weeks, days before admission to hospital

0: none

1: exertional angina pectoris

2: unstable angina pectoris",Raw category code observed in official source; use the official description/codebook for meaning.
IBS_POST,1,"Coronary heart disease (CHD) in recent weeks, days before admission to hospital

0: none

1: exertional angina pectoris

2: unstable angina pectoris",Raw category code observed in official source; use the official description/codebook for meaning.
IBS_POST,2,"Coronary heart disease (CHD) in recent weeks, days before admission to hospital

0: none

1: exertional angina pectoris

2: unstable angina pectoris",Raw category code observed in official source; use the official description/codebook for meaning.
IBS_NASL,0,"Heredity on CHD

0: isn't burdened

1: burdened",Raw category code observed in official source; use the official description/codebook for meaning.
IBS_NASL,1,"Heredity on CHD

0: isn't burdened

1: burdened",Raw category code observed in official source; use the official description/codebook for meaning.
GB,0,"Presence of an essential hypertension

0: there is no essential hypertension

1: Stage 1

2: Stage 2

3: Stage 3",Raw category code observed in official source; use the official description/codebook for meaning.
GB,1,"Presence of an essential hypertension

0: there is no essential hypertension

1: Stage 1

2: Stage 2

3: Stage 3",Raw category code observed in official source; use the official description/codebook for meaning.
GB,2,"Presence of an essential hypertension

0: there is no essential hypertension

1: Stage 1

2: Stage 2

3: Stage 3",Raw category code observed in official source; use the official description/codebook for meaning.
GB,3,"Presence of an essential hypertension

0: there is no essential hypertension

1: Stage 1

2: Stage 2

3: Stage 3",Raw category code observed in official source; use the official description/codebook for meaning.
SIM_GIPERT,0,Symptomatic hypertension,Raw category code observed in official source; use the official description/codebook for meaning.
SIM_GIPERT,1,Symptomatic hypertension,Raw category code observed in official source; use the official description/codebook for meaning.
DLIT_AG,0,"there was no arterial hypertension

1: one year

2: two years

3: three years

4: four years

5: five years

6: 6-10 years

7: more than 10 years",Raw category code observed in official source; use the official description/codebook for meaning.
DLIT_AG,1,"there was no arterial hypertension

1: one year

2: two years

3: three years

4: four years

5: five years

6: 6-10 years

7: more than 10 years",Raw category code observed in official source; use the official description/codebook for meaning.
DLIT_AG,2,"there was no arterial hypertension

1: one year

2: two years

3: three years

4: four years

5: five years

6: 6-10 years

7: more than 10 years",Raw category code observed in official source; use the official description/codebook for meaning.
DLIT_AG,3,"there was no arterial hypertension

1: one year

2: two years

3: three years

4: four years

5: five years

6: 6-10 years

7: more than 10 years",Raw category code observed in official source; use the official description/codebook for meaning.
DLIT_AG,4,"there was no arterial hypertension

1: one year

2: two years

3: three years

4: four years

5: five years

6: 6-10 years

7: more than 10 years",Raw category code observed in official source; use the official description/codebook for meaning.
DLIT_AG,5,"there was no arterial hypertension

1: one year

2: two years

3: three years

4: four years

5: five years

6: 6-10 years

7: more than 10 years",Raw category code observed in official source; use the official description/codebook for meaning.
DLIT_AG,6,"there was no arterial hypertension

1: one year

2: two years

3: three years

4: four years

5: five years

6: 6-10 years

7: more than 10 years",Raw category code observed in official source; use the official description/codebook for meaning.
DLIT_AG,7,"there was no arterial hypertension

1: one year

2: two years

3: three years

4: four years

5: five years

6: 6-10 years

7: more than 10 years",Raw category code observed in official source; use the official description/codebook for meaning.
ZSN_A,0,"Presence of chronic Heart failure (HF) in the anamnesis: Partially ordered attribute: there are two lines of severities:

0<1<2<4,

0<1<3<4.

State 4 means simultaneous states 2 and 3



0: there is no chronic heart failure

1: I stage

2: II stage (heart failure due to right

ventricular systolic dysfunction)

3: II stage (heart failure due to left

ventricular systolic dysfunction)

4: IIB stage (heart failure due to left and

 right ventricular systolic dysfunction)",Raw category code observed in official source; use the official description/codebook for meaning.
ZSN_A,1,"Presence of chronic Heart failure (HF) in the anamnesis: Partially ordered attribute: there are two lines of severities:

0<1<2<4,

0<1<3<4.

State 4 means simultaneous states 2 and 3



0: there is no chronic heart failure

1: I stage

2: II stage (heart failure due to right

ventricular systolic dysfunction)

3: II stage (heart failure due to left

ventricular systolic dysfunction)

4: IIB stage (heart failure due to left and

 right ventricular systolic dysfunction)",Raw category code observed in official source; use the official description/codebook for meaning.
ZSN_A,2,"Presence of chronic Heart failure (HF) in the anamnesis: Partially ordered attribute: there are two lines of severities:

0<1<2<4,

0<1<3<4.

State 4 means simultaneous states 2 and 3



0: there is no chronic heart failure

1: I stage

2: II stage (heart failure due to right

ventricular systolic dysfunction)

3: II stage (heart failure due to left

ventricular systolic dysfunction)

4: IIB stage (heart failure due to left and

 right ventricular systolic dysfunction)",Raw category code observed in official source; use the official description/codebook for meaning.
ZSN_A,3,"Presence of chronic Heart failure (HF) in the anamnesis: Partially ordered attribute: there are two lines of severities:

0<1<2<4,

0<1<3<4.

State 4 means simultaneous states 2 and 3



0: there is no chronic heart failure

1: I stage

2: II stage (heart failure due to right

ventricular systolic dysfunction)

3: II stage (heart failure due to left

ventricular systolic dysfunction)

4: IIB stage (heart failure due to left and

 right ventricular systolic dysfunction)",Raw category code observed in official source; use the official description/codebook for meaning.
ZSN_A,4,"Presence of chronic Heart failure (HF) in the anamnesis: Partially ordered attribute: there are two lines of severities:

0<1<2<4,

0<1<3<4.

State 4 means simultaneous states 2 and 3



0: there is no chronic heart failure

1: I stage

2: II stage (heart failure due to right

ventricular systolic dysfunction)

3: II stage (heart failure due to left

ventricular systolic dysfunction)

4: IIB stage (heart failure due to left and

 right ventricular systolic dysfunction)",Raw category code observed in official source; use the official description/codebook for meaning.
nr_11,0,Observing of arrhythmia in the anamnesis,Raw category code observed in official source; use the official description/codebook for meaning.
nr_11,1,Observing of arrhythmia in the anamnesis,Raw category code observed in official source; use the official description/codebook for meaning.
nr_01,0,Premature atrial contractions in the anamnesis,Raw category code observed in official source; use the official description/codebook for meaning.
nr_01,1,Premature atrial contractions in the anamnesis,Raw category code observed in official source; use the official description/codebook for meaning.
nr_02,0,Premature ventricular contractions in the anamnesis,Raw category code observed in official source; use the official description/codebook for meaning.
nr_02,1,Premature ventricular contractions in the anamnesis,Raw category code observed in official source; use the official description/codebook for meaning.
nr_03,0,Paroxysms of atrial fibrillation in the anamnesis,Raw category code observed in official source; use the official description/codebook for meaning.
nr_03,1,Paroxysms of atrial fibrillation in the anamnesis,Raw category code observed in official source; use the official description/codebook for meaning.
nr_04,0,A persistent form of atrial fibrillation in the anamnesis,Raw category code observed in official source; use the official description/codebook for meaning.
nr_04,1,A persistent form of atrial fibrillation in the anamnesis,Raw category code observed in official source; use the official description/codebook for meaning.
nr_07,0,Ventricular fibrillation in the anamnesis,Raw category code observed in official source; use the official description/codebook for meaning.
nr_07,1,Ventricular fibrillation in the anamnesis,Raw category code observed in official source; use the official description/codebook for meaning.
nr_08,0,Ventricular paroxysmal tachycardia in the anamnesis,Raw category code observed in official source; use the official description/codebook for meaning.
nr_08,1,Ventricular paroxysmal tachycardia in the anamnesis,Raw category code observed in official source; use the official description/codebook for meaning.
np_01,0,First-degree AV block in the anamnesis,Raw category code observed in official source; use the official description/codebook for meaning.
np_01,1,First-degree AV block in the anamnesis,Raw category code observed in official source; use the official description/codebook for meaning.
np_04,0,Third-degree AV block in the anamnesis,Raw category code observed in official source; use the official description/codebook for meaning.
np_04,1,Third-degree AV block in the anamnesis,Raw category code observed in official source; use the official description/codebook for meaning.
np_05,0,LBBB (anterior branch) in the anamnesis,Raw category code observed in official source; use the official description/codebook for meaning.
np_05,1,LBBB (anterior branch) in the anamnesis,Raw category code observed in official source; use the official description/codebook for meaning.
np_07,0,Incomplete LBBB in the anamnesis,Raw category code observed in official source; use the official description/codebook for meaning.
np_07,1,Incomplete LBBB in the anamnesis,Raw category code observed in official source; use the official description/codebook for meaning.
np_08,0,Complete LBBB in the anamnesis,Raw category code observed in official source; use the official description/codebook for meaning.
np_08,1,Complete LBBB in the anamnesis,Raw category code observed in official source; use the official description/codebook for meaning.
np_09,0,Incomplete RBBB in the anamnesis,Raw category code observed in official source; use the official description/codebook for meaning.
np_09,1,Incomplete RBBB in the anamnesis,Raw category code observed in official source; use the official description/codebook for meaning.
np_10,0,Complete RBBB in the anamnesis,Raw category code observed in official source; use the official description/codebook for meaning.
np_10,1,Complete RBBB in the anamnesis,Raw category code observed in official source; use the official description/codebook for meaning.
endocr_01,0,Diabetes mellitus in the anamnesis,Raw category code observed in official source; use the official description/codebook for meaning.
endocr_01,1,Diabetes mellitus in the anamnesis,Raw category code observed in official source; use the official description/codebook for meaning.
endocr_02,0,Obesity in the anamnesis,Raw category code observed in official source; use the official description/codebook for meaning.
endocr_02,1,Obesity in the anamnesis,Raw category code observed in official source; use the official description/codebook for meaning.
endocr_03,0,Thyrotoxicosis in the anamnesis,Raw category code observed in official source; use the official description/codebook for meaning.
endocr_03,1,Thyrotoxicosis in the anamnesis,Raw category code observed in official source; use the official description/codebook for meaning.
zab_leg_01,0,Chronic bronchitis in the anamnesis,Raw category code observed in official source; use the official description/codebook for meaning.
zab_leg_01,1,Chronic bronchitis in the anamnesis,Raw category code observed in official source; use the official description/codebook for meaning.
zab_leg_02,0,Obstructive chronic bronchitis in the anamnesis,Raw category code observed in official source; use the official description/codebook for meaning.
zab_leg_02,1,Obstructive chronic bronchitis in the anamnesis,Raw category code observed in official source; use the official description/codebook for meaning.
zab_leg_03,0,Bronchial asthma in the anamnesis,Raw category code observed in official source; use the official description/codebook for meaning.
zab_leg_03,1,Bronchial asthma in the anamnesis,Raw category code observed in official source; use the official description/codebook for meaning.
zab_leg_04,0,Chronic pneumonia in the anamnesis,Raw category code observed in official source; use the official description/codebook for meaning.
zab_leg_04,1,Chronic pneumonia in the anamnesis,Raw category code observed in official source; use the official description/codebook for meaning.
zab_leg_06,0,Pulmonary tuberculosis in the anamnesis,Raw category code observed in official source; use the official description/codebook for meaning.
zab_leg_06,1,Pulmonary tuberculosis in the anamnesis,Raw category code observed in official source; use the official description/codebook for meaning.
D_AD_KBRIG,0,Diastolic blood pressure according to Emergency Cardiology Team,Raw category code observed in official source; use the official description/codebook for meaning.
D_AD_KBRIG,10,Diastolic blood pressure according to Emergency Cardiology Team,Raw category code observed in official source; use the official description/codebook for meaning.
D_AD_KBRIG,100,Diastolic blood pressure according to Emergency Cardiology Team,Raw category code observed in official source; use the official description/codebook for meaning.
D_AD_KBRIG,110,Diastolic blood pressure according to Emergency Cardiology Team,Raw category code observed in official source; use the official description/codebook for meaning.
D_AD_KBRIG,120,Diastolic blood pressure according to Emergency Cardiology Team,Raw category code observed in official source; use the official description/codebook for meaning.
D_AD_KBRIG,140,Diastolic blood pressure according to Emergency Cardiology Team,Raw category code observed in official source; use the official description/codebook for meaning.
D_AD_KBRIG,160,Diastolic blood pressure according to Emergency Cardiology Team,Raw category code observed in official source; use the official description/codebook for meaning.
D_AD_KBRIG,190,Diastolic blood pressure according to Emergency Cardiology Team,Raw category code observed in official source; use the official description/codebook for meaning.
D_AD_KBRIG,20,Diastolic blood pressure according to Emergency Cardiology Team,Raw category code observed in official source; use the official description/codebook for meaning.
D_AD_KBRIG,30,Diastolic blood pressure according to Emergency Cardiology Team,Raw category code observed in official source; use the official description/codebook for meaning.
D_AD_KBRIG,40,Diastolic blood pressure according to Emergency Cardiology Team,Raw category code observed in official source; use the official description/codebook for meaning.
D_AD_KBRIG,45,Diastolic blood pressure according to Emergency Cardiology Team,Raw category code observed in official source; use the official description/codebook for meaning.
D_AD_KBRIG,50,Diastolic blood pressure according to Emergency Cardiology Team,Raw category code observed in official source; use the official description/codebook for meaning.
D_AD_KBRIG,60,Diastolic blood pressure according to Emergency Cardiology Team,Raw category code observed in official source; use the official description/codebook for meaning.
D_AD_KBRIG,65,Diastolic blood pressure according to Emergency Cardiology Team,Raw category code observed in official source; use the official description/codebook for meaning.
D_AD_KBRIG,70,Diastolic blood pressure according to Emergency Cardiology Team,Raw category code observed in official source; use the official description/codebook for meaning.
D_AD_KBRIG,75,Diastolic blood pressure according to Emergency Cardiology Team,Raw category code observed in official source; use the official description/codebook for meaning.
D_AD_KBRIG,80,Diastolic blood pressure according to Emergency Cardiology Team,Raw category code observed in official source; use the official description/codebook for meaning.
D_AD_KBRIG,85,Diastolic blood pressure according to Emergency Cardiology Team,Raw category code observed in official source; use the official description/codebook for meaning.
D_AD_KBRIG,90,Diastolic blood pressure according to Emergency Cardiology Team,Raw category code observed in official source; use the official description/codebook for meaning.
D_AD_KBRIG,95,Diastolic blood pressure according to Emergency Cardiology Team,Raw category code observed in official source; use the official description/codebook for meaning.
D_AD_ORIT,0,Diastolic blood pressure according to intensive care unit,Raw category code observed in official source; use the official description/codebook for meaning.
D_AD_ORIT,100,Diastolic blood pressure according to intensive care unit,Raw category code observed in official source; use the official description/codebook for meaning.
D_AD_ORIT,105,Diastolic blood pressure according to intensive care unit,Raw category code observed in official source; use the official description/codebook for meaning.
D_AD_ORIT,110,Diastolic blood pressure according to intensive care unit,Raw category code observed in official source; use the official description/codebook for meaning.
D_AD_ORIT,120,Diastolic blood pressure according to intensive care unit,Raw category code observed in official source; use the official description/codebook for meaning.
D_AD_ORIT,130,Diastolic blood pressure according to intensive care unit,Raw category code observed in official source; use the official description/codebook for meaning.
D_AD_ORIT,140,Diastolic blood pressure according to intensive care unit,Raw category code observed in official source; use the official description/codebook for meaning.
D_AD_ORIT,190,Diastolic blood pressure according to intensive care unit,Raw category code observed in official source; use the official description/codebook for meaning.
D_AD_ORIT,20,Diastolic blood pressure according to intensive care unit,Raw category code observed in official source; use the official description/codebook for meaning.
D_AD_ORIT,30,Diastolic blood pressure according to intensive care unit,Raw category code observed in official source; use the official description/codebook for meaning.
D_AD_ORIT,40,Diastolic blood pressure according to intensive care unit,Raw category code observed in official source; use the official description/codebook for meaning.
D_AD_ORIT,50,Diastolic blood pressure according to intensive care unit,Raw category code observed in official source; use the official description/codebook for meaning.
D_AD_ORIT,60,Diastolic blood pressure according to intensive care unit,Raw category code observed in official source; use the official description/codebook for meaning.
D_AD_ORIT,65,Diastolic blood pressure according to intensive care unit,Raw category code observed in official source; use the official description/codebook for meaning.
D_AD_ORIT,70,Diastolic blood pressure according to intensive care unit,Raw category code observed in official source; use the official description/codebook for meaning.
D_AD_ORIT,75,Diastolic blood pressure according to intensive care unit,Raw category code observed in official source; use the official description/codebook for meaning.
D_AD_ORIT,80,Diastolic blood pressure according to intensive care unit,Raw category code observed in official source; use the official description/codebook for meaning.
D_AD_ORIT,85,Diastolic blood pressure according to intensive care unit,Raw category code observed in official source; use the official description/codebook for meaning.
D_AD_ORIT,90,Diastolic blood pressure according to intensive care unit,Raw category code observed in official source; use the official description/codebook for meaning.
D_AD_ORIT,95,Diastolic blood pressure according to intensive care unit,Raw category code observed in official source; use the official description/codebook for meaning.
O_L_POST,0,Pulmonary edema at the time of admission to intensive care unit,Raw category code observed in official source; use the official description/codebook for meaning.
O_L_POST,1,Pulmonary edema at the time of admission to intensive care unit,Raw category code observed in official source; use the official description/codebook for meaning.
K_SH_POST,0,Cardiogenic shock at the time of admission to intensive care unit,Raw category code observed in official source; use the official description/codebook for meaning.
K_SH_POST,1,Cardiogenic shock at the time of admission to intensive care unit,Raw category code observed in official source; use the official description/codebook for meaning.
MP_TP_POST,0,"Paroxysms of atrial fibrillation at the time of admission to intensive care unit, (or at a pre-hospital stage)",Raw category code observed in official source; use the official description/codebook for meaning.
MP_TP_POST,1,"Paroxysms of atrial fibrillation at the time of admission to intensive care unit, (or at a pre-hospital stage)",Raw category code observed in official source; use the official description/codebook for meaning.
SVT_POST,0,"Paroxysms of supraventricular tachycardia at the time of admission to intensive care unit, (or at a pre-hospital stage)",Raw category code observed in official source; use the official description/codebook for meaning.
SVT_POST,1,"Paroxysms of supraventricular tachycardia at the time of admission to intensive care unit, (or at a pre-hospital stage)",Raw category code observed in official source; use the official description/codebook for meaning.
GT_POST,0,"Paroxysms of ventricular tachycardia at the time of admission to intensive care unit, (or at a pre-hospital stage)",Raw category code observed in official source; use the official description/codebook for meaning.
GT_POST,1,"Paroxysms of ventricular tachycardia at the time of admission to intensive care unit, (or at a pre-hospital stage)",Raw category code observed in official source; use the official description/codebook for meaning.
FIB_G_POST,0,"Ventricular fibrillation at the time of admission to intensive care unit, (or at a pre-hospital stage)",Raw category code observed in official source; use the official description/codebook for meaning.
FIB_G_POST,1,"Ventricular fibrillation at the time of admission to intensive care unit, (or at a pre-hospital stage)",Raw category code observed in official source; use the official description/codebook for meaning.
ant_im,0,"Presence of an anterior myocardial infarction (left ventricular) (ECG changes in leads V1: V4 )

0: there is no infarct in this location

1: QRS has no changes

2: QRS is like QR-complex

3: QRS is like Qr-complex

4: QRS is like QS-complex",Raw category code observed in official source; use the official description/codebook for meaning.
ant_im,1,"Presence of an anterior myocardial infarction (left ventricular) (ECG changes in leads V1: V4 )

0: there is no infarct in this location

1: QRS has no changes

2: QRS is like QR-complex

3: QRS is like Qr-complex

4: QRS is like QS-complex",Raw category code observed in official source; use the official description/codebook for meaning.
ant_im,2,"Presence of an anterior myocardial infarction (left ventricular) (ECG changes in leads V1: V4 )

0: there is no infarct in this location

1: QRS has no changes

2: QRS is like QR-complex

3: QRS is like Qr-complex

4: QRS is like QS-complex",Raw category code observed in official source; use the official description/codebook for meaning.
ant_im,3,"Presence of an anterior myocardial infarction (left ventricular) (ECG changes in leads V1: V4 )

0: there is no infarct in this location

1: QRS has no changes

2: QRS is like QR-complex

3: QRS is like Qr-complex

4: QRS is like QS-complex",Raw category code observed in official source; use the official description/codebook for meaning.
ant_im,4,"Presence of an anterior myocardial infarction (left ventricular) (ECG changes in leads V1: V4 )

0: there is no infarct in this location

1: QRS has no changes

2: QRS is like QR-complex

3: QRS is like Qr-complex

4: QRS is like QS-complex",Raw category code observed in official source; use the official description/codebook for meaning.
lat_im,0,"Presence of a lateral myocardial infarction (left ventricular) (ECG changes in leads V5: V6 , I, AVL)

0: there is no infarct in this location

1: QRS has no changes

2: QRS is like QR-complex

3: QRS is like Qr-complex

4: QRS is like QS-complex",Raw category code observed in official source; use the official description/codebook for meaning.
lat_im,1,"Presence of a lateral myocardial infarction (left ventricular) (ECG changes in leads V5: V6 , I, AVL)

0: there is no infarct in this location

1: QRS has no changes

2: QRS is like QR-complex

3: QRS is like Qr-complex

4: QRS is like QS-complex",Raw category code observed in official source; use the official description/codebook for meaning.
lat_im,2,"Presence of a lateral myocardial infarction (left ventricular) (ECG changes in leads V5: V6 , I, AVL)

0: there is no infarct in this location

1: QRS has no changes

2: QRS is like QR-complex

3: QRS is like Qr-complex

4: QRS is like QS-complex",Raw category code observed in official source; use the official description/codebook for meaning.
lat_im,3,"Presence of a lateral myocardial infarction (left ventricular) (ECG changes in leads V5: V6 , I, AVL)

0: there is no infarct in this location

1: QRS has no changes

2: QRS is like QR-complex

3: QRS is like Qr-complex

4: QRS is like QS-complex",Raw category code observed in official source; use the official description/codebook for meaning.
lat_im,4,"Presence of a lateral myocardial infarction (left ventricular) (ECG changes in leads V5: V6 , I, AVL)

0: there is no infarct in this location

1: QRS has no changes

2: QRS is like QR-complex

3: QRS is like Qr-complex

4: QRS is like QS-complex",Raw category code observed in official source; use the official description/codebook for meaning.
inf_im,0,"Presence of an inferior myocardial infarction (left ventricular) (ECG changes in leads III, AVF, II).

0: there is no infarct in this location

1: QRS has no changes

2: QRS is like QR-complex

3: QRS is like Qr-complex

4: QRS is like QS-complex",Raw category code observed in official source; use the official description/codebook for meaning.
inf_im,1,"Presence of an inferior myocardial infarction (left ventricular) (ECG changes in leads III, AVF, II).

0: there is no infarct in this location

1: QRS has no changes

2: QRS is like QR-complex

3: QRS is like Qr-complex

4: QRS is like QS-complex",Raw category code observed in official source; use the official description/codebook for meaning.
inf_im,2,"Presence of an inferior myocardial infarction (left ventricular) (ECG changes in leads III, AVF, II).

0: there is no infarct in this location

1: QRS has no changes

2: QRS is like QR-complex

3: QRS is like Qr-complex

4: QRS is like QS-complex",Raw category code observed in official source; use the official description/codebook for meaning.
inf_im,3,"Presence of an inferior myocardial infarction (left ventricular) (ECG changes in leads III, AVF, II).

0: there is no infarct in this location

1: QRS has no changes

2: QRS is like QR-complex

3: QRS is like Qr-complex

4: QRS is like QS-complex",Raw category code observed in official source; use the official description/codebook for meaning.
inf_im,4,"Presence of an inferior myocardial infarction (left ventricular) (ECG changes in leads III, AVF, II).

0: there is no infarct in this location

1: QRS has no changes

2: QRS is like QR-complex

3: QRS is like Qr-complex

4: QRS is like QS-complex",Raw category code observed in official source; use the official description/codebook for meaning.
post_im,0,"Presence of a posterior myocardial infarction (left ventricular) (ECG changes in V7: V9, reciprocity changes in leads V1 – V3)

0: there is no infarct in this location

1: QRS has no changes

2: QRS is like QR-complex

3: QRS is like Qr-complex

4: QRS is like QS-complex",Raw category code observed in official source; use the official description/codebook for meaning.
post_im,1,"Presence of a posterior myocardial infarction (left ventricular) (ECG changes in V7: V9, reciprocity changes in leads V1 – V3)

0: there is no infarct in this location

1: QRS has no changes

2: QRS is like QR-complex

3: QRS is like Qr-complex

4: QRS is like QS-complex",Raw category code observed in official source; use the official description/codebook for meaning.
post_im,2,"Presence of a posterior myocardial infarction (left ventricular) (ECG changes in V7: V9, reciprocity changes in leads V1 – V3)

0: there is no infarct in this location

1: QRS has no changes

2: QRS is like QR-complex

3: QRS is like Qr-complex

4: QRS is like QS-complex",Raw category code observed in official source; use the official description/codebook for meaning.
post_im,3,"Presence of a posterior myocardial infarction (left ventricular) (ECG changes in V7: V9, reciprocity changes in leads V1 – V3)

0: there is no infarct in this location

1: QRS has no changes

2: QRS is like QR-complex

3: QRS is like Qr-complex

4: QRS is like QS-complex",Raw category code observed in official source; use the official description/codebook for meaning.
post_im,4,"Presence of a posterior myocardial infarction (left ventricular) (ECG changes in V7: V9, reciprocity changes in leads V1 – V3)

0: there is no infarct in this location

1: QRS has no changes

2: QRS is like QR-complex

3: QRS is like Qr-complex

4: QRS is like QS-complex",Raw category code observed in official source; use the official description/codebook for meaning.
IM_PG_P,0,Presence of a right ventricular myocardial infarction,Raw category code observed in official source; use the official description/codebook for meaning.
IM_PG_P,1,Presence of a right ventricular myocardial infarction,Raw category code observed in official source; use the official description/codebook for meaning.
ritm_ecg_p_01,0,ECG rhythm at the time of admission to hospital: sinus (with a heart rate 60-90),Raw category code observed in official source; use the official description/codebook for meaning.
ritm_ecg_p_01,1,ECG rhythm at the time of admission to hospital: sinus (with a heart rate 60-90),Raw category code observed in official source; use the official description/codebook for meaning.
ritm_ecg_p_02,0,ECG rhythm at the time of admission to hospital: atrial fibrillation,Raw category code observed in official source; use the official description/codebook for meaning.
ritm_ecg_p_02,1,ECG rhythm at the time of admission to hospital: atrial fibrillation,Raw category code observed in official source; use the official description/codebook for meaning.
ritm_ecg_p_04,0,ECG rhythm at the time of admission to hospital: atrial,Raw category code observed in official source; use the official description/codebook for meaning.
ritm_ecg_p_04,1,ECG rhythm at the time of admission to hospital: atrial,Raw category code observed in official source; use the official description/codebook for meaning.
ritm_ecg_p_06,0,ECG rhythm at the time of admission to hospital: idioventricular,Raw category code observed in official source; use the official description/codebook for meaning.
ritm_ecg_p_06,1,ECG rhythm at the time of admission to hospital: idioventricular,Raw category code observed in official source; use the official description/codebook for meaning.
ritm_ecg_p_07,0,ECG rhythm at the time of admission to hospital: sinus with a heart rate above 90 (tachycardia),Raw category code observed in official source; use the official description/codebook for meaning.
ritm_ecg_p_07,1,ECG rhythm at the time of admission to hospital: sinus with a heart rate above 90 (tachycardia),Raw category code observed in official source; use the official description/codebook for meaning.
ritm_ecg_p_08,0,ECG rhythm at the time of admission to hospital: sinus with a heart rate below 60 (bradycardia),Raw category code observed in official source; use the official description/codebook for meaning.
ritm_ecg_p_08,1,ECG rhythm at the time of admission to hospital: sinus with a heart rate below 60 (bradycardia),Raw category code observed in official source; use the official description/codebook for meaning.
n_r_ecg_p_01,0,Premature atrial contractions on ECG at the time of admission to hospital,Raw category code observed in official source; use the official description/codebook for meaning.
n_r_ecg_p_01,1,Premature atrial contractions on ECG at the time of admission to hospital,Raw category code observed in official source; use the official description/codebook for meaning.
n_r_ecg_p_02,0,Frequent premature atrial contractions on ECG at the time of admission to hospital,Raw category code observed in official source; use the official description/codebook for meaning.
n_r_ecg_p_02,1,Frequent premature atrial contractions on ECG at the time of admission to hospital,Raw category code observed in official source; use the official description/codebook for meaning.
n_r_ecg_p_03,0,Premature ventricular contractions on ECG at the time of admission to hospital,Raw category code observed in official source; use the official description/codebook for meaning.
n_r_ecg_p_03,1,Premature ventricular contractions on ECG at the time of admission to hospital,Raw category code observed in official source; use the official description/codebook for meaning.
n_r_ecg_p_04,0,Frequent premature ventricular contractions on ECG at the time of admission to hospital,Raw category code observed in official source; use the official description/codebook for meaning.
n_r_ecg_p_04,1,Frequent premature ventricular contractions on ECG at the time of admission to hospital,Raw category code observed in official source; use the official description/codebook for meaning.
n_r_ecg_p_05,0,Paroxysms of atrial fibrillation on ECG at the time of admission to hospital,Raw category code observed in official source; use the official description/codebook for meaning.
n_r_ecg_p_05,1,Paroxysms of atrial fibrillation on ECG at the time of admission to hospital,Raw category code observed in official source; use the official description/codebook for meaning.
n_r_ecg_p_06,0,Persistent form of atrial fibrillation on ECG at the time of admission to hospital,Raw category code observed in official source; use the official description/codebook for meaning.
n_r_ecg_p_06,1,Persistent form of atrial fibrillation on ECG at the time of admission to hospital,Raw category code observed in official source; use the official description/codebook for meaning.
n_r_ecg_p_08,0,Paroxysms of supraventricular tachycardia on ECG at the time of admission to hospital,Raw category code observed in official source; use the official description/codebook for meaning.
n_r_ecg_p_08,1,Paroxysms of supraventricular tachycardia on ECG at the time of admission to hospital,Raw category code observed in official source; use the official description/codebook for meaning.
n_r_ecg_p_09,0,Paroxysms of ventricular tachycardia on ECG at the time of admission to hospital,Raw category code observed in official source; use the official description/codebook for meaning.
n_r_ecg_p_09,1,Paroxysms of ventricular tachycardia on ECG at the time of admission to hospital,Raw category code observed in official source; use the official description/codebook for meaning.
n_r_ecg_p_10,0,Ventricular fibrillation on ECG at the time of admission to hospital,Raw category code observed in official source; use the official description/codebook for meaning.
n_r_ecg_p_10,1,Ventricular fibrillation on ECG at the time of admission to hospital,Raw category code observed in official source; use the official description/codebook for meaning.
n_p_ecg_p_01,0,Sinoatrial block on ECG at the time of admission to hospital,Raw category code observed in official source; use the official description/codebook for meaning.
n_p_ecg_p_01,1,Sinoatrial block on ECG at the time of admission to hospital,Raw category code observed in official source; use the official description/codebook for meaning.
n_p_ecg_p_03,0,First-degree AV block on ECG at the time of admission to hospital,Raw category code observed in official source; use the official description/codebook for meaning.
n_p_ecg_p_03,1,First-degree AV block on ECG at the time of admission to hospital,Raw category code observed in official source; use the official description/codebook for meaning.
n_p_ecg_p_04,0,Type 1 Second-degree AV block (Mobitz I/Wenckebach) on ECG at the time of admission to hospital,Raw category code observed in official source; use the official description/codebook for meaning.
n_p_ecg_p_04,1,Type 1 Second-degree AV block (Mobitz I/Wenckebach) on ECG at the time of admission to hospital,Raw category code observed in official source; use the official description/codebook for meaning.
n_p_ecg_p_05,0,Type 2 Second-degree AV block (Mobitz II/Hay) on ECG at the time of admission to hospital,Raw category code observed in official source; use the official description/codebook for meaning.
n_p_ecg_p_05,1,Type 2 Second-degree AV block (Mobitz II/Hay) on ECG at the time of admission to hospital,Raw category code observed in official source; use the official description/codebook for meaning.
n_p_ecg_p_06,0,Third-degree AV block on ECG at the time of admission to hospital,Raw category code observed in official source; use the official description/codebook for meaning.
n_p_ecg_p_06,1,Third-degree AV block on ECG at the time of admission to hospital,Raw category code observed in official source; use the official description/codebook for meaning.
n_p_ecg_p_07,0,LBBB (anterior branch) on ECG at the time of admission to hospital,Raw category code observed in official source; use the official description/codebook for meaning.
n_p_ecg_p_07,1,LBBB (anterior branch) on ECG at the time of admission to hospital,Raw category code observed in official source; use the official description/codebook for meaning.
n_p_ecg_p_08,0,LBBB (posterior branch) on ECG at the time of admission to hospital,Raw category code observed in official source; use the official description/codebook for meaning.
n_p_ecg_p_08,1,LBBB (posterior branch) on ECG at the time of admission to hospital,Raw category code observed in official source; use the official description/codebook for meaning.
n_p_ecg_p_09,0,Incomplete LBBB on ECG at the time of admission to hospital,Raw category code observed in official source; use the official description/codebook for meaning.
n_p_ecg_p_09,1,Incomplete LBBB on ECG at the time of admission to hospital,Raw category code observed in official source; use the official description/codebook for meaning.
n_p_ecg_p_10,0,Complete LBBB on ECG at the time of admission to hospital,Raw category code observed in official source; use the official description/codebook for meaning.
n_p_ecg_p_10,1,Complete LBBB on ECG at the time of admission to hospital,Raw category code observed in official source; use the official description/codebook for meaning.
n_p_ecg_p_11,0,Incomplete RBBB on ECG at the time of admission to hospital,Raw category code observed in official source; use the official description/codebook for meaning.
n_p_ecg_p_11,1,Incomplete RBBB on ECG at the time of admission to hospital,Raw category code observed in official source; use the official description/codebook for meaning.
n_p_ecg_p_12,0,Complete RBBB on ECG at the time of admission to hospital,Raw category code observed in official source; use the official description/codebook for meaning.
n_p_ecg_p_12,1,Complete RBBB on ECG at the time of admission to hospital,Raw category code observed in official source; use the official description/codebook for meaning.
fibr_ter_01,0,Fibrinolytic therapy by Сеliasum 750k,Raw category code observed in official source; use the official description/codebook for meaning.
fibr_ter_01,1,Fibrinolytic therapy by Сеliasum 750k,Raw category code observed in official source; use the official description/codebook for meaning.
fibr_ter_02,0,Fibrinolytic therapy by Сеliasum 1m IU,Raw category code observed in official source; use the official description/codebook for meaning.
fibr_ter_02,1,Fibrinolytic therapy by Сеliasum 1m IU,Raw category code observed in official source; use the official description/codebook for meaning.
fibr_ter_03,0,Fibrinolytic therapy by Сеliasum 3m IU,Raw category code observed in official source; use the official description/codebook for meaning.
fibr_ter_03,1,Fibrinolytic therapy by Сеliasum 3m IU,Raw category code observed in official source; use the official description/codebook for meaning.
fibr_ter_05,0,Fibrinolytic therapy by Streptase,Raw category code observed in official source; use the official description/codebook for meaning.
fibr_ter_05,1,Fibrinolytic therapy by Streptase,Raw category code observed in official source; use the official description/codebook for meaning.
fibr_ter_06,0,Fibrinolytic therapy by Сеliasum 500k,Raw category code observed in official source; use the official description/codebook for meaning.
fibr_ter_06,1,Fibrinolytic therapy by Сеliasum 500k,Raw category code observed in official source; use the official description/codebook for meaning.
fibr_ter_07,0,Fibrinolytic therapy by Сеliasum 250k,Raw category code observed in official source; use the official description/codebook for meaning.
fibr_ter_07,1,Fibrinolytic therapy by Сеliasum 250k,Raw category code observed in official source; use the official description/codebook for meaning.
fibr_ter_08,0,Fibrinolytic therapy by Сеliasum 1.5m IU,Raw category code observed in official source; use the official description/codebook for meaning.
fibr_ter_08,1,Fibrinolytic therapy by Сеliasum 1.5m IU,Raw category code observed in official source; use the official description/codebook for meaning.
GIPO_K,0,Hypokalemia ( < 4 mmol/L),Raw category code observed in official source; use the official description/codebook for meaning.
GIPO_K,1,Hypokalemia ( < 4 mmol/L),Raw category code observed in official source; use the official description/codebook for meaning.
GIPER_NA,0,Increase of sodium in serum (more than 150 mmol/L),Raw category code observed in official source; use the official description/codebook for meaning.
GIPER_NA,1,Increase of sodium in serum (more than 150 mmol/L),Raw category code observed in official source; use the official description/codebook for meaning.
KFK_BLOOD,1.2,Serum CPK content,Raw category code observed in official source; use the official description/codebook for meaning.
KFK_BLOOD,1.4,Serum CPK content,Raw category code observed in official source; use the official description/codebook for meaning.
KFK_BLOOD,1.8,Serum CPK content,Raw category code observed in official source; use the official description/codebook for meaning.
KFK_BLOOD,3.6,Serum CPK content,Raw category code observed in official source; use the official description/codebook for meaning.
TIME_B_S,1,"Time elapsed from the beginning of the attack of CHD to the hospital

1: less than 2 hours

2: 2-4 hours

3: 4-6 hours

4: 6-8 hours

5: 8-12 hours

6: 12-24 hours

7: more than 1 days

8: more than 2 days

9: more than 3 days",Raw category code observed in official source; use the official description/codebook for meaning.
TIME_B_S,2,"Time elapsed from the beginning of the attack of CHD to the hospital

1: less than 2 hours

2: 2-4 hours

3: 4-6 hours

4: 6-8 hours

5: 8-12 hours

6: 12-24 hours

7: more than 1 days

8: more than 2 days

9: more than 3 days",Raw category code observed in official source; use the official description/codebook for meaning.
TIME_B_S,3,"Time elapsed from the beginning of the attack of CHD to the hospital

1: less than 2 hours

2: 2-4 hours

3: 4-6 hours

4: 6-8 hours

5: 8-12 hours

6: 12-24 hours

7: more than 1 days

8: more than 2 days

9: more than 3 days",Raw category code observed in official source; use the official description/codebook for meaning.
TIME_B_S,4,"Time elapsed from the beginning of the attack of CHD to the hospital

1: less than 2 hours

2: 2-4 hours

3: 4-6 hours

4: 6-8 hours

5: 8-12 hours

6: 12-24 hours

7: more than 1 days

8: more than 2 days

9: more than 3 days",Raw category code observed in official source; use the official description/codebook for meaning.
TIME_B_S,5,"Time elapsed from the beginning of the attack of CHD to the hospital

1: less than 2 hours

2: 2-4 hours

3: 4-6 hours

4: 6-8 hours

5: 8-12 hours

6: 12-24 hours

7: more than 1 days

8: more than 2 days

9: more than 3 days",Raw category code observed in official source; use the official description/codebook for meaning.
TIME_B_S,6,"Time elapsed from the beginning of the attack of CHD to the hospital

1: less than 2 hours

2: 2-4 hours

3: 4-6 hours

4: 6-8 hours

5: 8-12 hours

6: 12-24 hours

7: more than 1 days

8: more than 2 days

9: more than 3 days",Raw category code observed in official source; use the official description/codebook for meaning.
TIME_B_S,7,"Time elapsed from the beginning of the attack of CHD to the hospital

1: less than 2 hours

2: 2-4 hours

3: 4-6 hours

4: 6-8 hours

5: 8-12 hours

6: 12-24 hours

7: more than 1 days

8: more than 2 days

9: more than 3 days",Raw category code observed in official source; use the official description/codebook for meaning.
TIME_B_S,8,"Time elapsed from the beginning of the attack of CHD to the hospital

1: less than 2 hours

2: 2-4 hours

3: 4-6 hours

4: 6-8 hours

5: 8-12 hours

6: 12-24 hours

7: more than 1 days

8: more than 2 days

9: more than 3 days",Raw category code observed in official source; use the official description/codebook for meaning.
TIME_B_S,9,"Time elapsed from the beginning of the attack of CHD to the hospital

1: less than 2 hours

2: 2-4 hours

3: 4-6 hours

4: 6-8 hours

5: 8-12 hours

6: 12-24 hours

7: more than 1 days

8: more than 2 days

9: more than 3 days",Raw category code observed in official source; use the official description/codebook for meaning.
R_AB_1_n,0,"Relapse of the pain in the first hours of the hospital period

0: there is no relapse

1: only one

2: 2 times

3: 3 or more times",Raw category code observed in official source; use the official description/codebook for meaning.
R_AB_1_n,1,"Relapse of the pain in the first hours of the hospital period

0: there is no relapse

1: only one

2: 2 times

3: 3 or more times",Raw category code observed in official source; use the official description/codebook for meaning.
R_AB_1_n,2,"Relapse of the pain in the first hours of the hospital period

0: there is no relapse

1: only one

2: 2 times

3: 3 or more times",Raw category code observed in official source; use the official description/codebook for meaning.
R_AB_1_n,3,"Relapse of the pain in the first hours of the hospital period

0: there is no relapse

1: only one

2: 2 times

3: 3 or more times",Raw category code observed in official source; use the official description/codebook for meaning.
R_AB_2_n,0,"Relapse of the pain in the second day of the hospital period

0: there is no relapse

1: only one

2: 2 times

3: 3 or more times",Raw category code observed in official source; use the official description/codebook for meaning.
R_AB_2_n,1,"Relapse of the pain in the second day of the hospital period

0: there is no relapse

1: only one

2: 2 times

3: 3 or more times",Raw category code observed in official source; use the official description/codebook for meaning.
R_AB_2_n,2,"Relapse of the pain in the second day of the hospital period

0: there is no relapse

1: only one

2: 2 times

3: 3 or more times",Raw category code observed in official source; use the official description/codebook for meaning.
R_AB_2_n,3,"Relapse of the pain in the second day of the hospital period

0: there is no relapse

1: only one

2: 2 times

3: 3 or more times",Raw category code observed in official source; use the official description/codebook for meaning.
R_AB_3_n,0,"Relapse of the pain in the third day of the hospital period

0: there is no relapse

1: only one

2: 2 times

3: 3 or more times",Raw category code observed in official source; use the official description/codebook for meaning.
R_AB_3_n,1,"Relapse of the pain in the third day of the hospital period

0: there is no relapse

1: only one

2: 2 times

3: 3 or more times",Raw category code observed in official source; use the official description/codebook for meaning.
R_AB_3_n,2,"Relapse of the pain in the third day of the hospital period

0: there is no relapse

1: only one

2: 2 times

3: 3 or more times",Raw category code observed in official source; use the official description/codebook for meaning.
R_AB_3_n,3,"Relapse of the pain in the third day of the hospital period

0: there is no relapse

1: only one

2: 2 times

3: 3 or more times",Raw category code observed in official source; use the official description/codebook for meaning.
NA_KB,0,Use of opioid drugs by the Emergency Cardiology Team,Raw category code observed in official source; use the official description/codebook for meaning.
NA_KB,1,Use of opioid drugs by the Emergency Cardiology Team,Raw category code observed in official source; use the official description/codebook for meaning.
NOT_NA_KB,0,Use of NSAIDs by the Emergency Cardiology Team,Raw category code observed in official source; use the official description/codebook for meaning.
NOT_NA_KB,1,Use of NSAIDs by the Emergency Cardiology Team,Raw category code observed in official source; use the official description/codebook for meaning.
LID_KB,0,Use of lidocaine by the Emergency Cardiology Team,Raw category code observed in official source; use the official description/codebook for meaning.
LID_KB,1,Use of lidocaine by the Emergency Cardiology Team,Raw category code observed in official source; use the official description/codebook for meaning.
NITR_S,0,Use of liquid nitrates in the ICU,Raw category code observed in official source; use the official description/codebook for meaning.
NITR_S,1,Use of liquid nitrates in the ICU,Raw category code observed in official source; use the official description/codebook for meaning.
NA_R_1_n,0,Use of opioid drugs in the ICU in the first hours of the hospital period,Raw category code observed in official source; use the official description/codebook for meaning.
NA_R_1_n,1,Use of opioid drugs in the ICU in the first hours of the hospital period,Raw category code observed in official source; use the official description/codebook for meaning.
NA_R_1_n,2,Use of opioid drugs in the ICU in the first hours of the hospital period,Raw category code observed in official source; use the official description/codebook for meaning.
NA_R_1_n,3,Use of opioid drugs in the ICU in the first hours of the hospital period,Raw category code observed in official source; use the official description/codebook for meaning.
NA_R_1_n,4,Use of opioid drugs in the ICU in the first hours of the hospital period,Raw category code observed in official source; use the official description/codebook for meaning.
NA_R_2_n,0,Use of opioid drugs in the ICU in the second day of the hospital period,Raw category code observed in official source; use the official description/codebook for meaning.
NA_R_2_n,1,Use of opioid drugs in the ICU in the second day of the hospital period,Raw category code observed in official source; use the official description/codebook for meaning.
NA_R_2_n,2,Use of opioid drugs in the ICU in the second day of the hospital period,Raw category code observed in official source; use the official description/codebook for meaning.
NA_R_2_n,3,Use of opioid drugs in the ICU in the second day of the hospital period,Raw category code observed in official source; use the official description/codebook for meaning.
NA_R_3_n,0,Use of opioid drugs in the ICU in the third day of the hospital period,Raw category code observed in official source; use the official description/codebook for meaning.
NA_R_3_n,1,Use of opioid drugs in the ICU in the third day of the hospital period,Raw category code observed in official source; use the official description/codebook for meaning.
NA_R_3_n,2,Use of opioid drugs in the ICU in the third day of the hospital period,Raw category code observed in official source; use the official description/codebook for meaning.
NOT_NA_1_n,0,"Use of NSAIDs in the ICU in the first hours of the hospital period

0: no

1: once

2: twice

3: three times

4: four or more times",Raw category code observed in official source; use the official description/codebook for meaning.
NOT_NA_1_n,1,"Use of NSAIDs in the ICU in the first hours of the hospital period

0: no

1: once

2: twice

3: three times

4: four or more times",Raw category code observed in official source; use the official description/codebook for meaning.
NOT_NA_1_n,2,"Use of NSAIDs in the ICU in the first hours of the hospital period

0: no

1: once

2: twice

3: three times

4: four or more times",Raw category code observed in official source; use the official description/codebook for meaning.
NOT_NA_1_n,3,"Use of NSAIDs in the ICU in the first hours of the hospital period

0: no

1: once

2: twice

3: three times

4: four or more times",Raw category code observed in official source; use the official description/codebook for meaning.
NOT_NA_1_n,4,"Use of NSAIDs in the ICU in the first hours of the hospital period

0: no

1: once

2: twice

3: three times

4: four or more times",Raw category code observed in official source; use the official description/codebook for meaning.
NOT_NA_2_n,0,Use of NSAIDs in the ICU in the second day of the hospital period,Raw category code observed in official source; use the official description/codebook for meaning.
NOT_NA_2_n,1,Use of NSAIDs in the ICU in the second day of the hospital period,Raw category code observed in official source; use the official description/codebook for meaning.
NOT_NA_2_n,2,Use of NSAIDs in the ICU in the second day of the hospital period,Raw category code observed in official source; use the official description/codebook for meaning.
NOT_NA_2_n,3,Use of NSAIDs in the ICU in the second day of the hospital period,Raw category code observed in official source; use the official description/codebook for meaning.
NOT_NA_3_n,0,Use of NSAIDs in the ICU in the third day of the hospital period,Raw category code observed in official source; use the official description/codebook for meaning.
NOT_NA_3_n,1,Use of NSAIDs in the ICU in the third day of the hospital period,Raw category code observed in official source; use the official description/codebook for meaning.
NOT_NA_3_n,2,Use of NSAIDs in the ICU in the third day of the hospital period,Raw category code observed in official source; use the official description/codebook for meaning.
LID_S_n,0,Use of lidocaine in the ICU,Raw category code observed in official source; use the official description/codebook for meaning.
LID_S_n,1,Use of lidocaine in the ICU,Raw category code observed in official source; use the official description/codebook for meaning.
B_BLOK_S_n,0,Use of beta-blockers in the ICU,Raw category code observed in official source; use the official description/codebook for meaning.
B_BLOK_S_n,1,Use of beta-blockers in the ICU,Raw category code observed in official source; use the official description/codebook for meaning.
ANT_CA_S_n,0,Use of calcium channel blockers in the ICU,Raw category code observed in official source; use the official description/codebook for meaning.
ANT_CA_S_n,1,Use of calcium channel blockers in the ICU,Raw category code observed in official source; use the official description/codebook for meaning.
GEPAR_S_n,0,Use of а anticoagulants (heparin) in the ICU,Raw category code observed in official source; use the official description/codebook for meaning.
GEPAR_S_n,1,Use of а anticoagulants (heparin) in the ICU,Raw category code observed in official source; use the official description/codebook for meaning.
ASP_S_n,0,Use of acetylsalicylic acid in the ICU,Raw category code observed in official source; use the official description/codebook for meaning.
ASP_S_n,1,Use of acetylsalicylic acid in the ICU,Raw category code observed in official source; use the official description/codebook for meaning.
TIKL_S_n,0,Use of Ticlid in the ICU,Raw category code observed in official source; use the official description/codebook for meaning.
TIKL_S_n,1,Use of Ticlid in the ICU,Raw category code observed in official source; use the official description/codebook for meaning.
TRENT_S_n,0,Use of Trental in the ICU,Raw category code observed in official source; use the official description/codebook for meaning.
TRENT_S_n,1,Use of Trental in the ICU,Raw category code observed in official source; use the official description/codebook for meaning.
FIBR_PREDS,0,Atrial fibrillation,Raw category code observed in official source; use the official description/codebook for meaning.
FIBR_PREDS,1,Atrial fibrillation,Raw category code observed in official source; use the official description/codebook for meaning.
PREDS_TAH,0,Supraventricular tachycardia,Raw category code observed in official source; use the official description/codebook for meaning.
PREDS_TAH,1,Supraventricular tachycardia,Raw category code observed in official source; use the official description/codebook for meaning.
JELUD_TAH,0,Ventricular tachycardia,Raw category code observed in official source; use the official description/codebook for meaning.
JELUD_TAH,1,Ventricular tachycardia,Raw category code observed in official source; use the official description/codebook for meaning.
FIBR_JELUD,0,Ventricular fibrillation,Raw category code observed in official source; use the official description/codebook for meaning.
FIBR_JELUD,1,Ventricular fibrillation,Raw category code observed in official source; use the official description/codebook for meaning.
A_V_BLOK,0,Third-degree AV block,Raw category code observed in official source; use the official description/codebook for meaning.
A_V_BLOK,1,Third-degree AV block,Raw category code observed in official source; use the official description/codebook for meaning.
OTEK_LANC,0,Pulmonary edema,Raw category code observed in official source; use the official description/codebook for meaning.
OTEK_LANC,1,Pulmonary edema,Raw category code observed in official source; use the official description/codebook for meaning.
RAZRIV,0,Myocardial rupture,Raw category code observed in official source; use the official description/codebook for meaning.
RAZRIV,1,Myocardial rupture,Raw category code observed in official source; use the official description/codebook for meaning.
DRESSLER,0,Dressler syndrome,Raw category code observed in official source; use the official description/codebook for meaning.
DRESSLER,1,Dressler syndrome,Raw category code observed in official source; use the official description/codebook for meaning.
ZSN,0,Chronic heart failure,Raw category code observed in official source; use the official description/codebook for meaning.
ZSN,1,Chronic heart failure,Raw category code observed in official source; use the official description/codebook for meaning.
REC_IM,0,Relapse of the myocardial infarction,Raw category code observed in official source; use the official description/codebook for meaning.
REC_IM,1,Relapse of the myocardial infarction,Raw category code observed in official source; use the official description/codebook for meaning.
P_IM_STEN,0,Post-infarction angina,Raw category code observed in official source; use the official description/codebook for meaning.
P_IM_STEN,1,Post-infarction angina,Raw category code observed in official source; use the official description/codebook for meaning.
LET_IS,0,"Lethal outcome (cause)

0: unknown (alive)

1: cardiogenic shock

2: pulmonary edema

3: myocardial rupture

4: progress of congestive heart failure

5: thromboembolism

6: asystole

7: ventricular fibrillation",Raw category code observed in official source; use the official description/codebook for meaning.
LET_IS,1,"Lethal outcome (cause)

0: unknown (alive)

1: cardiogenic shock

2: pulmonary edema

3: myocardial rupture

4: progress of congestive heart failure

5: thromboembolism

6: asystole

7: ventricular fibrillation",Raw category code observed in official source; use the official description/codebook for meaning.
LET_IS,2,"Lethal outcome (cause)

0: unknown (alive)

1: cardiogenic shock

2: pulmonary edema

3: myocardial rupture

4: progress of congestive heart failure

5: thromboembolism

6: asystole

7: ventricular fibrillation",Raw category code observed in official source; use the official description/codebook for meaning.
LET_IS,3,"Lethal outcome (cause)

0: unknown (alive)

1: cardiogenic shock

2: pulmonary edema

3: myocardial rupture

4: progress of congestive heart failure

5: thromboembolism

6: asystole

7: ventricular fibrillation",Raw category code observed in official source; use the official description/codebook for meaning.
LET_IS,4,"Lethal outcome (cause)

0: unknown (alive)

1: cardiogenic shock

2: pulmonary edema

3: myocardial rupture

4: progress of congestive heart failure

5: thromboembolism

6: asystole

7: ventricular fibrillation",Raw category code observed in official source; use the official description/codebook for meaning.
LET_IS,5,"Lethal outcome (cause)

0: unknown (alive)

1: cardiogenic shock

2: pulmonary edema

3: myocardial rupture

4: progress of congestive heart failure

5: thromboembolism

6: asystole

7: ventricular fibrillation",Raw category code observed in official source; use the official description/codebook for meaning.
LET_IS,6,"Lethal outcome (cause)

0: unknown (alive)

1: cardiogenic shock

2: pulmonary edema

3: myocardial rupture

4: progress of congestive heart failure

5: thromboembolism

6: asystole

7: ventricular fibrillation",Raw category code observed in official source; use the official description/codebook for meaning.
LET_IS,7,"Lethal outcome (cause)

0: unknown (alive)

1: cardiogenic shock

2: pulmonary edema

3: myocardial rupture

4: progress of congestive heart failure

5: thromboembolism

6: asystole

7: ventricular fibrillation",Raw category code observed in official source; use the official description/codebook for meaning.
