portfolio_row_id,ID,Age,Education,Absenteeism time in hours,Reason for absence,Month of absence,Day of the week,Seasons,Transportation expense,Distance from Residence to Work,Service time,Work load Average/day ,Hit target,Disciplinary failure,Son,Social drinker,Social smoker,Pet,Weight,Height,Body mass index
1,22,30,3,2,13,6,5,3,179,26,9,275.089,96,0,0,0,0,0,56,171,19
2,15,40,1,1,28,12,4,4,291,31,12,280.549,98,0,1,1,0,1,73,171,25
3,22,30,3,2,13,3,2,3,179,26,9,222.196,99,0,0,0,0,0,56,171,19
4,3,38,1,8,18,5,3,3,179,51,18,378.884,92,0,0,1,0,0,89,170,31
5,5,43,1,0,0,11,5,4,235,20,13,268.519,93,1,1,1,0,0,106,167,38
6,15,40,1,8,22,5,4,3,291,31,12,237.656,99,0,1,1,0,1,73,171,25
7,15,40,1,40,14,11,2,4,291,31,12,306.345,93,0,1,1,0,1,73,171,25
8,33,47,1,2,23,10,4,4,248,25,14,253.465,93,0,2,0,0,1,86,165,32
9,3,38,1,2,27,2,4,2,179,51,18,264.249,97,0,0,1,0,0,89,170,31
10,22,30,3,2,27,5,6,3,179,26,9,237.656,99,0,0,0,0,0,56,171,19
11,28,28,1,2,23,11,6,4,225,26,9,268.519,93,0,1,0,0,2,69,169,24
12,33,47,1,2,23,11,2,4,248,25,14,284.031,97,0,2,0,0,1,86,165,32
13,28,28,1,4,23,10,3,4,225,26,9,284.853,91,0,1,0,0,2,69,169,24
14,34,37,1,64,19,12,3,4,118,10,10,261.306,97,0,0,0,0,0,83,172,28
15,36,50,1,0,0,10,6,4,118,13,18,265.017,88,1,1,1,0,0,98,178,31
16,20,36,1,4,26,7,2,1,260,50,11,230.29,92,0,4,1,0,0,65,168,23
17,20,36,1,4,28,4,6,3,260,50,11,326.452,96,0,4,1,0,0,65,168,23
18,29,41,4,8,14,5,5,3,225,15,15,237.656,99,0,2,1,0,2,94,182,28
19,3,38,1,3,23,9,6,4,179,51,18,241.476,92,0,0,1,0,0,89,170,31
20,3,38,1,3,27,2,6,2,179,51,18,251.818,96,0,0,1,0,0,89,170,31
21,20,36,1,4,28,12,6,4,260,50,11,236.629,93,0,4,1,0,0,65,168,23
22,1,37,3,8,22,4,6,3,235,11,14,246.288,91,0,1,0,0,1,88,172,29
23,6,33,1,8,22,2,2,2,189,29,13,251.818,96,0,2,0,0,2,69,167,25
24,34,37,1,3,28,11,4,4,118,10,10,268.519,93,0,0,0,0,0,83,172,28
25,14,34,1,2,28,2,5,2,155,12,14,302.585,99,0,2,1,0,0,95,196,25
26,13,31,1,8,22,3,4,3,369,17,12,222.196,99,0,3,1,0,0,70,169,25
27,10,28,1,8,7,5,2,3,361,52,3,237.656,99,0,1,1,0,4,80,172,27
28,1,37,3,8,22,7,2,1,235,11,14,239.554,97,0,1,0,0,1,88,172,29
29,10,28,1,8,22,7,3,1,361,52,3,275.312,98,0,1,1,0,4,80,172,27
30,3,38,1,3,27,3,5,2,179,51,18,222.196,99,0,0,1,0,0,89,170,31
31,15,40,1,2,28,10,4,4,291,31,12,284.853,91,0,1,1,0,1,73,171,25
32,28,28,1,3,14,11,5,4,225,26,9,268.519,93,0,1,0,0,2,69,169,24
33,34,37,1,2,8,6,6,1,118,10,10,275.089,96,0,0,0,0,0,83,172,28
34,28,28,1,2,23,6,4,1,225,26,9,253.957,95,0,1,0,0,2,69,169,24
35,22,30,3,8,23,9,6,1,179,26,9,261.756,87,0,0,0,0,0,56,171,19
36,22,30,3,2,27,4,6,3,179,26,9,246.288,91,0,0,0,0,0,56,171,19
37,3,38,1,2,28,12,2,4,179,51,18,236.629,93,0,0,1,0,0,89,170,31
38,15,40,1,4,23,6,5,3,291,31,12,377.55,94,0,1,1,0,1,73,171,25
39,3,38,1,1,28,10,4,4,179,51,18,265.017,88,0,0,1,0,0,89,170,31
40,3,38,1,2,23,7,6,1,179,51,18,239.554,97,0,0,1,0,0,89,170,31
41,8,39,1,0,0,0,4,2,231,35,14,271.219,95,0,2,1,0,2,100,170,35
42,28,28,1,3,23,12,5,4,225,26,9,280.549,98,0,1,0,0,2,69,169,24
43,14,34,1,16,19,7,3,1,155,12,14,275.312,98,0,2,1,0,0,95,196,25
44,3,38,1,3,28,10,4,4,179,51,18,284.853,91,0,0,1,0,0,89,170,31
45,22,30,3,1,23,2,3,2,179,26,9,302.585,99,0,0,0,0,0,56,171,19
46,3,38,1,3,28,11,5,4,179,51,18,284.031,97,0,0,1,0,0,89,170,31
47,34,37,1,2,27,1,4,2,118,10,10,308.593,95,0,0,0,0,0,83,172,28
48,28,28,1,3,23,12,6,4,225,26,9,280.549,98,0,1,0,0,2,69,169,24
49,28,28,1,8,11,3,2,3,225,26,9,343.253,95,0,1,0,0,2,69,169,24
50,15,40,1,1,23,10,6,4,291,31,12,284.853,91,0,1,1,0,1,73,171,25
51,22,30,3,1,13,3,2,3,179,26,9,343.253,95,0,0,0,0,0,56,171,19
52,3,38,1,1,28,1,4,2,179,51,18,330.061,100,0,0,1,0,0,89,170,31
53,20,36,1,3,28,10,6,4,260,50,11,253.465,93,0,4,1,0,0,65,168,23
54,10,28,1,8,22,11,3,4,361,52,3,268.519,93,0,1,1,0,4,80,172,27
55,34,37,1,2,27,1,3,2,118,10,10,308.593,95,0,0,0,0,0,83,172,28
56,23,36,1,8,1,11,2,4,378,49,11,284.031,97,0,2,0,1,4,65,174,21
57,30,29,1,4,28,8,4,1,157,27,6,205.917,92,0,0,1,1,0,75,185,22
58,34,37,1,2,28,2,3,2,118,10,10,251.818,96,0,0,0,0,0,83,172,28
59,3,38,1,24,13,3,3,2,179,51,18,343.253,95,0,0,1,0,0,89,170,31
60,4,40,1,0,0,0,3,1,118,14,13,271.219,95,0,1,1,0,8,98,170,34
61,28,28,1,1,23,3,6,2,225,26,9,343.253,95,0,1,0,0,2,69,169,24
62,20,36,1,3,28,8,2,1,260,50,11,249.797,93,0,4,1,0,0,65,168,23
63,15,40,1,4,28,9,6,1,291,31,12,294.217,81,0,1,1,0,1,73,171,25
64,20,36,1,0,0,9,2,4,260,50,11,241.476,92,1,4,1,0,0,65,168,23
65,3,38,1,8,13,2,3,2,179,51,18,264.249,97,0,0,1,0,0,89,170,31
66,36,50,1,2,23,5,2,3,118,13,18,237.656,99,0,1,1,0,0,98,178,31
67,3,38,1,2,23,8,6,1,179,51,18,205.917,92,0,0,1,0,0,89,170,31
68,22,30,3,2,27,1,2,2,179,26,9,313.532,96,0,0,0,0,0,56,171,19
69,3,38,1,2,27,3,4,2,179,51,18,222.196,99,0,0,1,0,0,89,170,31
70,3,38,1,3,23,9,3,1,179,51,18,241.476,92,0,0,1,0,0,89,170,31
71,9,58,1,8,18,5,4,3,228,14,16,246.074,99,0,2,0,0,1,65,172,22
72,12,31,2,8,19,6,6,3,233,51,1,275.089,96,0,1,1,0,8,68,178,21
73,3,38,1,8,11,9,2,1,179,51,18,294.217,81,0,0,1,0,0,89,170,31
74,3,38,1,3,27,2,4,2,179,51,18,251.818,96,0,0,1,0,0,89,170,31
75,28,28,1,3,23,10,6,4,225,26,9,253.465,93,0,1,0,0,2,69,169,24
76,1,37,3,8,19,8,5,1,235,11,14,265.615,94,0,1,0,0,1,88,172,29
77,20,36,1,3,28,2,6,2,260,50,11,251.818,96,0,4,1,0,0,65,168,23
78,8,39,1,0,0,9,3,1,231,35,14,294.217,81,1,2,1,0,2,100,170,35
79,11,33,1,4,23,8,3,1,289,36,13,265.615,94,0,2,1,0,1,90,172,30
80,24,41,1,8,14,7,6,1,246,25,16,239.554,97,0,0,1,0,0,67,170,23
81,10,28,1,8,10,10,2,4,361,52,3,265.017,88,0,1,1,0,4,80,172,27
82,11,33,1,8,22,2,6,2,289,36,13,302.585,99,0,2,1,0,1,90,172,30
83,15,40,1,4,12,11,6,4,291,31,12,284.031,97,0,1,1,0,1,73,171,25
84,22,30,3,5,7,10,4,4,179,26,9,265.017,88,0,0,0,0,0,56,171,19
85,22,30,3,3,23,5,4,3,179,26,9,246.074,99,0,0,0,0,0,56,171,19
86,15,40,1,2,28,8,5,1,291,31,12,249.797,93,0,1,1,0,1,73,171,25
87,24,41,1,2,28,6,6,1,246,25,16,253.957,95,0,0,1,0,0,67,170,23
88,34,37,1,8,26,7,6,1,118,10,10,230.29,92,0,0,0,0,0,83,172,28
89,14,34,1,1,23,4,5,3,155,12,14,326.452,96,0,2,1,0,0,95,196,25
90,7,39,1,0,0,5,4,3,279,5,14,378.884,92,1,2,1,1,0,68,168,24
91,5,43,1,2,23,10,2,4,235,20,13,265.017,88,0,1,1,0,0,106,167,38
92,15,40,1,2,28,5,5,3,291,31,12,237.656,99,0,1,1,0,1,73,171,25
93,14,34,1,1,28,4,3,3,155,12,14,326.452,96,0,2,1,0,0,95,196,25
94,14,34,1,4,28,4,3,3,155,12,14,246.288,91,0,2,1,0,0,95,196,25
95,20,36,1,8,10,11,4,4,260,50,11,284.031,97,0,4,1,0,0,65,168,23
96,3,38,1,1,28,11,3,4,179,51,18,284.031,97,0,0,1,0,0,89,170,31
97,17,40,2,2,25,1,5,2,179,22,17,313.532,96,0,2,0,1,0,63,170,22
98,22,30,3,5,1,10,4,4,179,26,9,265.017,88,0,0,0,0,0,56,171,19
99,3,38,1,3,23,9,4,4,179,51,18,241.476,92,0,0,1,0,0,89,170,31
100,22,30,3,2,27,5,4,3,179,26,9,237.656,99,0,0,0,0,0,56,171,19
101,18,28,2,8,25,7,6,1,330,16,4,230.29,92,0,0,0,0,0,84,182,25
102,34,37,1,3,23,10,3,4,118,10,10,253.465,93,0,0,0,0,0,83,172,28
103,30,29,1,2,28,12,2,2,157,27,6,236.629,93,0,0,1,1,0,75,185,22
104,33,47,1,4,14,11,5,4,248,25,14,268.519,93,0,2,0,0,1,86,165,32
105,15,40,1,3,28,9,3,1,291,31,12,294.217,81,0,1,1,0,1,73,171,25
106,22,30,3,3,13,6,2,1,179,26,9,275.089,96,0,0,0,0,0,56,171,19
107,17,40,2,8,25,5,6,3,179,22,17,237.656,99,0,2,0,1,0,63,170,22
108,36,50,1,0,0,5,3,3,118,13,18,237.656,99,1,1,1,0,0,98,178,31
109,11,33,1,8,19,4,3,3,289,36,13,326.452,96,0,2,1,0,1,90,172,30
110,14,34,1,5,25,2,2,2,155,12,14,264.249,97,0,2,1,0,0,95,196,25
111,2,48,1,8,28,8,6,1,235,29,12,205.917,92,0,1,0,1,5,88,163,33
112,15,40,1,2,28,6,5,3,291,31,12,275.089,96,0,1,1,0,1,73,171,25
113,15,40,1,8,14,10,3,4,291,31,12,253.465,93,0,1,1,0,1,73,171,25
114,23,36,1,0,0,11,6,4,378,49,11,284.031,97,1,2,0,1,4,65,174,21
115,34,37,1,3,11,11,4,4,118,10,10,284.031,97,0,0,0,0,0,83,172,28
116,28,28,1,1,23,11,4,4,225,26,9,306.345,93,0,1,0,0,2,69,169,24
117,3,38,1,32,13,12,3,4,179,51,18,280.549,98,0,0,1,0,0,89,170,31
118,3,38,1,2,23,7,6,1,179,51,18,239.554,97,0,0,1,0,0,89,170,31
119,32,49,1,8,10,1,5,2,289,48,29,313.532,96,0,0,0,0,2,108,172,36
120,10,28,1,8,22,7,4,1,361,52,3,264.604,93,0,1,1,0,4,80,172,27
121,18,28,2,8,10,5,5,3,330,16,4,237.656,99,0,0,0,0,0,84,182,25
122,25,32,3,2,23,5,5,3,235,16,8,237.656,99,0,0,0,0,0,75,178,25
123,36,50,1,3,19,6,5,3,118,13,18,275.089,96,0,1,1,0,0,98,178,31
124,22,30,3,2,27,4,6,3,179,26,9,246.288,91,0,0,0,0,0,56,171,19
125,12,31,2,3,22,6,4,1,233,51,1,275.089,96,0,1,1,0,8,68,178,21
126,30,29,1,0,0,10,3,4,157,27,6,265.017,88,1,0,1,1,0,75,185,22
127,18,28,2,8,23,4,4,3,330,16,4,239.409,98,0,0,0,0,0,84,182,25
128,11,33,1,8,26,10,4,4,289,36,13,253.465,93,0,2,1,0,1,90,172,30
129,15,40,1,3,28,9,6,4,291,31,12,294.217,81,0,1,1,0,1,73,171,25
130,3,38,1,2,11,6,6,3,179,51,18,377.55,94,0,0,1,0,0,89,170,31
131,22,30,3,2,27,3,6,2,179,26,9,222.196,99,0,0,0,0,0,56,171,19
132,10,28,1,8,22,5,6,3,361,52,3,378.884,92,0,1,1,0,4,80,172,27
133,28,28,1,4,23,6,5,3,225,26,9,253.957,95,0,1,0,0,2,69,169,24
134,14,34,1,24,12,4,4,3,155,12,14,326.452,96,0,2,1,0,0,95,196,25
135,20,36,1,16,26,3,2,2,260,50,11,343.253,95,0,4,1,0,0,65,168,23
136,28,28,1,1,23,4,4,3,225,26,9,326.452,96,0,1,0,0,2,69,169,24
137,34,37,1,3,10,6,4,1,118,10,10,275.089,96,0,0,0,0,0,83,172,28
138,10,28,1,8,22,6,2,3,361,52,3,377.55,94,0,1,1,0,4,80,172,27
139,9,58,1,1,1,10,4,4,228,14,16,284.853,91,0,2,0,0,1,65,172,22
140,3,38,1,8,5,6,4,1,179,51,18,253.957,95,0,0,1,0,0,89,170,31
141,22,30,3,2,23,9,2,1,179,26,9,261.756,87,0,0,0,0,0,56,171,19
142,11,33,1,8,6,3,5,2,289,36,13,343.253,95,0,2,1,0,1,90,172,30
143,13,31,1,80,13,7,2,1,369,17,12,264.604,93,0,3,1,0,0,70,169,25
144,15,40,1,1,28,4,6,3,291,31,12,326.452,96,0,1,1,0,1,73,171,25
145,28,28,1,3,6,5,4,3,225,26,9,237.656,99,0,1,0,0,2,69,169,24
146,28,28,1,3,23,12,4,4,225,26,9,280.549,98,0,1,0,0,2,69,169,24
147,15,40,1,2,28,9,5,1,291,31,12,261.756,87,0,1,1,0,1,73,171,25
148,36,50,1,1,23,10,5,4,118,13,18,265.017,88,0,1,1,0,0,98,178,31
149,15,40,1,3,23,11,5,4,291,31,12,306.345,93,0,1,1,0,1,73,171,25
150,28,28,1,2,23,12,5,4,225,26,9,261.306,97,0,1,0,0,2,69,169,24
151,3,38,1,8,23,10,4,4,179,51,18,253.465,93,0,0,1,0,0,89,170,31
152,15,40,1,40,7,9,2,4,291,31,12,294.217,81,0,1,1,0,1,73,171,25
153,3,38,1,0,0,6,6,3,179,51,18,253.957,95,1,0,1,0,0,89,170,31
154,34,37,1,2,27,1,5,2,118,10,10,308.593,95,0,0,0,0,0,83,172,28
155,3,38,1,2,27,2,5,2,179,51,18,264.249,97,0,0,1,0,0,89,170,31
156,23,36,1,8,19,4,4,3,378,49,11,326.452,96,0,2,0,1,4,65,174,21
157,11,33,1,8,19,12,2,2,289,36,13,236.629,93,0,2,1,0,1,90,172,30
158,6,33,1,16,22,7,3,1,189,29,13,264.604,93,0,2,0,0,2,69,167,25
159,28,28,1,2,23,11,3,4,225,26,9,268.519,93,0,1,0,0,2,69,169,24
160,17,40,2,40,11,3,2,2,179,22,17,343.253,95,0,2,0,1,0,63,170,22
161,3,38,1,2,27,3,2,2,179,51,18,222.196,99,0,0,1,0,0,89,170,31
162,11,33,1,8,24,11,4,4,289,36,13,268.519,93,0,2,1,0,1,90,172,30
163,11,33,1,8,26,8,3,1,289,36,13,249.797,93,0,2,1,0,1,90,172,30
164,20,36,1,16,19,10,5,4,260,50,11,253.465,93,0,4,1,0,0,65,168,23
165,9,58,1,8,18,8,3,1,228,14,16,265.615,94,0,2,0,0,1,65,172,22
166,20,36,1,40,13,3,6,2,260,50,11,343.253,95,0,4,1,0,0,65,168,23
167,26,43,1,8,28,4,6,3,300,26,13,239.409,98,0,2,1,1,1,77,175,25
168,17,40,2,3,8,5,2,3,179,22,17,246.074,99,0,2,0,1,0,63,170,22
169,11,33,1,8,24,8,3,1,289,36,13,205.917,92,0,2,1,0,1,90,172,30
170,11,33,1,24,19,9,4,1,289,36,13,294.217,81,0,2,1,0,1,90,172,30
171,20,36,1,2,28,2,6,2,260,50,11,302.585,99,0,4,1,0,0,65,168,23
172,27,27,1,1,23,2,6,2,184,42,7,302.585,99,0,0,0,0,0,58,167,21
173,34,37,1,2,13,11,5,4,118,10,10,268.519,93,0,0,0,0,0,83,172,28
174,15,40,1,1,28,7,5,1,291,31,12,230.29,92,0,1,1,0,1,73,171,25
175,13,31,1,8,26,11,6,4,369,17,12,268.519,93,0,3,1,0,0,70,169,25
176,23,36,1,0,0,5,4,3,378,49,11,237.656,99,1,2,0,1,4,65,174,21
177,24,41,1,2,28,3,3,3,246,25,16,244.387,98,0,0,1,0,0,67,170,23
178,11,33,1,32,19,7,2,1,289,36,13,275.312,98,0,2,1,0,1,90,172,30
179,36,50,1,8,1,7,4,1,118,13,18,275.312,98,0,1,1,0,0,98,178,31
180,34,37,1,8,9,11,3,4,118,10,10,268.519,93,0,0,0,0,0,83,172,28
181,28,28,1,4,25,7,5,1,225,26,9,230.29,92,0,1,0,0,2,69,169,24
182,33,47,1,1,23,8,4,1,248,25,14,265.615,94,0,2,0,0,1,86,165,32
183,3,38,1,1,21,11,3,4,179,51,18,268.519,93,0,0,1,0,0,89,170,31
184,14,34,1,1,28,5,2,3,155,12,14,378.884,92,0,2,1,0,0,95,196,25
185,22,30,3,1,23,10,5,4,179,26,9,253.465,93,0,0,0,0,0,56,171,19
186,15,40,1,8,3,1,4,2,291,31,12,330.061,100,0,1,1,0,1,73,171,25
187,1,37,3,2,25,11,5,4,235,11,14,284.031,97,0,1,0,0,1,88,172,29
188,14,34,1,2,23,5,4,3,155,12,14,237.656,99,0,2,1,0,0,95,196,25
189,28,28,1,2,23,12,3,4,225,26,9,280.549,98,0,1,0,0,2,69,169,24
190,13,31,1,8,26,10,3,4,369,17,12,284.853,91,0,3,1,0,0,70,169,25
191,28,28,1,112,9,7,3,1,225,26,9,230.29,92,0,1,0,0,2,69,169,24
192,29,41,4,2,28,2,6,2,225,15,15,264.249,97,0,2,1,0,2,94,182,28
193,18,28,2,8,18,2,2,2,330,16,4,302.585,99,0,0,0,0,0,84,182,25
194,13,31,1,24,7,4,2,3,369,17,12,246.288,91,0,3,1,0,0,70,169,25
195,33,47,1,2,13,3,2,2,248,25,14,222.196,99,0,2,0,0,1,86,165,32
196,28,28,1,1,23,11,4,4,225,26,9,306.345,93,0,1,0,0,2,69,169,24
197,5,43,1,8,13,12,3,2,235,20,13,236.629,93,0,1,1,0,0,106,167,38
198,24,41,1,8,10,6,6,3,246,25,16,377.55,94,0,0,1,0,0,67,170,23
199,11,33,1,24,7,11,4,4,289,36,13,306.345,93,0,2,1,0,1,90,172,30
200,17,40,2,2,18,12,6,4,179,22,17,280.549,98,0,2,0,1,0,63,170,22
201,28,28,1,2,23,2,3,2,225,26,9,302.585,99,0,1,0,0,2,69,169,24
202,36,50,1,1,28,10,5,4,118,13,18,265.017,88,0,1,1,0,0,98,178,31
203,22,30,3,2,23,3,6,2,179,26,9,222.196,99,0,0,0,0,0,56,171,19
204,17,40,2,8,10,5,4,3,179,22,17,237.656,99,0,2,0,1,0,63,170,22
205,5,43,1,8,26,8,3,1,235,20,13,249.797,93,0,1,1,0,0,106,167,38
206,17,40,2,8,21,11,4,4,179,22,17,306.345,93,0,2,0,1,0,63,170,22
207,36,50,1,80,13,6,4,3,118,13,18,377.55,94,0,1,1,0,0,98,178,31
208,11,33,1,0,0,9,3,4,289,36,13,241.476,92,1,2,1,0,1,90,172,30
209,24,41,1,8,13,11,6,4,246,25,16,284.031,97,0,0,1,0,0,67,170,23
210,34,37,1,3,8,5,4,3,118,10,10,237.656,99,0,0,0,0,0,83,172,28
211,34,37,1,8,18,3,3,2,118,10,10,244.387,98,0,0,0,0,0,83,172,28
212,7,39,1,2,23,7,5,1,279,5,14,230.29,92,0,2,1,1,0,68,168,24
213,33,47,1,2,23,5,4,3,248,25,14,246.074,99,0,2,0,0,1,86,165,32
214,28,28,1,2,25,3,5,2,225,26,9,222.196,99,0,1,0,0,2,69,169,24
215,18,28,2,1,23,2,3,2,330,16,4,302.585,99,0,0,0,0,0,84,182,25
216,34,37,1,3,7,10,2,4,118,10,10,265.017,88,0,0,0,0,0,83,172,28
217,3,38,1,3,27,2,4,2,179,51,18,251.818,96,0,0,1,0,0,89,170,31
218,2,48,1,1,23,7,2,1,235,29,12,230.29,92,0,1,0,1,5,88,163,33
219,24,41,1,2,28,7,3,1,246,25,16,230.29,92,0,0,1,0,0,67,170,23
220,3,38,1,3,27,1,5,2,179,51,18,313.532,96,0,0,1,0,0,89,170,31
221,3,38,1,4,28,6,2,3,179,51,18,253.957,95,0,0,1,0,0,89,170,31
222,33,47,1,1,23,9,6,4,248,25,14,241.476,92,0,2,0,0,1,86,165,32
223,10,28,1,1,23,8,2,1,361,52,3,205.917,92,0,1,1,0,4,80,172,27
224,3,38,1,3,27,3,6,2,179,51,18,222.196,99,0,0,1,0,0,89,170,31
225,3,38,1,4,10,3,2,2,179,51,18,222.196,99,0,0,1,0,0,89,170,31
226,11,33,1,8,26,7,4,1,289,36,13,275.312,98,0,2,1,0,1,90,172,30
227,28,28,1,3,25,2,5,2,225,26,9,264.249,97,0,1,0,0,2,69,169,24
228,28,28,1,3,23,10,4,4,225,26,9,253.465,93,0,1,0,0,2,69,169,24
229,34,37,1,2,27,1,5,2,118,10,10,308.593,95,0,0,0,0,0,83,172,28
230,1,37,3,4,11,7,3,1,235,11,14,264.604,93,0,1,0,0,1,88,172,29
231,3,38,1,2,27,2,6,2,179,51,18,264.249,97,0,0,1,0,0,89,170,31
232,3,38,1,1,11,5,3,3,179,51,18,378.884,92,0,0,1,0,0,89,170,31
233,3,38,1,2,27,1,6,2,179,51,18,313.532,96,0,0,1,0,0,89,170,31
234,3,38,1,3,23,2,6,2,179,51,18,251.818,96,0,0,1,0,0,89,170,31
235,30,29,1,3,19,3,3,2,157,27,6,343.253,95,0,0,1,1,0,75,185,22
236,17,40,2,2,16,4,3,3,179,22,17,246.288,91,0,2,0,1,0,63,170,22
237,33,47,1,3,23,3,5,2,248,25,14,222.196,99,0,2,0,0,1,86,165,32
238,28,28,1,1,28,3,2,3,225,26,9,343.253,95,0,1,0,0,2,69,169,24
239,15,40,1,4,23,9,5,1,291,31,12,241.476,92,0,1,1,0,1,73,171,25
240,15,40,1,5,23,10,5,4,291,31,12,253.465,93,0,1,1,0,1,73,171,25
241,20,36,1,8,11,7,4,1,260,50,11,239.554,97,0,4,1,0,0,65,168,23
242,3,38,1,2,27,2,5,2,179,51,18,264.249,97,0,0,1,0,0,89,170,31
243,28,28,1,3,28,12,5,4,225,26,9,261.306,97,0,1,0,0,2,69,169,24
244,36,50,1,3,23,4,3,3,118,13,18,246.288,91,0,1,1,0,0,98,178,31
245,3,38,1,1,28,7,3,1,179,51,18,230.29,92,0,0,1,0,0,89,170,31
246,3,38,1,1,28,12,2,4,179,51,18,236.629,93,0,0,1,0,0,89,170,31
247,34,37,1,5,28,8,3,1,118,10,10,249.797,93,0,0,0,0,0,83,172,28
248,24,41,1,24,10,2,6,2,246,25,16,251.818,96,0,0,1,0,0,67,170,23
249,3,38,1,3,27,2,5,2,179,51,18,264.249,97,0,0,1,0,0,89,170,31
250,36,50,1,1,23,8,5,1,118,13,18,265.615,94,0,1,1,0,0,98,178,31
251,18,28,2,16,23,8,5,1,330,16,4,249.797,93,0,0,0,0,0,84,182,25
252,33,47,1,3,14,3,6,3,248,25,14,343.253,95,0,2,0,0,1,86,165,32
253,22,30,3,1,13,12,6,4,179,26,9,280.549,98,0,0,0,0,0,56,171,19
254,20,36,1,4,23,8,6,1,260,50,11,205.917,92,0,4,1,0,0,65,168,23
255,10,28,1,8,22,3,4,2,361,52,3,244.387,98,0,1,1,0,4,80,172,27
256,36,50,1,24,19,6,5,3,118,13,18,275.089,96,0,1,1,0,0,98,178,31
257,28,28,1,2,28,3,6,3,225,26,9,343.253,95,0,1,0,0,2,69,169,24
258,36,50,1,4,26,1,2,2,118,13,18,330.061,100,0,1,1,0,0,98,178,31
259,34,37,1,8,5,7,6,1,118,10,10,275.312,98,0,0,0,0,0,83,172,28
260,10,28,1,7,25,8,2,1,361,52,3,205.917,92,0,1,1,0,4,80,172,27
261,3,38,1,3,23,9,6,1,179,51,18,294.217,81,0,0,1,0,0,89,170,31
262,2,48,1,0,0,4,2,3,235,29,12,326.452,96,1,1,0,1,5,88,163,33
263,28,28,1,1,23,1,4,2,225,26,9,308.593,95,0,1,0,0,2,69,169,24
264,24,41,1,16,19,3,4,2,246,25,16,244.387,98,0,0,1,0,0,67,170,23
265,5,43,1,2,23,10,2,4,235,20,13,265.017,88,0,1,1,0,0,106,167,38
266,29,41,4,3,19,5,4,3,225,15,15,237.656,99,0,2,1,0,2,94,182,28
267,28,28,1,16,11,3,4,3,225,26,9,343.253,95,0,1,0,0,2,69,169,24
268,11,33,1,2,23,7,5,1,289,36,13,239.554,97,0,2,1,0,1,90,172,30
269,11,33,1,24,13,5,4,3,289,36,13,378.884,92,0,2,1,0,1,90,172,30
270,34,37,1,8,10,6,4,3,118,10,10,275.089,96,0,0,0,0,0,83,172,28
271,14,34,1,120,11,11,2,4,155,12,14,284.031,97,0,2,1,0,0,95,196,25
272,22,30,3,1,23,12,3,4,179,26,9,236.629,93,0,0,0,0,0,56,171,19
273,3,38,1,2,28,6,2,1,179,51,18,253.957,95,0,0,1,0,0,89,170,31
274,36,50,1,0,0,7,3,1,118,13,18,239.554,97,1,1,1,0,0,98,178,31
275,13,31,1,8,10,10,6,4,369,17,12,284.853,91,0,3,1,0,0,70,169,25
276,1,37,3,8,22,3,2,2,235,11,14,244.387,98,0,1,0,0,1,88,172,29
277,17,40,2,8,17,3,3,2,179,22,17,343.253,95,0,2,0,1,0,63,170,22
278,36,50,1,0,0,10,4,4,118,13,18,253.465,93,1,1,1,0,0,98,178,31
279,5,43,1,0,0,10,6,4,235,20,13,265.017,88,1,1,1,0,0,106,167,38
280,25,32,3,3,25,2,2,2,235,16,8,264.249,97,0,0,0,0,0,75,178,25
281,20,36,1,4,28,8,6,1,260,50,11,265.615,94,0,4,1,0,0,65,168,23
282,28,28,1,2,27,1,3,2,225,26,9,308.593,95,0,1,0,0,2,69,169,24
283,11,33,1,8,18,8,2,1,289,36,13,205.917,92,0,2,1,0,1,90,172,30
284,3,38,1,2,27,2,2,2,179,51,18,264.249,97,0,0,1,0,0,89,170,31
285,1,37,3,4,23,8,3,1,235,11,14,249.797,93,0,1,0,0,1,88,172,29
286,14,34,1,80,18,12,3,2,155,12,14,280.549,98,0,2,1,0,0,95,196,25
287,11,33,1,1,23,8,3,1,289,36,13,205.917,92,0,2,1,0,1,90,172,30
288,34,37,1,3,23,10,3,4,118,10,10,253.465,93,0,0,0,0,0,83,172,28
289,32,49,1,1,4,10,5,4,289,48,29,284.853,91,0,0,0,0,2,108,172,36
290,25,32,3,3,25,3,2,2,235,16,8,222.196,99,0,0,0,0,0,75,178,25
291,34,37,1,3,25,6,2,1,118,10,10,275.089,96,0,0,0,0,0,83,172,28
292,5,43,1,0,0,10,4,4,235,20,13,265.017,88,1,1,1,0,0,106,167,38
293,25,32,3,8,1,11,6,4,235,16,8,268.519,93,0,0,0,0,0,75,178,25
294,13,31,1,4,22,4,2,3,369,17,12,239.409,98,0,3,1,0,0,70,169,25
295,22,30,3,3,23,5,4,3,179,26,9,246.074,99,0,0,0,0,0,56,171,19
296,13,31,1,0,0,3,4,2,369,17,12,244.387,98,1,3,1,0,0,70,169,25
297,31,50,1,0,0,5,4,3,388,15,9,378.884,92,1,0,0,0,0,76,178,24
298,36,50,1,2,23,3,6,3,118,13,18,244.387,98,0,1,1,0,0,98,178,31
299,3,38,1,4,25,8,2,1,179,51,18,249.797,93,0,0,1,0,0,89,170,31
300,3,38,1,3,28,6,2,3,179,51,18,253.957,95,0,0,1,0,0,89,170,31
301,15,40,1,32,14,9,2,4,291,31,12,241.476,92,0,1,1,0,1,73,171,25
302,13,31,1,0,0,9,4,4,369,17,12,241.476,92,1,3,1,0,0,70,169,25
303,20,36,1,4,28,4,6,3,260,50,11,239.409,98,0,4,1,0,0,65,168,23
304,36,50,1,1,23,6,3,3,118,13,18,377.55,94,0,1,1,0,0,98,178,31
305,3,38,1,2,27,3,4,2,179,51,18,222.196,99,0,0,1,0,0,89,170,31
306,17,40,2,2,11,5,2,3,179,22,17,246.074,99,0,2,0,1,0,63,170,22
307,20,36,1,3,28,12,6,4,260,50,11,261.306,97,0,4,1,0,0,65,168,23
308,15,40,1,40,13,6,2,3,291,31,12,253.957,95,0,1,1,0,1,73,171,25
309,2,48,1,8,18,8,5,1,235,29,12,205.917,92,0,1,0,1,5,88,163,33
310,28,28,1,3,23,2,3,2,225,26,9,264.249,97,0,1,0,0,2,69,169,24
311,28,28,1,2,23,10,3,4,225,26,9,284.853,91,0,1,0,0,2,69,169,24
312,34,37,1,4,23,9,2,1,118,10,10,241.476,92,0,0,0,0,0,83,172,28
313,34,37,1,2,27,1,2,2,118,10,10,308.593,95,0,0,0,0,0,83,172,28
314,18,28,2,4,26,4,6,3,330,16,4,239.409,98,0,0,0,0,0,84,182,25
315,11,33,1,8,13,5,4,3,289,36,13,378.884,92,0,2,1,0,1,90,172,30
316,22,30,3,2,21,6,4,1,179,26,9,253.957,95,0,0,0,0,0,56,171,19
317,28,28,1,8,13,4,2,3,225,26,9,246.288,91,0,1,0,0,2,69,169,24
318,5,43,1,8,26,9,4,4,235,20,13,294.217,81,0,1,1,0,0,106,167,38
319,28,28,1,3,28,2,5,2,225,26,9,264.249,97,0,1,0,0,2,69,169,24
320,3,38,1,3,23,10,3,4,179,51,18,253.465,93,0,0,1,0,0,89,170,31
321,24,41,1,16,9,9,2,1,246,25,16,294.217,81,0,0,1,0,0,67,170,23
322,11,33,1,8,18,8,4,1,289,36,13,205.917,92,0,2,1,0,1,90,172,30
323,3,38,1,2,27,2,4,2,179,51,18,264.249,97,0,0,1,0,0,89,170,31
324,28,28,1,3,25,5,4,3,225,26,9,246.074,99,0,1,0,0,2,69,169,24
325,31,50,1,8,1,2,3,2,388,15,9,302.585,99,0,0,0,0,0,76,178,24
326,32,49,1,3,14,10,4,4,289,48,29,284.853,91,0,0,0,0,2,108,172,36
327,10,28,1,1,23,10,6,4,361,52,3,253.465,93,0,1,1,0,4,80,172,27
328,28,28,1,2,23,12,2,4,225,26,9,280.549,98,0,1,0,0,2,69,169,24
329,3,38,1,3,27,2,6,2,179,51,18,251.818,96,0,0,1,0,0,89,170,31
330,10,28,1,2,23,4,3,3,361,52,3,246.288,91,0,1,1,0,4,80,172,27
331,11,33,1,3,22,1,5,2,289,36,13,308.593,95,0,2,1,0,1,90,172,30
332,28,28,1,3,23,11,4,4,225,26,9,306.345,93,0,1,0,0,2,69,169,24
333,3,38,1,1,28,11,6,4,179,51,18,268.519,93,0,0,1,0,0,89,170,31
334,28,28,1,3,18,9,4,4,225,26,9,241.476,92,0,1,0,0,2,69,169,24
335,20,36,1,4,23,9,6,4,260,50,11,241.476,92,0,4,1,0,0,65,168,23
336,1,37,3,16,13,6,6,3,235,11,14,377.55,94,0,1,0,0,1,88,172,29
337,27,27,1,2,23,1,5,2,184,42,7,308.593,95,0,0,0,0,0,58,167,21
338,34,37,1,8,28,7,3,1,118,10,10,230.29,92,0,0,0,0,0,83,172,28
339,28,28,1,2,28,1,5,2,225,26,9,308.593,95,0,1,0,0,2,69,169,24
340,3,38,1,3,27,2,6,2,179,51,18,251.818,96,0,0,1,0,0,89,170,31
341,3,38,1,3,27,3,5,2,179,51,18,222.196,99,0,0,1,0,0,89,170,31
342,5,43,1,0,0,9,5,4,235,20,13,294.217,81,1,1,1,0,0,106,167,38
343,15,40,1,2,28,5,5,3,291,31,12,237.656,99,0,1,1,0,1,73,171,25
344,28,28,1,2,28,10,3,4,225,26,9,253.465,93,0,1,0,0,2,69,169,24
345,3,38,1,3,27,2,6,2,179,51,18,264.249,97,0,0,1,0,0,89,170,31
346,15,40,1,1,28,4,4,3,291,31,12,326.452,96,0,1,1,0,1,73,171,25
347,3,38,1,24,28,6,2,3,179,51,18,253.957,95,0,0,1,0,0,89,170,31
348,14,34,1,24,13,3,4,3,155,12,14,222.196,99,0,2,1,0,0,95,196,25
349,10,28,1,40,13,8,2,1,361,52,3,205.917,92,0,1,1,0,4,80,172,27
350,34,37,1,3,28,9,3,1,118,10,10,261.756,87,0,0,0,0,0,83,172,28
351,11,33,1,8,19,8,6,1,289,36,13,265.615,94,0,2,1,0,1,90,172,30
352,3,38,1,3,28,12,2,2,179,51,18,236.629,93,0,0,1,0,0,89,170,31
353,28,28,1,2,28,6,5,1,225,26,9,377.55,94,0,1,0,0,2,69,169,24
354,21,33,2,8,11,8,5,1,268,11,8,265.615,94,0,0,0,0,0,79,178,25
355,9,58,1,112,12,3,3,2,228,14,16,222.196,99,0,2,0,0,1,65,172,22
356,3,38,1,2,27,2,2,2,179,51,18,264.249,97,0,0,1,0,0,89,170,31
357,34,37,1,8,8,11,3,4,118,10,10,268.519,93,0,0,0,0,0,83,172,28
358,3,38,1,1,11,7,4,1,179,51,18,239.554,97,0,0,1,0,0,89,170,31
359,33,47,1,3,25,3,3,2,248,25,14,222.196,99,0,2,0,0,1,86,165,32
360,22,30,3,2,27,4,6,3,179,26,9,246.288,91,0,0,0,0,0,56,171,19
361,22,30,3,2,23,7,5,1,179,26,9,230.29,92,0,0,0,0,0,56,171,19
362,17,40,2,2,23,2,6,2,179,22,17,264.249,97,0,2,0,1,0,63,170,22
363,24,41,1,8,10,6,2,3,246,25,16,377.55,94,0,0,1,0,0,67,170,23
364,6,33,1,8,23,10,2,4,189,29,13,284.853,91,0,2,0,0,2,69,167,25
365,3,38,1,8,18,8,2,1,179,51,18,205.917,92,0,0,1,0,0,89,170,31
366,3,38,1,2,27,2,6,2,179,51,18,264.249,97,0,0,1,0,0,89,170,31
367,9,58,1,120,6,7,3,1,228,14,16,264.604,93,0,2,0,0,1,65,172,22
368,33,47,1,8,10,10,2,4,248,25,14,284.853,91,0,2,0,0,1,86,165,32
369,15,40,1,0,0,11,3,4,291,31,12,268.519,93,1,1,1,0,1,73,171,25
370,36,50,1,1,28,10,3,4,118,13,18,265.017,88,0,1,1,0,0,98,178,31
371,36,50,1,120,13,4,4,3,118,13,18,239.409,98,0,1,1,0,0,98,178,31
372,1,37,3,1,23,8,3,1,235,11,14,265.615,94,0,1,0,0,1,88,172,29
373,28,28,1,8,22,7,4,1,225,26,9,264.604,93,0,1,0,0,2,69,169,24
374,28,28,1,3,10,10,6,4,225,26,9,284.853,91,0,1,0,0,2,69,169,24
375,36,50,1,3,14,3,3,3,118,13,18,244.387,98,0,1,1,0,0,98,178,31
376,1,37,3,8,26,12,4,4,235,11,14,261.306,97,0,1,0,0,1,88,172,29
377,36,50,1,1,23,4,5,3,118,13,18,326.452,96,0,1,1,0,0,98,178,31
378,3,38,1,3,23,10,6,4,179,51,18,253.465,93,0,0,1,0,0,89,170,31
379,34,37,1,8,10,4,2,3,118,10,10,246.288,91,0,0,0,0,0,83,172,28
380,28,28,1,2,23,10,4,4,225,26,9,253.465,93,0,1,0,0,2,69,169,24
381,3,38,1,2,27,3,3,2,179,51,18,222.196,99,0,0,1,0,0,89,170,31
382,24,41,1,8,26,10,6,4,246,25,16,284.853,91,0,0,1,0,0,67,170,23
383,10,28,1,2,28,11,2,4,361,52,3,268.519,93,0,1,1,0,4,80,172,27
384,3,38,1,2,23,8,2,1,179,51,18,205.917,92,0,0,1,0,0,89,170,31
385,26,43,1,2,14,8,5,1,300,26,13,265.615,94,0,2,1,1,1,77,175,25
386,10,28,1,8,22,9,3,4,361,52,3,261.756,87,0,1,1,0,4,80,172,27
387,1,37,3,1,18,11,4,4,235,11,14,284.031,97,0,1,0,0,1,88,172,29
388,34,37,1,3,23,6,2,3,118,10,10,253.957,95,0,0,0,0,0,83,172,28
389,20,36,1,8,22,9,6,1,260,50,11,241.476,92,0,4,1,0,0,65,168,23
390,25,32,3,8,10,5,2,3,235,16,8,237.656,99,0,0,0,0,0,75,178,25
391,18,28,2,0,0,5,4,3,330,16,4,378.884,92,1,0,0,0,0,84,182,25
392,12,31,2,8,22,6,5,1,233,51,1,275.089,96,0,1,1,0,8,68,178,21
393,24,41,1,8,19,12,6,2,246,25,16,261.306,97,0,0,1,0,0,67,170,23
394,11,33,1,8,26,10,2,4,289,36,13,265.017,88,0,2,1,0,1,90,172,30
395,13,31,1,8,10,10,5,4,369,17,12,284.853,91,0,3,1,0,0,70,169,25
396,14,34,1,2,23,1,2,2,155,12,14,330.061,100,0,2,1,0,0,95,196,25
397,21,33,2,8,7,7,2,1,268,11,8,230.29,92,0,0,0,0,0,79,178,25
398,10,28,1,8,22,7,6,1,361,52,3,230.29,92,0,1,1,0,4,80,172,27
399,3,38,1,2,27,2,2,2,179,51,18,251.818,96,0,0,1,0,0,89,170,31
400,22,30,3,2,27,5,6,3,179,26,9,237.656,99,0,0,0,0,0,56,171,19
401,20,36,1,4,23,7,6,1,260,50,11,239.554,97,0,4,1,0,0,65,168,23
402,15,40,1,2,23,2,3,2,291,31,12,251.818,96,0,1,1,0,1,73,171,25
403,17,40,2,8,25,8,3,1,179,22,17,249.797,93,0,2,0,1,0,63,170,22
404,9,58,1,2,25,3,4,2,228,14,16,222.196,99,0,2,0,0,1,65,172,22
405,14,34,1,8,18,1,3,2,155,12,14,308.593,95,0,2,1,0,0,95,196,25
406,22,30,3,3,27,6,4,3,179,26,9,275.089,96,0,0,0,0,0,56,171,19
407,15,40,1,2,28,11,4,4,291,31,12,268.519,93,0,1,1,0,1,73,171,25
408,20,36,1,4,28,8,6,1,260,50,11,205.917,92,0,4,1,0,0,65,168,23
409,22,30,3,2,27,1,4,2,179,26,9,313.532,96,0,0,0,0,0,56,171,19
410,10,28,1,8,19,4,3,3,361,52,3,246.288,91,0,1,1,0,4,80,172,27
411,3,38,1,8,13,2,5,2,179,51,18,264.249,97,0,0,1,0,0,89,170,31
412,24,41,1,2,28,3,6,2,246,25,16,244.387,98,0,0,1,0,0,67,170,23
413,13,31,1,3,23,10,3,4,369,17,12,284.853,91,0,3,1,0,0,70,169,25
414,3,38,1,4,28,4,4,3,179,51,18,239.409,98,0,0,1,0,0,89,170,31
415,1,37,3,2,25,12,5,4,235,11,14,236.629,93,0,1,0,0,1,88,172,29
416,3,38,1,1,23,11,5,4,179,51,18,284.031,97,0,0,1,0,0,89,170,31
417,28,28,1,3,28,11,3,4,225,26,9,306.345,93,0,1,0,0,2,69,169,24
418,34,37,1,8,26,6,6,3,118,10,10,275.089,96,0,0,0,0,0,83,172,28
419,28,28,1,8,11,3,3,3,225,26,9,343.253,95,0,1,0,0,2,69,169,24
420,25,32,3,8,6,10,2,4,235,16,8,284.853,91,0,0,0,0,0,75,178,25
421,20,36,1,0,0,10,3,4,260,50,11,265.017,88,1,4,1,0,0,65,168,23
422,28,28,1,0,0,10,2,4,225,26,9,284.853,91,1,1,0,0,2,69,169,24
423,12,31,2,2,19,2,2,2,233,51,1,264.249,97,0,1,1,0,8,68,178,21
424,24,41,1,2,28,7,3,1,246,25,16,230.29,92,0,0,1,0,0,67,170,23
425,28,28,1,2,7,2,2,2,225,26,9,264.249,97,0,1,0,0,2,69,169,24
426,20,36,1,4,28,9,6,1,260,50,11,294.217,81,0,4,1,0,0,65,168,23
427,18,28,2,8,13,5,6,3,330,16,4,246.074,99,0,0,0,0,0,84,182,25
428,3,38,1,8,13,9,2,4,179,51,18,294.217,81,0,0,1,0,0,89,170,31
429,3,38,1,1,28,11,2,4,179,51,18,268.519,93,0,0,1,0,0,89,170,31
430,17,40,2,1,16,5,6,3,179,22,17,237.656,99,0,2,0,1,0,63,170,22
431,10,28,1,8,22,12,4,4,361,52,3,261.306,97,0,1,1,0,4,80,172,27
432,34,37,1,1,28,5,3,3,118,10,10,237.656,99,0,0,0,0,0,83,172,28
433,22,30,3,8,18,7,5,1,179,26,9,275.312,98,0,0,0,0,0,56,171,19
434,34,37,1,8,23,11,2,4,118,10,10,268.519,93,0,0,0,0,0,83,172,28
435,3,38,1,4,23,7,4,1,179,51,18,239.554,97,0,0,1,0,0,89,170,31
436,10,28,1,8,22,7,6,1,361,52,3,239.554,97,0,1,1,0,4,80,172,27
437,20,36,1,4,28,3,6,2,260,50,11,244.387,98,0,4,1,0,0,65,168,23
438,15,40,1,1,23,10,4,4,291,31,12,284.853,91,0,1,1,0,1,73,171,25
439,28,28,1,8,19,5,3,3,225,26,9,378.884,92,0,1,0,0,2,69,169,24
440,15,40,1,4,28,8,5,1,291,31,12,249.797,93,0,1,1,0,1,73,171,25
441,23,36,1,0,0,5,4,3,378,49,11,378.884,92,1,2,0,1,4,65,174,21
442,28,28,1,2,23,3,4,2,225,26,9,343.253,95,0,1,0,0,2,69,169,24
443,34,37,1,4,26,7,6,1,118,10,10,275.312,98,0,0,0,0,0,83,172,28
444,22,30,3,2,27,2,4,2,179,26,9,264.249,97,0,0,0,0,0,56,171,19
445,27,27,1,2,23,1,5,2,184,42,7,308.593,95,0,0,0,0,0,58,167,21
446,34,37,1,2,27,1,3,2,118,10,10,308.593,95,0,0,0,0,0,83,172,28
447,25,32,3,3,11,10,5,4,235,16,8,284.853,91,0,0,0,0,0,75,178,25
448,5,43,1,8,19,9,3,1,235,20,13,241.476,92,0,1,1,0,0,106,167,38
449,20,36,1,4,28,11,6,4,260,50,11,306.345,93,0,4,1,0,0,65,168,23
450,23,36,1,8,22,6,5,3,378,49,11,275.089,96,0,2,0,1,4,65,174,21
451,34,37,1,2,11,4,4,3,118,10,10,239.409,98,0,0,0,0,0,83,172,28
452,22,30,3,64,1,10,4,4,179,26,9,265.017,88,0,0,0,0,0,56,171,19
453,3,38,1,3,27,3,2,2,179,51,18,222.196,99,0,0,1,0,0,89,170,31
454,3,38,1,3,13,3,4,3,179,51,18,343.253,95,0,0,1,0,0,89,170,31
455,11,33,1,8,19,7,5,1,289,36,13,275.312,98,0,2,1,0,1,90,172,30
456,14,34,1,2,28,5,2,3,155,12,14,378.884,92,0,2,1,0,0,95,196,25
457,33,47,1,2,23,2,3,2,248,25,14,264.249,97,0,2,0,0,1,86,165,32
458,28,28,1,8,19,4,2,3,225,26,9,246.288,91,0,1,0,0,2,69,169,24
459,1,37,3,4,14,12,3,2,235,11,14,236.629,93,0,1,0,0,1,88,172,29
460,28,28,1,2,23,12,6,2,225,26,9,261.306,97,0,1,0,0,2,69,169,24
461,9,58,1,3,25,3,3,2,228,14,16,222.196,99,0,2,0,0,1,65,172,22
462,15,40,1,1,23,11,2,4,291,31,12,284.031,97,0,1,1,0,1,73,171,25
463,34,37,1,2,27,1,6,2,118,10,10,308.593,95,0,0,0,0,0,83,172,28
464,14,34,1,8,10,5,6,3,155,12,14,237.656,99,0,2,1,0,0,95,196,25
465,36,50,1,2,23,12,4,4,118,13,18,261.306,97,0,1,1,0,0,98,178,31
466,1,37,3,8,22,5,2,3,235,11,14,237.656,99,0,1,0,0,1,88,172,29
467,3,38,1,8,21,7,2,1,179,51,18,239.554,97,0,0,1,0,0,89,170,31
468,30,29,1,16,11,2,4,2,157,27,6,251.818,96,0,0,1,1,0,75,185,22
469,15,40,1,5,23,11,5,4,291,31,12,306.345,93,0,1,1,0,1,73,171,25
470,3,38,1,8,11,6,2,3,179,51,18,377.55,94,0,0,1,0,0,89,170,31
471,6,33,1,8,22,11,2,4,189,29,13,306.345,93,0,2,0,0,2,69,167,25
472,3,38,1,2,27,3,4,2,179,51,18,222.196,99,0,0,1,0,0,89,170,31
473,34,37,1,32,19,1,2,2,118,10,10,330.061,100,0,0,0,0,0,83,172,28
474,33,47,1,8,28,4,6,3,248,25,14,326.452,96,0,2,0,0,1,86,165,32
475,32,49,1,2,28,6,2,1,289,48,29,377.55,94,0,0,0,0,2,108,172,36
476,3,38,1,8,11,2,4,2,179,51,18,302.585,99,0,0,1,0,0,89,170,31
477,19,32,1,0,0,9,3,1,291,50,12,294.217,81,1,0,1,0,0,65,169,23
478,36,50,1,24,13,5,4,3,118,13,18,378.884,92,0,1,1,0,0,98,178,31
479,28,28,1,1,23,2,4,2,225,26,9,302.585,99,0,1,0,0,2,69,169,24
480,22,30,3,2,25,5,2,3,179,26,9,246.074,99,0,0,0,0,0,56,171,19
481,3,38,1,3,27,3,4,3,179,51,18,222.196,99,0,0,1,0,0,89,170,31
482,12,31,2,2,19,7,6,1,233,51,1,264.604,93,0,1,1,0,8,68,178,21
483,3,38,1,4,23,9,3,1,179,51,18,241.476,92,0,0,1,0,0,89,170,31
484,33,47,1,3,14,3,6,2,248,25,14,343.253,95,0,2,0,0,1,86,165,32
485,3,38,1,1,23,11,5,4,179,51,18,306.345,93,0,0,1,0,0,89,170,31
486,33,47,1,4,26,4,2,3,248,25,14,239.409,98,0,2,0,0,1,86,165,32
487,3,38,1,8,13,9,4,1,179,51,18,294.217,81,0,0,1,0,0,89,170,31
488,2,48,1,0,0,6,2,3,235,29,12,275.089,96,1,1,0,1,5,88,163,33
489,24,41,1,3,28,6,3,3,246,25,16,253.957,95,0,0,1,0,0,67,170,23
490,11,33,1,16,19,10,5,4,289,36,13,265.017,88,0,2,1,0,1,90,172,30
491,28,28,1,2,28,4,6,3,225,26,9,326.452,96,0,1,0,0,2,69,169,24
492,1,37,3,3,7,4,6,3,235,11,14,326.452,96,0,1,0,0,1,88,172,29
493,11,33,1,0,0,11,4,4,289,36,13,268.519,93,1,2,1,0,1,90,172,30
494,32,49,1,2,23,10,5,4,289,48,29,284.853,91,0,0,0,0,2,108,172,36
495,24,41,1,24,13,4,4,3,246,25,16,326.452,96,0,0,1,0,0,67,170,23
496,26,43,1,1,13,8,5,1,300,26,13,265.615,94,0,2,1,1,1,77,175,25
497,11,33,1,104,19,3,2,3,289,36,13,222.196,99,0,2,1,0,1,90,172,30
498,34,37,1,2,27,1,4,2,118,10,10,308.593,95,0,0,0,0,0,83,172,28
499,5,43,1,16,13,5,2,3,235,20,13,246.074,99,0,1,1,0,0,106,167,38
500,11,33,1,3,22,2,6,2,289,36,13,251.818,96,0,2,1,0,1,90,172,30
501,3,38,1,1,28,12,5,4,179,51,18,236.629,93,0,0,1,0,0,89,170,31
502,11,33,1,8,14,7,3,1,289,36,13,264.604,93,0,2,1,0,1,90,172,30
503,15,40,1,3,23,4,6,3,291,31,12,326.452,96,0,1,1,0,1,73,171,25
504,13,31,1,8,10,5,2,3,369,17,12,246.074,99,0,3,1,0,0,70,169,25
505,28,28,1,3,12,12,2,4,225,26,9,236.629,93,0,1,0,0,2,69,169,24
506,3,38,1,3,27,2,4,2,179,51,18,251.818,96,0,0,1,0,0,89,170,31
507,24,41,1,1,28,9,3,1,246,25,16,261.756,87,0,0,1,0,0,67,170,23
508,14,34,1,8,13,3,3,2,155,12,14,343.253,95,0,2,1,0,0,95,196,25
509,36,50,1,3,5,5,3,3,118,13,18,237.656,99,0,1,1,0,0,98,178,31
510,5,43,1,8,26,5,4,3,235,20,13,237.656,99,0,1,1,0,0,106,167,38
511,20,36,1,56,19,4,6,3,260,50,11,326.452,96,0,4,1,0,0,65,168,23
512,17,40,2,8,8,3,5,2,179,22,17,343.253,95,0,2,0,1,0,63,170,22
513,33,47,1,1,23,12,3,4,248,25,14,261.306,97,0,2,0,0,1,86,165,32
514,1,37,3,4,26,10,2,4,235,11,14,265.017,88,0,1,0,0,1,88,172,29
515,3,38,1,2,27,2,4,2,179,51,18,264.249,97,0,0,1,0,0,89,170,31
516,3,38,1,8,28,4,4,3,179,51,18,239.409,98,0,0,1,0,0,89,170,31
517,28,28,1,2,28,2,2,2,225,26,9,302.585,99,0,1,0,0,2,69,169,24
518,11,33,1,8,13,1,4,2,289,36,13,313.532,96,0,2,1,0,1,90,172,30
519,36,50,1,1,23,4,2,3,118,13,18,239.409,98,0,1,1,0,0,98,178,31
520,33,47,1,2,23,8,4,1,248,25,14,205.917,92,0,2,0,0,1,86,165,32
521,22,30,3,2,27,6,6,3,179,26,9,275.089,96,0,0,0,0,0,56,171,19
522,3,38,1,8,6,11,3,4,179,51,18,284.031,97,0,0,1,0,0,89,170,31
523,13,31,1,8,23,9,3,4,369,17,12,261.756,87,0,3,1,0,0,70,169,25
524,23,36,1,8,22,6,5,3,378,49,11,377.55,94,0,2,0,1,4,65,174,21
525,10,28,1,1,23,5,5,3,361,52,3,246.074,99,0,1,1,0,4,80,172,27
526,22,30,3,1,13,5,5,3,179,26,9,237.656,99,0,0,0,0,0,56,171,19
527,28,28,1,1,13,10,5,4,225,26,9,284.853,91,0,1,0,0,2,69,169,24
528,20,36,1,4,28,3,6,2,260,50,11,343.253,95,0,4,1,0,0,65,168,23
529,2,48,1,8,18,8,2,1,235,29,12,205.917,92,0,1,0,1,5,88,163,33
530,7,39,1,16,14,3,5,3,279,5,14,343.253,95,0,2,1,1,0,68,168,24
531,26,43,1,64,19,5,6,3,300,26,13,237.656,99,0,2,1,1,1,77,175,25
532,17,40,2,8,22,3,3,2,179,22,17,244.387,98,0,2,0,1,0,63,170,22
533,28,28,1,1,7,2,4,2,225,26,9,251.818,96,0,1,0,0,2,69,169,24
534,18,28,2,8,10,8,4,1,330,16,4,205.917,92,0,0,0,0,0,84,182,25
535,14,34,1,2,23,9,4,1,155,12,14,241.476,92,0,2,1,0,0,95,196,25
536,30,29,1,3,25,7,2,1,157,27,6,275.312,98,0,0,1,1,0,75,185,22
537,25,32,3,2,25,2,6,2,235,16,8,264.249,97,0,0,0,0,0,75,178,25
538,36,50,1,0,0,3,5,3,118,13,18,244.387,98,1,1,1,0,0,98,178,31
539,24,41,1,8,14,4,6,3,246,25,16,326.452,96,0,0,1,0,0,67,170,23
540,33,47,1,1,23,9,6,1,248,25,14,261.756,87,0,2,0,0,1,86,165,32
541,6,33,1,8,23,2,5,2,189,29,13,302.585,99,0,2,0,0,2,69,167,25
542,28,28,1,1,27,1,6,2,225,26,9,308.593,95,0,1,0,0,2,69,169,24
543,36,50,1,8,13,6,4,3,118,13,18,377.55,94,0,1,1,0,0,98,178,31
544,34,37,1,1,19,1,2,2,118,10,10,308.593,95,0,0,0,0,0,83,172,28
545,18,28,2,8,1,7,2,1,330,16,4,275.312,98,0,0,0,0,0,84,182,25
546,23,36,1,8,22,3,3,2,378,49,11,244.387,98,0,2,0,1,4,65,174,21
547,28,28,1,2,27,1,4,2,225,26,9,308.593,95,0,1,0,0,2,69,169,24
548,6,33,1,8,13,4,5,3,189,29,13,246.288,91,0,2,0,0,2,69,167,25
549,35,53,1,0,0,0,6,3,179,45,14,271.219,95,0,1,0,0,1,77,175,25
550,3,38,1,1,11,8,2,1,179,51,18,205.917,92,0,0,1,0,0,89,170,31
551,14,34,1,2,25,7,6,1,155,12,14,275.312,98,0,2,1,0,0,95,196,25
552,10,28,1,8,22,12,4,4,361,52,3,261.306,97,0,1,1,0,4,80,172,27
553,11,33,1,8,26,1,2,2,289,36,13,330.061,100,0,2,1,0,1,90,172,30
554,22,30,3,16,13,12,3,4,179,26,9,280.549,98,0,0,0,0,0,56,171,19
555,6,33,1,8,19,2,5,2,189,29,13,302.585,99,0,2,0,0,2,69,167,25
556,1,37,3,4,23,8,5,1,235,11,14,205.917,92,0,1,0,0,1,88,172,29
557,27,27,1,8,23,2,3,2,184,42,7,302.585,99,0,0,0,0,0,58,167,21
558,17,40,2,3,18,1,6,2,179,22,17,313.532,96,0,2,0,1,0,63,170,22
559,29,28,1,0,0,9,2,4,225,26,9,241.476,92,1,1,0,0,2,69,169,24
560,28,28,1,3,13,11,6,4,225,26,9,306.345,93,0,1,0,0,2,69,169,24
561,20,36,1,8,19,3,2,3,260,50,11,244.387,98,0,4,1,0,0,65,168,23
562,34,37,1,3,23,9,2,1,118,10,10,241.476,92,0,0,0,0,0,83,172,28
563,11,33,1,8,24,10,2,4,289,36,13,265.017,88,0,2,1,0,1,90,172,30
564,3,38,1,1,23,9,5,1,179,51,18,294.217,81,0,0,1,0,0,89,170,31
565,3,38,1,4,28,5,4,3,179,51,18,246.074,99,0,0,1,0,0,89,170,31
566,22,30,3,8,18,1,3,2,179,26,9,308.593,95,0,0,0,0,0,56,171,19
567,24,41,1,1,28,9,3,1,246,25,16,261.756,87,0,0,1,0,0,67,170,23
568,34,37,1,2,23,10,3,4,118,10,10,284.853,91,0,0,0,0,0,83,172,28
569,3,38,1,1,28,12,6,4,179,51,18,236.629,93,0,0,1,0,0,89,170,31
570,20,36,1,8,26,12,4,2,260,50,11,236.629,93,0,4,1,0,0,65,168,23
571,34,37,1,2,23,9,3,4,118,10,10,241.476,92,0,0,0,0,0,83,172,28
572,22,30,3,24,12,1,2,2,179,26,9,313.532,96,0,0,0,0,0,56,171,19
573,1,37,3,0,0,3,5,3,235,11,14,244.387,98,1,1,0,0,1,88,172,29
574,3,38,1,8,26,7,5,1,179,51,18,275.312,98,0,0,1,0,0,89,170,31
575,33,47,1,1,28,11,2,4,248,25,14,306.345,93,0,2,0,0,1,86,165,32
576,34,37,1,2,27,1,2,2,118,10,10,308.593,95,0,0,0,0,0,83,172,28
577,34,37,1,2,10,4,4,3,118,10,10,246.288,91,0,0,0,0,0,83,172,28
578,11,33,1,8,22,7,2,1,289,36,13,230.29,92,0,2,1,0,1,90,172,30
579,20,36,1,3,28,10,6,4,260,50,11,265.017,88,0,4,1,0,0,65,168,23
580,3,38,1,3,27,3,5,3,179,51,18,222.196,99,0,0,1,0,0,89,170,31
581,34,37,1,56,19,12,3,4,118,10,10,261.306,97,0,0,0,0,0,83,172,28
582,22,30,3,2,13,2,5,2,179,26,9,264.249,97,0,0,0,0,0,56,171,19
583,17,40,2,8,21,11,5,4,179,22,17,306.345,93,0,2,0,1,0,63,170,22
584,34,37,1,8,25,12,3,4,118,10,10,236.629,93,0,0,0,0,0,83,172,28
585,24,41,1,32,9,9,4,1,246,25,16,294.217,81,0,0,1,0,0,67,170,23
586,3,38,1,8,28,3,6,3,179,51,18,244.387,98,0,0,1,0,0,89,170,31
587,22,30,3,16,12,1,5,2,179,26,9,313.532,96,0,0,0,0,0,56,171,19
588,36,50,1,1,28,9,5,4,118,13,18,294.217,81,0,1,1,0,0,98,178,31
589,1,37,3,8,13,6,3,1,235,11,14,253.957,95,0,1,0,0,1,88,172,29
590,7,39,1,8,14,3,2,2,279,5,14,343.253,95,0,2,1,1,0,68,168,24
591,24,41,1,1,28,8,3,1,246,25,16,249.797,93,0,0,1,0,0,67,170,23
592,17,40,2,1,25,8,2,1,179,22,17,249.797,93,0,2,0,1,0,63,170,22
593,36,50,1,8,13,3,4,3,118,13,18,244.387,98,0,1,1,0,0,98,178,31
594,10,28,1,8,8,8,3,1,361,52,3,265.615,94,0,1,1,0,4,80,172,27
595,3,38,1,1,28,1,6,2,179,51,18,330.061,100,0,0,1,0,0,89,170,31
596,15,40,1,4,28,10,3,4,291,31,12,265.017,88,0,1,1,0,1,73,171,25
597,1,37,3,1,13,1,3,2,235,11,14,330.061,100,0,1,0,0,1,88,172,29
598,15,40,1,8,22,3,4,2,291,31,12,343.253,95,0,1,1,0,1,73,171,25
599,20,36,1,8,13,7,6,1,260,50,11,230.29,92,0,4,1,0,0,65,168,23
600,36,50,1,0,0,9,3,4,118,13,18,241.476,92,1,1,1,0,0,98,178,31
601,36,50,1,1,28,12,3,4,118,13,18,236.629,93,0,1,1,0,0,98,178,31
602,11,33,1,8,23,3,4,2,289,36,13,222.196,99,0,2,1,0,1,90,172,30
603,3,38,1,2,23,7,4,1,179,51,18,239.554,97,0,0,1,0,0,89,170,31
604,22,30,3,3,27,3,6,2,179,26,9,222.196,99,0,0,0,0,0,56,171,19
605,24,41,1,4,28,8,3,1,246,25,16,249.797,93,0,0,1,0,0,67,170,23
606,1,37,3,8,1,5,2,3,235,11,14,246.074,99,0,1,0,0,1,88,172,29
607,26,43,1,8,15,7,2,1,300,26,13,230.29,92,0,2,1,1,1,77,175,25
608,24,41,1,2,23,2,3,2,246,25,16,251.818,96,0,0,1,0,0,67,170,23
609,18,28,2,8,1,7,3,1,330,16,4,275.312,98,0,0,0,0,0,84,182,25
610,3,38,1,8,13,3,3,2,179,51,18,222.196,99,0,0,1,0,0,89,170,31
611,30,29,1,3,19,8,6,1,157,27,6,265.615,94,0,0,1,1,0,75,185,22
612,33,47,1,0,0,10,6,4,248,25,14,265.017,88,1,2,0,0,1,86,165,32
613,14,34,1,4,23,1,3,2,155,12,14,330.061,100,0,2,1,0,0,95,196,25
614,20,36,1,3,28,5,6,3,260,50,11,246.074,99,0,4,1,0,0,65,168,23
615,24,41,1,8,26,2,5,2,246,25,16,251.818,96,0,0,1,0,0,67,170,23
616,29,41,4,8,22,5,6,3,225,15,15,237.656,99,0,2,1,0,2,94,182,28
617,33,47,1,8,19,4,4,3,248,25,14,246.288,91,0,2,0,0,1,86,165,32
618,7,39,1,0,0,11,3,4,279,5,14,284.031,97,1,2,1,1,0,68,168,24
619,6,33,1,8,11,7,5,1,189,29,13,239.554,97,0,2,0,0,2,69,167,25
620,34,37,1,0,27,1,2,2,118,10,10,308.593,95,0,0,0,0,0,83,172,28
621,20,36,1,8,1,7,3,1,260,50,11,239.554,97,0,4,1,0,0,65,168,23
622,13,31,1,8,23,10,3,4,369,17,12,284.853,91,0,3,1,0,0,70,169,25
623,18,28,2,1,11,6,3,1,330,16,4,253.957,95,0,0,0,0,0,84,182,25
624,28,28,1,8,19,4,5,3,225,26,9,246.288,91,0,1,0,0,2,69,169,24
625,34,37,1,8,11,11,2,4,118,10,10,284.031,97,0,0,0,0,0,83,172,28
626,36,50,1,3,13,8,5,1,118,13,18,265.615,94,0,1,1,0,0,98,178,31
627,3,38,1,24,13,4,4,3,179,51,18,326.452,96,0,0,1,0,0,89,170,31
628,14,34,1,32,10,11,2,4,155,12,14,306.345,93,0,2,1,0,0,95,196,25
629,28,28,1,2,27,3,5,2,225,26,9,222.196,99,0,1,0,0,2,69,169,24
630,25,32,3,3,16,4,3,3,235,16,8,246.288,91,0,0,0,0,0,75,178,25
631,18,28,2,0,0,11,3,4,330,16,4,284.031,97,1,0,0,0,0,84,182,25
632,34,37,1,4,28,8,3,1,118,10,10,249.797,93,0,0,0,0,0,83,172,28
633,22,30,3,8,1,10,2,4,179,26,9,265.017,88,0,0,0,0,0,56,171,19
634,27,27,1,2,23,9,3,1,184,42,7,241.476,92,0,0,0,0,0,58,167,21
635,11,33,1,16,13,4,5,3,289,36,13,326.452,96,0,2,1,0,1,90,172,30
636,22,30,3,8,13,3,5,2,179,26,9,343.253,95,0,0,0,0,0,56,171,19
637,21,33,2,0,0,6,2,3,268,11,8,275.089,96,1,0,0,0,0,79,178,25
638,28,28,1,3,23,12,4,4,225,26,9,280.549,98,0,1,0,0,2,69,169,24
639,25,32,3,2,28,5,4,3,235,16,8,237.656,99,0,0,0,0,0,75,178,25
640,3,38,1,8,10,2,5,2,179,51,18,251.818,96,0,0,1,0,0,89,170,31
641,28,28,1,3,25,2,5,2,225,26,9,302.585,99,0,1,0,0,2,69,169,24
642,5,43,1,4,26,7,4,1,235,20,13,264.604,93,0,1,1,0,0,106,167,38
643,11,33,1,8,18,1,3,2,289,36,13,308.593,95,0,2,1,0,1,90,172,30
644,33,47,1,2,25,8,2,1,248,25,14,265.615,94,0,2,0,0,1,86,165,32
645,28,28,1,8,7,2,3,2,225,26,9,264.249,97,0,1,0,0,2,69,169,24
646,14,34,1,8,6,11,6,4,155,12,14,306.345,93,0,2,1,0,0,95,196,25
647,3,38,1,3,27,3,3,3,179,51,18,222.196,99,0,0,1,0,0,89,170,31
648,3,38,1,2,28,3,2,2,179,51,18,244.387,98,0,0,1,0,0,89,170,31
649,28,28,1,1,11,5,2,3,225,26,9,237.656,99,0,1,0,0,2,69,169,24
650,33,47,1,2,23,3,2,2,248,25,14,222.196,99,0,2,0,0,1,86,165,32
651,22,30,3,16,23,10,5,4,179,26,9,265.017,88,0,0,0,0,0,56,171,19
652,14,34,1,40,19,7,2,1,155,12,14,239.554,97,0,2,1,0,0,95,196,25
653,36,50,1,1,23,7,6,1,118,13,18,230.29,92,0,1,1,0,0,98,178,31
654,3,38,1,4,28,4,2,3,179,51,18,239.409,98,0,0,1,0,0,89,170,31
655,28,28,1,5,23,1,4,2,225,26,9,330.061,100,0,1,0,0,2,69,169,24
656,14,34,1,2,23,9,3,1,155,12,14,261.756,87,0,2,1,0,0,95,196,25
657,20,36,1,3,28,11,6,4,260,50,11,284.031,97,0,4,1,0,0,65,168,23
658,19,32,1,2,28,3,3,2,291,50,12,343.253,95,0,0,1,0,0,65,169,23
659,28,28,1,2,23,12,3,4,225,26,9,261.306,97,0,1,0,0,2,69,169,24
660,1,37,3,8,21,3,5,2,235,11,14,244.387,98,0,1,0,0,1,88,172,29
661,3,38,1,8,13,11,5,4,179,51,18,306.345,93,0,0,1,0,0,89,170,31
662,20,36,1,4,28,6,6,3,260,50,11,253.957,95,0,4,1,0,0,65,168,23
663,3,38,1,3,27,3,5,2,179,51,18,222.196,99,0,0,1,0,0,89,170,31
664,36,50,1,2,23,6,4,1,118,13,18,253.957,95,0,1,1,0,0,98,178,31
665,24,41,1,8,13,11,2,4,246,25,16,284.031,97,0,0,1,0,0,67,170,23
666,5,43,1,8,26,11,2,4,235,20,13,284.031,97,0,1,1,0,0,106,167,38
667,17,40,2,2,25,1,4,2,179,22,17,313.532,96,0,2,0,1,0,63,170,22
668,3,38,1,2,27,2,3,2,179,51,18,264.249,97,0,0,1,0,0,89,170,31
669,20,36,1,8,1,7,2,1,260,50,11,239.554,97,0,4,1,0,0,65,168,23
670,10,28,1,4,14,12,5,4,361,52,3,280.549,98,0,1,1,0,4,80,172,27
671,10,28,1,8,19,3,2,2,361,52,3,222.196,99,0,1,1,0,4,80,172,27
672,34,37,1,2,27,12,6,4,118,10,10,261.306,97,0,0,0,0,0,83,172,28
673,31,50,1,8,11,2,2,2,388,15,9,302.585,99,0,0,0,0,0,76,178,24
674,28,28,1,1,23,9,4,1,225,26,9,261.756,87,0,1,0,0,2,69,169,24
675,24,41,1,8,1,2,4,2,246,25,16,302.585,99,0,0,1,0,0,67,170,23
676,15,40,1,0,0,10,3,4,291,31,12,265.017,88,1,1,1,0,1,73,171,25
677,11,33,1,1,23,8,2,1,289,36,13,265.615,94,0,2,1,0,1,90,172,30
678,20,36,1,8,26,12,6,4,260,50,11,261.306,97,0,4,1,0,0,65,168,23
679,13,31,1,8,22,10,2,4,369,17,12,265.017,88,0,3,1,0,0,70,169,25
680,28,28,1,3,13,10,3,4,225,26,9,284.853,91,0,1,0,0,2,69,169,24
681,5,43,1,8,26,7,2,1,235,20,13,230.29,92,0,1,1,0,0,106,167,38
682,28,28,1,1,23,1,3,2,225,26,9,308.593,95,0,1,0,0,2,69,169,24
683,34,37,1,2,23,7,4,1,118,10,10,264.604,93,0,0,0,0,0,83,172,28
684,34,37,1,4,28,7,2,1,118,10,10,264.604,93,0,0,0,0,0,83,172,28
685,11,33,1,4,26,7,3,1,289,36,13,239.554,97,0,2,1,0,1,90,172,30
686,14,34,1,4,23,6,2,3,155,12,14,377.55,94,0,2,1,0,0,95,196,25
687,24,41,1,8,19,6,2,3,246,25,16,377.55,94,0,0,1,0,0,67,170,23
688,14,34,1,8,18,1,3,2,155,12,14,313.532,96,0,2,1,0,0,95,196,25
689,14,34,1,16,1,3,2,2,155,12,14,343.253,95,0,2,1,0,0,95,196,25
690,28,28,1,2,23,9,3,4,225,26,9,241.476,92,0,1,0,0,2,69,169,24
691,24,41,1,0,0,3,5,3,246,25,16,244.387,98,1,0,1,0,0,67,170,23
692,3,38,1,3,27,2,4,2,179,51,18,264.249,97,0,0,1,0,0,89,170,31
693,17,40,2,2,25,1,6,2,179,22,17,313.532,96,0,2,0,1,0,63,170,22
694,20,36,1,0,0,7,5,1,260,50,11,275.312,98,1,4,1,0,0,65,168,23
695,34,37,1,1,28,5,2,3,118,10,10,246.074,99,0,0,0,0,0,83,172,28
696,16,46,1,8,7,6,4,3,118,15,24,275.089,96,0,2,1,1,0,75,175,25
697,34,37,1,2,28,6,3,3,118,10,10,253.957,95,0,0,0,0,0,83,172,28
698,3,38,1,16,28,3,2,2,179,51,18,244.387,98,0,0,1,0,0,89,170,31
699,22,30,3,1,23,8,5,1,179,26,9,265.615,94,0,0,0,0,0,56,171,19
700,5,43,1,8,26,1,2,2,235,20,13,330.061,100,0,1,1,0,0,106,167,38
701,28,28,1,8,7,3,2,2,225,26,9,222.196,99,0,1,0,0,2,69,169,24
702,34,37,1,1,27,1,3,2,118,10,10,308.593,95,0,0,0,0,0,83,172,28
703,11,33,1,8,22,10,6,4,289,36,13,265.017,88,0,2,1,0,1,90,172,30
704,33,47,1,8,1,2,4,2,248,25,14,264.249,97,0,2,0,0,1,86,165,32
705,18,28,2,24,2,11,4,4,330,16,4,268.519,93,0,0,0,0,0,84,182,25
706,28,28,1,4,23,11,6,4,225,26,9,268.519,93,0,1,0,0,2,69,169,24
707,5,43,1,0,0,9,5,1,235,20,13,294.217,81,1,1,1,0,0,106,167,38
708,14,34,1,2,28,5,5,3,155,12,14,378.884,92,0,2,1,0,0,95,196,25
709,22,30,3,3,13,1,2,2,179,26,9,313.532,96,0,0,0,0,0,56,171,19
710,5,43,1,8,26,12,6,4,235,20,13,280.549,98,0,1,1,0,0,106,167,38
711,27,27,1,4,7,5,4,3,184,42,7,378.884,92,0,0,0,0,0,58,167,21
712,24,41,1,8,4,12,5,4,246,25,16,236.629,93,0,0,1,0,0,67,170,23
713,1,37,3,3,23,12,2,4,235,11,14,236.629,93,0,1,0,0,1,88,172,29
714,20,36,1,3,28,4,6,3,260,50,11,239.409,98,0,4,1,0,0,65,168,23
715,27,27,1,8,6,8,4,1,184,42,7,265.615,94,0,0,0,0,0,58,167,21
716,14,34,1,48,10,5,2,3,155,12,14,237.656,99,0,2,1,0,0,95,196,25
717,3,38,1,3,27,2,2,2,179,51,18,251.818,96,0,0,1,0,0,89,170,31
718,20,36,1,8,15,11,6,4,260,50,11,284.031,97,0,4,1,0,0,65,168,23
719,3,38,1,1,28,12,6,4,179,51,18,236.629,93,0,0,1,0,0,89,170,31
720,12,31,2,3,12,2,4,2,233,51,1,264.249,97,0,1,1,0,8,68,178,21
721,22,30,3,2,27,4,6,3,179,26,9,246.288,91,0,0,0,0,0,56,171,19
722,12,31,2,8,18,12,2,4,233,51,1,280.549,98,0,1,1,0,8,68,178,21
723,9,58,1,8,6,7,2,1,228,14,16,264.604,93,0,2,0,0,1,65,172,22
724,3,38,1,3,27,1,4,2,179,51,18,313.532,96,0,0,1,0,0,89,170,31
725,18,28,2,8,26,7,3,1,330,16,4,275.312,98,0,0,0,0,0,84,182,25
726,5,43,1,8,26,6,3,3,235,20,13,253.957,95,0,1,1,0,0,106,167,38
727,19,32,1,4,11,8,5,1,291,50,12,205.917,92,0,0,1,0,0,65,169,23
728,7,39,1,4,7,7,5,1,279,5,14,239.554,97,0,2,1,1,0,68,168,24
729,16,46,1,8,23,3,4,3,118,15,24,222.196,99,0,2,1,1,0,75,175,25
730,28,28,1,2,25,2,3,2,225,26,9,264.249,97,0,1,0,0,2,69,169,24
731,22,30,3,2,27,2,5,2,179,26,9,264.249,97,0,0,0,0,0,56,171,19
732,20,36,1,8,19,3,3,2,260,50,11,343.253,95,0,4,1,0,0,65,168,23
733,24,41,1,24,10,6,3,3,246,25,16,377.55,94,0,0,1,0,0,67,170,23
734,20,36,1,8,13,3,4,2,260,50,11,343.253,95,0,4,1,0,0,65,168,23
735,3,38,1,4,25,8,5,1,179,51,18,249.797,93,0,0,1,0,0,89,170,31
736,3,38,1,3,27,2,4,2,179,51,18,251.818,96,0,0,1,0,0,89,170,31
737,3,38,1,4,23,9,2,1,179,51,18,261.756,87,0,0,1,0,0,89,170,31
738,3,38,1,1,12,5,3,3,179,51,18,378.884,92,0,0,1,0,0,89,170,31
739,11,33,1,8,22,3,6,3,289,36,13,244.387,98,0,2,1,0,1,90,172,30
740,36,50,1,2,14,4,5,3,118,13,18,246.288,91,0,1,1,0,0,98,178,31
