portfolio_row_id,Age,Number of sexual partners,Hinselmann,Schiller,Citology,Biopsy,First sexual intercourse,Num of pregnancies,Smokes,Smokes (years),Smokes (packs/year),Hormonal Contraceptives,Hormonal Contraceptives (years),IUD,IUD (years),STDs,STDs (number),STDs:condylomatosis,STDs:cervical condylomatosis,STDs:vaginal condylomatosis,STDs:vulvo-perineal condylomatosis,STDs:syphilis,STDs:pelvic inflammatory disease,STDs:genital herpes,STDs:molluscum contagiosum,STDs:AIDS,STDs:HIV,STDs:Hepatitis B,STDs:HPV,STDs: Number of diagnosis
1,23,4.0,0,0,0,0,16.0,2.0,0.0,0.0,0.0,,,0.0,0.0,1.0,2.0,1.0,0.0,0.0,1.0,0.0,0.0,0.0,0.0,0.0,0.0,0.0,0.0,1
2,20,2.0,0,0,0,0,15.0,1.0,0.0,0.0,0.0,0.0,0.0,0.0,0.0,0.0,0.0,0.0,0.0,0.0,0.0,0.0,0.0,0.0,0.0,0.0,0.0,0.0,0.0,0
3,29,4.0,0,0,0,0,16.0,3.0,0.0,0.0,0.0,0.0,0.0,1.0,3.0,0.0,0.0,0.0,0.0,0.0,0.0,0.0,0.0,0.0,0.0,0.0,0.0,0.0,0.0,0
4,41,2.0,0,0,0,0,17.0,4.0,0.0,0.0,0.0,0.0,0.0,1.0,17.0,0.0,0.0,0.0,0.0,0.0,0.0,0.0,0.0,0.0,0.0,0.0,0.0,0.0,0.0,0
5,22,2.0,0,0,0,0,16.0,2.0,0.0,0.0,0.0,,,,,,,,,,,,,,,,,,,0
6,39,4.0,0,0,0,0,29.0,1.0,0.0,0.0,0.0,1.0,0.08,0.0,0.0,0.0,0.0,0.0,0.0,0.0,0.0,0.0,0.0,0.0,0.0,0.0,0.0,0.0,0.0,0
7,14,1.0,0,0,0,0,14.0,2.0,0.0,0.0,0.0,0.0,0.0,0.0,0.0,0.0,0.0,0.0,0.0,0.0,0.0,0.0,0.0,0.0,0.0,0.0,0.0,0.0,0.0,0
8,16,1.0,0,1,0,0,14.0,2.0,0.0,0.0,0.0,1.0,0.08,0.0,0.0,0.0,0.0,0.0,0.0,0.0,0.0,0.0,0.0,0.0,0.0,0.0,0.0,0.0,0.0,0
9,38,2.0,0,1,0,1,15.0,4.0,0.0,0.0,0.0,1.0,16.0,0.0,0.0,0.0,0.0,0.0,0.0,0.0,0.0,0.0,0.0,0.0,0.0,0.0,0.0,0.0,0.0,0
10,23,2.0,0,0,0,0,17.0,1.0,0.0,0.0,0.0,1.0,1.0,0.0,0.0,0.0,0.0,0.0,0.0,0.0,0.0,0.0,0.0,0.0,0.0,0.0,0.0,0.0,0.0,0
11,36,2.0,0,0,0,0,16.0,5.0,0.0,0.0,0.0,1.0,0.16,0.0,0.0,0.0,0.0,0.0,0.0,0.0,0.0,0.0,0.0,0.0,0.0,0.0,0.0,0.0,0.0,0
12,13,1.0,0,0,0,0,13.0,0.0,0.0,0.0,0.0,0.0,0.0,0.0,0.0,0.0,0.0,0.0,0.0,0.0,0.0,0.0,0.0,0.0,0.0,0.0,0.0,0.0,0.0,0
13,25,2.0,0,0,0,0,16.0,1.0,0.0,0.0,0.0,,,,,1.0,2.0,1.0,0.0,0.0,1.0,0.0,0.0,0.0,0.0,0.0,0.0,0.0,0.0,1
14,16,1.0,0,0,0,1,12.0,,0.0,0.0,0.0,1.0,0.42,,,,,,,,,,,,,,,,,0
15,26,3.0,0,0,0,0,17.0,3.0,0.0,0.0,0.0,1.0,0.25,0.0,0.0,1.0,1.0,0.0,0.0,0.0,0.0,1.0,0.0,0.0,0.0,0.0,0.0,0.0,0.0,1
16,18,3.0,0,0,0,0,18.0,4.0,0.0,0.0,0.0,1.0,5.0,0.0,0.0,0.0,0.0,0.0,0.0,0.0,0.0,0.0,0.0,0.0,0.0,0.0,0.0,0.0,0.0,0
17,18,2.0,0,0,0,0,14.0,2.0,0.0,0.0,0.0,1.0,1.0,0.0,0.0,0.0,0.0,0.0,0.0,0.0,0.0,0.0,0.0,0.0,0.0,0.0,0.0,0.0,0.0,0
18,29,1.0,0,0,0,0,22.0,,0.0,0.0,0.0,0.0,0.0,0.0,0.0,0.0,0.0,0.0,0.0,0.0,0.0,0.0,0.0,0.0,0.0,0.0,0.0,0.0,0.0,0
19,30,1.0,0,0,0,0,19.0,3.0,0.0,0.0,0.0,,,,,1.0,1.0,0.0,0.0,0.0,0.0,1.0,0.0,0.0,0.0,0.0,0.0,0.0,0.0,1
20,18,2.0,0,1,0,1,17.0,,0.0,0.0,0.0,0.0,0.0,0.0,0.0,0.0,0.0,0.0,0.0,0.0,0.0,0.0,0.0,0.0,0.0,0.0,0.0,0.0,0.0,0
21,19,1.0,0,0,0,0,16.0,1.0,0.0,0.0,0.0,0.0,0.0,0.0,0.0,0.0,0.0,0.0,0.0,0.0,0.0,0.0,0.0,0.0,0.0,0.0,0.0,0.0,0.0,0
22,32,3.0,0,0,0,0,16.0,2.0,0.0,0.0,0.0,1.0,2.0,0.0,0.0,0.0,0.0,0.0,0.0,0.0,0.0,0.0,0.0,0.0,0.0,0.0,0.0,0.0,0.0,0
23,35,5.0,0,1,0,1,19.0,2.0,0.0,0.0,0.0,0.0,0.0,0.0,0.0,0.0,0.0,0.0,0.0,0.0,0.0,0.0,0.0,0.0,0.0,0.0,0.0,0.0,0.0,0
24,34,3.0,0,0,0,0,18.0,0.0,0.0,0.0,0.0,0.0,0.0,0.0,0.0,0.0,0.0,0.0,0.0,0.0,0.0,0.0,0.0,0.0,0.0,0.0,0.0,0.0,0.0,0
25,33,3.0,0,0,0,0,19.0,0.0,0.0,0.0,0.0,0.0,0.0,0.0,0.0,0.0,0.0,0.0,0.0,0.0,0.0,0.0,0.0,0.0,0.0,0.0,0.0,0.0,0.0,0
26,35,3.0,0,0,0,0,18.0,4.0,1.0,18.0,9.0,0.0,0.0,0.0,0.0,0.0,0.0,0.0,0.0,0.0,0.0,0.0,0.0,0.0,0.0,0.0,0.0,0.0,0.0,0
27,36,3.0,0,0,0,0,17.0,3.0,0.0,0.0,0.0,0.0,0.0,0.0,0.0,0.0,0.0,0.0,0.0,0.0,0.0,0.0,0.0,0.0,0.0,0.0,0.0,0.0,0.0,0
28,24,2.0,0,0,0,0,18.0,,0.0,0.0,0.0,1.0,0.66,0.0,0.0,0.0,0.0,0.0,0.0,0.0,0.0,0.0,0.0,0.0,0.0,0.0,0.0,0.0,0.0,0
29,33,3.0,0,0,0,0,28.0,2.0,0.0,0.0,0.0,1.0,1.0,0.0,0.0,0.0,0.0,0.0,0.0,0.0,0.0,0.0,0.0,0.0,0.0,0.0,0.0,0.0,0.0,0
30,20,3.0,0,0,0,0,16.0,2.0,0.0,0.0,0.0,1.0,4.0,0.0,0.0,0.0,0.0,0.0,0.0,0.0,0.0,0.0,0.0,0.0,0.0,0.0,0.0,0.0,0.0,0
31,20,1.0,0,0,0,0,18.0,2.0,0.0,0.0,0.0,,,,,,,,,,,,,,,,,,,0
32,28,2.0,0,0,0,0,18.0,3.0,0.0,0.0,0.0,0.0,0.0,0.0,0.0,0.0,0.0,0.0,0.0,0.0,0.0,0.0,0.0,0.0,0.0,0.0,0.0,0.0,0.0,0
33,19,1.0,1,1,1,1,18.0,1.0,0.0,0.0,0.0,1.0,1.0,0.0,0.0,0.0,0.0,0.0,0.0,0.0,0.0,0.0,0.0,0.0,0.0,0.0,0.0,0.0,0.0,0
34,21,5.0,0,0,0,0,16.0,1.0,0.0,0.0,0.0,1.0,0.42,0.0,0.0,0.0,0.0,0.0,0.0,0.0,0.0,0.0,0.0,0.0,0.0,0.0,0.0,0.0,0.0,0
35,35,3.0,0,0,0,0,17.0,4.0,0.0,0.0,0.0,1.0,7.0,1.0,0.08,1.0,2.0,1.0,0.0,0.0,1.0,0.0,0.0,0.0,0.0,0.0,0.0,0.0,0.0,1
36,24,2.0,0,0,0,0,16.0,1.0,1.0,6.0,1.2,1.0,8.0,0.0,0.0,0.0,0.0,0.0,0.0,0.0,0.0,0.0,0.0,0.0,0.0,0.0,0.0,0.0,0.0,0
37,20,4.0,0,0,0,0,15.0,1.0,0.0,0.0,0.0,,,,,,,,,,,,,,,,,,,0
38,59,2.0,0,0,0,0,13.0,,0.0,0.0,0.0,0.0,0.0,1.0,0.41,0.0,0.0,0.0,0.0,0.0,0.0,0.0,0.0,0.0,0.0,0.0,0.0,0.0,0.0,0
39,15,1.0,0,0,0,0,15.0,1.0,0.0,0.0,0.0,,,,,,,,,,,,,,,,,,,0
40,25,2.0,0,0,0,0,18.0,2.0,0.0,0.0,0.0,1.0,0.25,0.0,0.0,0.0,0.0,0.0,0.0,0.0,0.0,0.0,0.0,0.0,0.0,0.0,0.0,0.0,0.0,0
41,24,3.0,0,0,0,0,19.0,1.0,0.0,0.0,0.0,1.0,2.0,0.0,0.0,0.0,0.0,0.0,0.0,0.0,0.0,0.0,0.0,0.0,0.0,0.0,0.0,0.0,0.0,0
42,27,2.0,0,0,0,0,15.0,3.0,0.0,0.0,0.0,0.0,0.0,0.0,0.0,0.0,0.0,0.0,0.0,0.0,0.0,0.0,0.0,0.0,0.0,0.0,0.0,0.0,0.0,0
43,18,2.0,0,0,0,0,15.0,1.0,0.0,0.0,0.0,,,,,,,,,,,,,,,,,,,0
44,37,,0,0,0,0,18.0,1.0,0.0,0.0,0.0,1.0,0.58,0.0,0.0,0.0,0.0,0.0,0.0,0.0,0.0,0.0,0.0,0.0,0.0,0.0,0.0,0.0,0.0,0
45,25,2.0,0,0,0,0,14.0,3.0,1.0,5.0,0.4,1.0,7.0,0.0,0.0,0.0,0.0,0.0,0.0,0.0,0.0,0.0,0.0,0.0,0.0,0.0,0.0,0.0,0.0,0
46,48,4.0,0,1,0,1,16.0,4.0,0.0,0.0,0.0,1.0,10.0,1.0,1.0,0.0,0.0,0.0,0.0,0.0,0.0,0.0,0.0,0.0,0.0,0.0,0.0,0.0,0.0,0
47,28,1.0,0,0,0,0,23.0,3.0,0.0,0.0,0.0,1.0,3.0,0.0,0.0,0.0,0.0,0.0,0.0,0.0,0.0,0.0,0.0,0.0,0.0,0.0,0.0,0.0,0.0,0
48,35,5.0,0,0,0,0,18.0,2.0,0.0,0.0,0.0,1.0,10.0,0.0,0.0,0.0,0.0,0.0,0.0,0.0,0.0,0.0,0.0,0.0,0.0,0.0,0.0,0.0,0.0,0
49,29,5.0,0,0,0,0,20.0,1.0,0.0,0.0,0.0,1.0,3.0,0.0,0.0,1.0,2.0,1.0,0.0,0.0,1.0,0.0,0.0,0.0,0.0,0.0,0.0,0.0,0.0,1
50,27,1.0,1,1,0,1,18.0,3.0,0.0,0.0,0.0,1.0,0.5,0.0,0.0,0.0,0.0,0.0,0.0,0.0,0.0,0.0,0.0,0.0,0.0,0.0,0.0,0.0,0.0,0
51,21,5.0,0,0,0,0,14.0,2.0,1.0,2.0,1.0,0.0,0.0,0.0,0.0,1.0,1.0,0.0,0.0,0.0,0.0,1.0,0.0,0.0,0.0,0.0,0.0,0.0,0.0,1
52,25,4.0,0,1,0,0,15.0,3.0,1.0,7.0,0.7,0.0,0.0,0.0,0.0,1.0,2.0,1.0,0.0,0.0,1.0,0.0,0.0,0.0,0.0,0.0,0.0,0.0,0.0,1
53,35,2.0,1,1,0,1,17.0,3.0,0.0,0.0,0.0,1.0,1.0,0.0,0.0,0.0,0.0,0.0,0.0,0.0,0.0,0.0,0.0,0.0,0.0,0.0,0.0,0.0,0.0,0
54,23,1.0,0,0,0,0,15.0,3.0,0.0,0.0,0.0,0.0,0.0,0.0,0.0,0.0,0.0,0.0,0.0,0.0,0.0,0.0,0.0,0.0,0.0,0.0,0.0,0.0,0.0,0
55,31,3.0,0,0,0,0,17.0,2.0,0.0,0.0,0.0,0.0,0.0,0.0,0.0,0.0,0.0,0.0,0.0,0.0,0.0,0.0,0.0,0.0,0.0,0.0,0.0,0.0,0.0,0
56,17,2.0,0,0,0,0,12.0,,0.0,0.0,0.0,,,,,,,,,,,,,,,,,,,0
57,21,4.0,0,0,0,0,14.0,1.0,0.0,0.0,0.0,,,,,,,,,,,,,,,,,,,0
58,24,3.0,0,0,0,0,18.0,2.0,1.0,5.0,0.5132021277,1.0,1.0,0.0,0.0,0.0,0.0,0.0,0.0,0.0,0.0,0.0,0.0,0.0,0.0,0.0,0.0,0.0,0.0,0
59,37,4.0,0,0,0,0,26.0,1.0,0.0,0.0,0.0,0.0,0.0,0.0,0.0,0.0,0.0,0.0,0.0,0.0,0.0,0.0,0.0,0.0,0.0,0.0,0.0,0.0,0.0,0
60,26,2.0,0,0,0,0,18.0,1.0,0.0,0.0,0.0,0.0,0.0,0.0,0.0,0.0,0.0,0.0,0.0,0.0,0.0,0.0,0.0,0.0,0.0,0.0,0.0,0.0,0.0,0
61,31,3.0,0,0,0,0,18.0,1.0,0.0,0.0,0.0,1.0,0.5,0.0,0.0,0.0,0.0,0.0,0.0,0.0,0.0,0.0,0.0,0.0,0.0,0.0,0.0,0.0,0.0,0
62,31,1.0,0,0,0,0,17.0,5.0,0.0,0.0,0.0,1.0,1.0,0.0,0.0,0.0,0.0,0.0,0.0,0.0,0.0,0.0,0.0,0.0,0.0,0.0,0.0,0.0,0.0,0
63,18,1.0,1,1,0,1,16.0,1.0,1.0,2.0,0.05,0.0,0.0,0.0,0.0,1.0,2.0,1.0,0.0,0.0,1.0,0.0,0.0,0.0,0.0,0.0,0.0,0.0,0.0,1
64,33,4.0,0,0,0,0,18.0,3.0,0.0,0.0,0.0,1.0,5.0,0.0,0.0,0.0,0.0,0.0,0.0,0.0,0.0,0.0,0.0,0.0,0.0,0.0,0.0,0.0,0.0,0
65,24,3.0,0,0,0,0,15.0,4.0,,,,1.0,3.0,1.0,2.0,1.0,1.0,0.0,0.0,0.0,0.0,1.0,0.0,0.0,0.0,0.0,0.0,0.0,0.0,1
66,42,3.0,0,0,0,0,18.0,4.0,0.0,0.0,0.0,1.0,1.0,0.0,0.0,1.0,2.0,1.0,0.0,0.0,1.0,0.0,0.0,0.0,0.0,0.0,0.0,0.0,0.0,1
67,37,2.0,0,0,0,0,21.0,4.0,0.0,0.0,0.0,1.0,4.0,0.0,0.0,0.0,0.0,0.0,0.0,0.0,0.0,0.0,0.0,0.0,0.0,0.0,0.0,0.0,0.0,0
68,27,2.0,0,0,0,0,13.0,2.0,1.0,7.0,1.4,1.0,3.0,0.0,0.0,1.0,3.0,1.0,0.0,0.0,1.0,1.0,0.0,0.0,0.0,0.0,0.0,0.0,0.0,1
69,19,3.0,0,0,0,0,13.0,4.0,0.0,0.0,0.0,0.0,0.0,0.0,0.0,1.0,2.0,1.0,0.0,0.0,1.0,0.0,0.0,0.0,0.0,0.0,0.0,0.0,0.0,1
70,22,1.0,0,0,0,0,14.0,2.0,0.0,0.0,0.0,1.0,7.0,0.0,0.0,,,,,,,,,,,,,,,0
71,25,2.0,0,0,0,0,17.0,1.0,0.0,0.0,0.0,1.0,0.5,0.0,0.0,0.0,0.0,0.0,0.0,0.0,0.0,0.0,0.0,0.0,0.0,0.0,0.0,0.0,0.0,0
72,31,3.0,0,0,0,0,14.0,4.0,0.0,0.0,0.0,1.0,4.0,0.0,0.0,0.0,0.0,0.0,0.0,0.0,0.0,0.0,0.0,0.0,0.0,0.0,0.0,0.0,0.0,0
73,40,3.0,0,0,0,0,23.0,2.0,0.0,0.0,0.0,0.0,0.0,0.0,0.0,1.0,1.0,0.0,0.0,0.0,0.0,0.0,0.0,0.0,0.0,0.0,1.0,0.0,0.0,1
74,40,2.0,0,0,0,0,21.0,2.0,0.0,0.0,0.0,1.0,19.0,1.0,8.0,0.0,0.0,0.0,0.0,0.0,0.0,0.0,0.0,0.0,0.0,0.0,0.0,0.0,0.0,0
75,26,2.0,0,1,0,0,17.0,,1.0,9.0,1.35,1.0,3.0,0.0,0.0,1.0,2.0,1.0,0.0,0.0,1.0,0.0,0.0,0.0,0.0,0.0,0.0,0.0,0.0,1
76,33,1.0,0,0,0,0,16.0,4.0,0.0,0.0,0.0,0.0,0.0,0.0,0.0,0.0,0.0,0.0,0.0,0.0,0.0,0.0,0.0,0.0,0.0,0.0,0.0,0.0,0.0,0
77,19,2.0,0,0,0,0,14.0,2.0,0.0,0.0,0.0,,,,,,,,,,,,,,,,,,,0
78,35,2.0,1,1,1,0,18.0,6.0,0.0,0.0,0.0,1.0,1.0,0.0,0.0,0.0,0.0,0.0,0.0,0.0,0.0,0.0,0.0,0.0,0.0,0.0,0.0,0.0,0.0,0
79,29,5.0,0,0,0,0,17.0,5.0,0.0,0.0,0.0,1.0,0.58,0.0,0.0,0.0,0.0,0.0,0.0,0.0,0.0,0.0,0.0,0.0,0.0,0.0,0.0,0.0,0.0,0
80,18,2.0,1,0,0,0,15.0,2.0,1.0,0.5,0.05,1.0,0.33,0.0,0.0,0.0,0.0,0.0,0.0,0.0,0.0,0.0,0.0,0.0,0.0,0.0,0.0,0.0,0.0,0
81,24,1.0,0,0,0,0,21.0,,0.0,0.0,0.0,1.0,1.0,0.0,0.0,0.0,0.0,0.0,0.0,0.0,0.0,0.0,0.0,0.0,0.0,0.0,0.0,0.0,0.0,0
82,21,1.0,0,0,0,0,18.0,2.0,,,,0.0,0.0,0.0,0.0,0.0,0.0,0.0,0.0,0.0,0.0,0.0,0.0,0.0,0.0,0.0,0.0,0.0,0.0,0
83,39,2.0,0,0,0,0,17.0,4.0,0.0,0.0,0.0,1.0,1.0,0.0,0.0,0.0,0.0,0.0,0.0,0.0,0.0,0.0,0.0,0.0,0.0,0.0,0.0,0.0,0.0,0
84,22,2.0,0,0,0,0,18.0,2.0,0.0,0.0,0.0,0.0,0.0,0.0,0.0,0.0,0.0,0.0,0.0,0.0,0.0,0.0,0.0,0.0,0.0,0.0,0.0,0.0,0.0,0
85,25,4.0,0,0,0,0,15.0,3.0,0.0,0.0,0.0,1.0,1.0,0.0,0.0,0.0,0.0,0.0,0.0,0.0,0.0,0.0,0.0,0.0,0.0,0.0,0.0,0.0,0.0,0
86,34,3.0,0,0,0,0,14.0,4.0,0.0,0.0,0.0,0.0,0.0,0.0,0.0,0.0,0.0,0.0,0.0,0.0,0.0,0.0,0.0,0.0,0.0,0.0,0.0,0.0,0.0,0
87,33,3.0,0,0,0,0,21.0,1.0,0.0,0.0,0.0,1.0,2.0,0.0,0.0,0.0,0.0,0.0,0.0,0.0,0.0,0.0,0.0,0.0,0.0,0.0,0.0,0.0,0.0,0
88,22,1.0,0,0,0,0,18.0,2.0,0.0,0.0,0.0,1.0,7.0,0.0,0.0,0.0,0.0,0.0,0.0,0.0,0.0,0.0,0.0,0.0,0.0,0.0,0.0,0.0,0.0,0
89,23,2.0,0,0,0,0,18.0,2.0,0.0,0.0,0.0,1.0,2.0,0.0,0.0,0.0,0.0,0.0,0.0,0.0,0.0,0.0,0.0,0.0,0.0,0.0,0.0,0.0,0.0,0
90,27,2.0,0,0,0,0,17.0,4.0,0.0,0.0,0.0,1.0,2.0,0.0,0.0,0.0,0.0,0.0,0.0,0.0,0.0,0.0,0.0,0.0,0.0,0.0,0.0,0.0,0.0,0
91,14,5.0,0,0,0,0,16.0,,0.0,0.0,0.0,1.0,0.08,0.0,0.0,0.0,0.0,0.0,0.0,0.0,0.0,0.0,0.0,0.0,0.0,0.0,0.0,0.0,0.0,0
92,42,3.0,0,0,0,0,23.0,2.0,0.0,0.0,0.0,0.0,0.0,0.0,0.0,0.0,0.0,0.0,0.0,0.0,0.0,0.0,0.0,0.0,0.0,0.0,0.0,0.0,0.0,0
93,18,3.0,0,0,0,0,14.0,1.0,1.0,3.0,0.45,,,,,0.0,0.0,0.0,0.0,0.0,0.0,0.0,0.0,0.0,0.0,0.0,0.0,0.0,0.0,0
94,34,3.0,0,0,0,0,17.0,1.0,1.0,9.0,4.5,,,,,,,,,,,,,,,,,,,0
95,16,2.0,0,0,0,0,15.0,1.0,0.0,0.0,0.0,,,,,,,,,,,,,,,,,,,0
96,17,2.0,0,0,0,0,13.0,2.0,0.0,0.0,0.0,0.0,0.0,0.0,0.0,0.0,0.0,0.0,0.0,0.0,0.0,0.0,0.0,0.0,0.0,0.0,0.0,0.0,0.0,0
97,22,1.0,0,0,0,0,21.0,,0.0,0.0,0.0,0.0,0.0,0.0,0.0,0.0,0.0,0.0,0.0,0.0,0.0,0.0,0.0,0.0,0.0,0.0,0.0,0.0,0.0,0
98,28,2.0,0,1,0,1,19.0,2.0,1.0,1.266972909,0.5132021277,0.0,0.0,0.0,0.0,1.0,2.0,1.0,0.0,0.0,1.0,0.0,0.0,0.0,0.0,0.0,0.0,0.0,0.0,1
99,22,2.0,0,0,0,0,17.0,3.0,0.0,0.0,0.0,1.0,0.08,0.0,0.0,0.0,0.0,0.0,0.0,0.0,0.0,0.0,0.0,0.0,0.0,0.0,0.0,0.0,0.0,0
100,37,3.0,0,0,0,0,15.0,3.0,0.0,0.0,0.0,1.0,0.5,1.0,2.0,0.0,0.0,0.0,0.0,0.0,0.0,0.0,0.0,0.0,0.0,0.0,0.0,0.0,0.0,0
101,21,1.0,0,0,0,1,17.0,,0.0,0.0,0.0,1.0,3.0,0.0,0.0,0.0,0.0,0.0,0.0,0.0,0.0,0.0,0.0,0.0,0.0,0.0,0.0,0.0,0.0,0
102,23,3.0,0,0,0,0,18.0,1.0,0.0,0.0,0.0,,,,,,,,,,,,,,,,,,,0
103,21,1.0,1,1,0,1,17.0,2.0,0.0,0.0,0.0,1.0,3.0,0.0,0.0,0.0,0.0,0.0,0.0,0.0,0.0,0.0,0.0,0.0,0.0,0.0,0.0,0.0,0.0,0
104,26,2.0,0,0,0,0,18.0,4.0,0.0,0.0,0.0,1.0,3.5,0.0,0.0,0.0,0.0,0.0,0.0,0.0,0.0,0.0,0.0,0.0,0.0,0.0,0.0,0.0,0.0,0
105,15,3.0,0,0,1,0,14.0,1.0,1.0,1.266972909,0.5132021277,,,,,,,,,,,,,,,,,,,0
106,28,3.0,0,0,0,0,15.0,5.0,1.0,12.0,12.0,0.0,0.0,0.0,0.0,0.0,0.0,0.0,0.0,0.0,0.0,0.0,0.0,0.0,0.0,0.0,0.0,0.0,0.0,0
107,33,2.0,0,0,0,0,24.0,2.0,0.0,0.0,0.0,1.0,0.08,0.0,0.0,0.0,0.0,0.0,0.0,0.0,0.0,0.0,0.0,0.0,0.0,0.0,0.0,0.0,0.0,0
108,23,2.0,0,0,1,0,19.0,1.0,0.0,0.0,0.0,0.0,0.0,0.0,0.0,0.0,0.0,0.0,0.0,0.0,0.0,0.0,0.0,0.0,0.0,0.0,0.0,0.0,0.0,0
109,16,3.0,0,0,0,0,14.0,2.0,0.0,0.0,0.0,1.0,1.0,0.0,0.0,0.0,0.0,0.0,0.0,0.0,0.0,0.0,0.0,0.0,0.0,0.0,0.0,0.0,0.0,0
110,15,2.0,0,0,0,0,14.0,2.0,0.0,0.0,0.0,0.0,0.0,0.0,0.0,0.0,0.0,0.0,0.0,0.0,0.0,0.0,0.0,0.0,0.0,0.0,0.0,0.0,0.0,0
111,24,3.0,0,0,0,0,18.0,2.0,1.0,1.266972909,0.5132021277,1.0,5.0,0.0,0.0,0.0,0.0,0.0,0.0,0.0,0.0,0.0,0.0,0.0,0.0,0.0,0.0,0.0,0.0,0
112,23,2.0,0,0,0,0,18.0,1.0,0.0,0.0,0.0,1.0,0.58,0.0,0.0,0.0,0.0,0.0,0.0,0.0,0.0,0.0,0.0,0.0,0.0,0.0,0.0,0.0,0.0,0
113,28,3.0,0,0,0,0,16.0,5.0,1.0,22.0,22.0,1.0,0.25,0.0,0.0,0.0,0.0,0.0,0.0,0.0,0.0,0.0,0.0,0.0,0.0,0.0,0.0,0.0,0.0,0
114,27,4.0,0,0,0,0,16.0,1.0,0.0,0.0,0.0,1.0,0.67,0.0,0.0,0.0,0.0,0.0,0.0,0.0,0.0,0.0,0.0,0.0,0.0,0.0,0.0,0.0,0.0,0
115,18,2.0,0,0,0,0,17.0,1.0,0.0,0.0,0.0,0.0,0.0,0.0,0.0,0.0,0.0,0.0,0.0,0.0,0.0,0.0,0.0,0.0,0.0,0.0,0.0,0.0,0.0,0
116,17,2.0,0,0,0,0,14.0,1.0,0.0,0.0,0.0,0.0,0.0,0.0,0.0,0.0,0.0,0.0,0.0,0.0,0.0,0.0,0.0,0.0,0.0,0.0,0.0,0.0,0.0,0
117,30,1.0,1,1,0,1,17.0,3.0,0.0,0.0,0.0,1.0,4.0,0.0,0.0,0.0,0.0,0.0,0.0,0.0,0.0,0.0,0.0,0.0,0.0,0.0,0.0,0.0,0.0,0
118,27,2.0,0,0,0,0,19.0,2.0,0.0,0.0,0.0,1.0,7.0,0.0,0.0,0.0,0.0,0.0,0.0,0.0,0.0,0.0,0.0,0.0,0.0,0.0,0.0,0.0,0.0,0
119,47,2.0,0,1,1,1,17.0,3.0,0.0,0.0,0.0,1.0,20.0,0.0,0.0,0.0,0.0,0.0,0.0,0.0,0.0,0.0,0.0,0.0,0.0,0.0,0.0,0.0,0.0,0
120,33,3.0,1,1,1,1,18.0,2.0,,,,0.0,0.0,0.0,0.0,0.0,0.0,0.0,0.0,0.0,0.0,0.0,0.0,0.0,0.0,0.0,0.0,0.0,0.0,0
121,22,3.0,0,0,0,0,17.0,4.0,0.0,0.0,0.0,1.0,5.0,0.0,0.0,0.0,0.0,0.0,0.0,0.0,0.0,0.0,0.0,0.0,0.0,0.0,0.0,0.0,0.0,0
122,25,,0,0,0,0,18.0,2.0,0.0,0.0,0.0,,,,,,,,,,,,,,,,,,,0
123,20,3.0,0,0,0,0,18.0,1.0,0.0,0.0,0.0,1.0,1.0,0.0,0.0,0.0,0.0,0.0,0.0,0.0,0.0,0.0,0.0,0.0,0.0,0.0,0.0,0.0,0.0,0
124,18,2.0,0,0,0,0,15.0,1.0,0.0,0.0,0.0,0.0,0.0,0.0,0.0,0.0,0.0,0.0,0.0,0.0,0.0,0.0,0.0,0.0,0.0,0.0,0.0,0.0,0.0,0
125,15,1.0,0,0,0,0,15.0,1.0,0.0,0.0,0.0,0.0,0.0,0.0,0.0,0.0,0.0,0.0,0.0,0.0,0.0,0.0,0.0,0.0,0.0,0.0,0.0,0.0,0.0,0
126,23,1.0,0,0,0,0,15.0,3.0,0.0,0.0,0.0,1.0,0.25,1.0,7.0,0.0,0.0,0.0,0.0,0.0,0.0,0.0,0.0,0.0,0.0,0.0,0.0,0.0,0.0,0
127,31,3.0,0,0,0,0,16.0,4.0,1.0,10.0,1.0,0.0,0.0,0.0,0.0,0.0,0.0,0.0,0.0,0.0,0.0,0.0,0.0,0.0,0.0,0.0,0.0,0.0,0.0,0
128,20,1.0,1,1,0,1,18.0,1.0,0.0,0.0,0.0,1.0,14.0,0.0,0.0,0.0,0.0,0.0,0.0,0.0,0.0,0.0,0.0,0.0,0.0,0.0,0.0,0.0,0.0,0
129,32,2.0,0,0,0,0,19.0,1.0,0.0,0.0,0.0,1.0,8.0,0.0,0.0,0.0,0.0,0.0,0.0,0.0,0.0,0.0,0.0,0.0,0.0,0.0,0.0,0.0,0.0,0
130,41,4.0,0,0,0,0,16.0,5.0,0.0,0.0,0.0,1.0,15.0,0.0,0.0,0.0,0.0,0.0,0.0,0.0,0.0,0.0,0.0,0.0,0.0,0.0,0.0,0.0,0.0,0
131,35,3.0,0,0,0,0,21.0,5.0,0.0,0.0,0.0,0.0,0.0,0.0,0.0,0.0,0.0,0.0,0.0,0.0,0.0,0.0,0.0,0.0,0.0,0.0,0.0,0.0,0.0,0
132,21,1.0,0,0,0,0,20.0,2.0,0.0,0.0,0.0,0.0,0.0,0.0,0.0,0.0,0.0,0.0,0.0,0.0,0.0,0.0,0.0,0.0,0.0,0.0,0.0,0.0,0.0,0
133,38,3.0,0,1,0,0,22.0,2.0,,,,1.0,3.0,1.0,6.0,0.0,0.0,0.0,0.0,0.0,0.0,0.0,0.0,0.0,0.0,0.0,0.0,0.0,0.0,0
134,18,1.0,0,0,0,0,15.0,1.0,0.0,0.0,0.0,0.0,0.0,0.0,0.0,0.0,0.0,0.0,0.0,0.0,0.0,0.0,0.0,0.0,0.0,0.0,0.0,0.0,0.0,0
135,19,1.0,0,0,0,0,16.0,1.0,0.0,0.0,0.0,,,,,,,,,,,,,,,,,,,0
136,33,2.0,0,0,0,0,17.0,3.0,0.0,0.0,0.0,1.0,10.0,0.0,0.0,0.0,0.0,0.0,0.0,0.0,0.0,0.0,0.0,0.0,0.0,0.0,0.0,0.0,0.0,0
137,27,3.0,0,0,0,0,20.0,2.0,0.0,0.0,0.0,1.0,1.0,0.0,0.0,0.0,0.0,0.0,0.0,0.0,0.0,0.0,0.0,0.0,0.0,0.0,0.0,0.0,0.0,0
138,25,2.0,0,0,0,0,18.0,2.0,0.0,0.0,0.0,1.0,5.0,,,,,,,,,,,,,,,,,0
139,20,5.0,0,0,0,0,17.0,1.0,1.0,0.5,0.5132021277,0.0,0.0,0.0,0.0,0.0,0.0,0.0,0.0,0.0,0.0,0.0,0.0,0.0,0.0,0.0,0.0,0.0,0.0,0
140,30,4.0,0,0,0,0,13.0,8.0,0.0,0.0,0.0,,,,,1.0,1.0,0.0,0.0,0.0,0.0,1.0,0.0,0.0,0.0,0.0,0.0,0.0,0.0,0
141,23,5.0,0,0,0,0,23.0,2.0,0.0,0.0,0.0,1.0,2.0,0.0,0.0,0.0,0.0,0.0,0.0,0.0,0.0,0.0,0.0,0.0,0.0,0.0,0.0,0.0,0.0,0
142,34,3.0,0,0,0,0,19.0,3.0,0.0,0.0,0.0,1.0,5.0,0.0,0.0,0.0,0.0,0.0,0.0,0.0,0.0,0.0,0.0,0.0,0.0,0.0,0.0,0.0,0.0,0
143,18,1.0,0,0,0,0,17.0,1.0,0.0,0.0,0.0,0.0,0.0,0.0,0.0,0.0,0.0,0.0,0.0,0.0,0.0,0.0,0.0,0.0,0.0,0.0,0.0,0.0,0.0,0
144,20,1.0,0,0,0,0,15.0,2.0,0.0,0.0,0.0,1.0,0.42,0.0,0.0,0.0,0.0,0.0,0.0,0.0,0.0,0.0,0.0,0.0,0.0,0.0,0.0,0.0,0.0,0
145,36,1.0,0,0,0,0,16.0,3.0,0.0,0.0,0.0,1.0,11.0,0.0,0.0,0.0,0.0,0.0,0.0,0.0,0.0,0.0,0.0,0.0,0.0,0.0,0.0,0.0,0.0,0
146,16,28.0,0,0,0,0,10.0,1.0,1.0,5.0,5.0,0.0,0.0,0.0,0.0,0.0,0.0,0.0,0.0,0.0,0.0,0.0,0.0,0.0,0.0,0.0,0.0,0.0,0.0,0
147,29,5.0,0,0,0,0,20.0,,0.0,0.0,0.0,1.0,2.0,,,1.0,2.0,1.0,0.0,0.0,1.0,0.0,0.0,0.0,0.0,0.0,0.0,0.0,0.0,1
148,36,2.0,0,0,0,0,17.0,1.0,0.0,0.0,0.0,0.0,0.0,0.0,0.0,0.0,0.0,0.0,0.0,0.0,0.0,0.0,0.0,0.0,0.0,0.0,0.0,0.0,0.0,0
149,35,5.0,0,0,0,0,15.0,4.0,0.0,0.0,0.0,0.0,0.0,0.0,0.0,0.0,0.0,0.0,0.0,0.0,0.0,0.0,0.0,0.0,0.0,0.0,0.0,0.0,0.0,0
150,25,3.0,0,0,0,0,,4.0,0.0,0.0,0.0,1.0,0.25,0.0,0.0,0.0,0.0,0.0,0.0,0.0,0.0,0.0,0.0,0.0,0.0,0.0,0.0,0.0,0.0,0
151,24,2.0,0,0,0,0,15.0,3.0,0.0,0.0,0.0,1.0,4.0,0.0,0.0,1.0,1.0,0.0,0.0,0.0,0.0,0.0,0.0,0.0,0.0,0.0,1.0,0.0,0.0,1
152,43,4.0,0,0,0,0,16.0,3.0,1.0,28.0,7.0,0.0,0.0,1.0,2.0,0.0,0.0,0.0,0.0,0.0,0.0,0.0,0.0,0.0,0.0,0.0,0.0,0.0,0.0,0
153,16,1.0,0,0,0,0,15.0,1.0,0.0,0.0,0.0,0.0,0.0,0.0,0.0,0.0,0.0,0.0,0.0,0.0,0.0,0.0,0.0,0.0,0.0,0.0,0.0,0.0,0.0,0
154,20,1.0,0,0,0,0,16.0,1.0,0.0,0.0,0.0,1.0,4.0,0.0,0.0,0.0,0.0,0.0,0.0,0.0,0.0,0.0,0.0,0.0,0.0,0.0,0.0,0.0,0.0,0
155,23,2.0,0,0,0,0,15.0,2.0,1.0,1.266972909,0.5132021277,1.0,5.0,0.0,0.0,0.0,0.0,0.0,0.0,0.0,0.0,0.0,0.0,0.0,0.0,0.0,0.0,0.0,0.0,0
156,16,2.0,0,0,0,0,14.0,1.0,0.0,0.0,0.0,0.0,0.0,0.0,0.0,0.0,0.0,0.0,0.0,0.0,0.0,0.0,0.0,0.0,0.0,0.0,0.0,0.0,0.0,0
157,29,4.0,0,0,0,0,18.0,,0.0,0.0,0.0,1.0,0.75,0.0,0.0,0.0,0.0,0.0,0.0,0.0,0.0,0.0,0.0,0.0,0.0,0.0,0.0,0.0,0.0,0
158,14,2.0,0,0,0,0,14.0,1.0,0.0,0.0,0.0,0.0,0.0,0.0,0.0,0.0,0.0,0.0,0.0,0.0,0.0,0.0,0.0,0.0,0.0,0.0,0.0,0.0,0.0,0
159,16,1.0,0,1,0,0,15.0,1.0,0.0,0.0,0.0,1.0,1.0,0.0,0.0,0.0,0.0,0.0,0.0,0.0,0.0,0.0,0.0,0.0,0.0,0.0,0.0,0.0,0.0,0
160,21,3.0,1,1,0,0,14.0,3.0,0.0,0.0,0.0,1.0,1.0,0.0,0.0,0.0,0.0,0.0,0.0,0.0,0.0,0.0,0.0,0.0,0.0,0.0,0.0,0.0,0.0,0
161,23,4.0,0,0,0,0,16.0,3.0,1.0,1.0,0.1,1.0,7.0,0.0,0.0,0.0,0.0,0.0,0.0,0.0,0.0,0.0,0.0,0.0,0.0,0.0,0.0,0.0,0.0,0
162,21,1.0,0,0,1,0,14.0,1.0,0.0,0.0,0.0,1.0,5.0,0.0,0.0,0.0,0.0,0.0,0.0,0.0,0.0,0.0,0.0,0.0,0.0,0.0,0.0,0.0,0.0,0
163,28,3.0,0,0,0,0,21.0,1.0,0.0,0.0,0.0,0.0,0.0,0.0,0.0,0.0,0.0,0.0,0.0,0.0,0.0,0.0,0.0,0.0,0.0,0.0,0.0,0.0,0.0,0
164,26,2.0,0,0,0,0,19.0,3.0,0.0,0.0,0.0,1.0,1.0,0.0,0.0,0.0,0.0,0.0,0.0,0.0,0.0,0.0,0.0,0.0,0.0,0.0,0.0,0.0,0.0,0
165,17,1.0,0,0,0,0,15.0,2.0,0.0,0.0,0.0,0.0,0.0,0.0,0.0,0.0,0.0,0.0,0.0,0.0,0.0,0.0,0.0,0.0,0.0,0.0,0.0,0.0,0.0,0
166,18,1.0,0,0,0,0,17.0,1.0,0.0,0.0,0.0,1.0,0.16,0.0,0.0,0.0,0.0,0.0,0.0,0.0,0.0,0.0,0.0,0.0,0.0,0.0,0.0,0.0,0.0,0
167,27,2.0,0,0,0,0,19.0,1.0,0.0,0.0,0.0,0.0,0.0,0.0,0.0,0.0,0.0,0.0,0.0,0.0,0.0,0.0,0.0,0.0,0.0,0.0,0.0,0.0,0.0,0
168,27,2.0,0,0,0,0,17.0,3.0,0.0,0.0,0.0,1.0,0.25,0.0,0.0,0.0,0.0,0.0,0.0,0.0,0.0,0.0,0.0,0.0,0.0,0.0,0.0,0.0,0.0,0
169,24,1.0,0,0,1,0,17.0,1.0,0.0,0.0,0.0,0.0,0.0,0.0,0.0,0.0,0.0,0.0,0.0,0.0,0.0,0.0,0.0,0.0,0.0,0.0,0.0,0.0,0.0,0
170,31,3.0,0,0,0,0,12.0,3.0,1.0,16.0,12.0,,,,,,,,,,,,,,,,,,,0
171,23,2.0,0,0,0,0,18.0,3.0,0.0,0.0,0.0,0.0,0.0,0.0,0.0,0.0,0.0,0.0,0.0,0.0,0.0,0.0,0.0,0.0,0.0,0.0,0.0,0.0,0.0,0
172,31,3.0,0,0,0,0,15.0,6.0,1.0,0.5,0.025,1.0,6.0,0.0,0.0,0.0,0.0,0.0,0.0,0.0,0.0,0.0,0.0,0.0,0.0,0.0,0.0,0.0,0.0,0
173,28,3.0,0,0,0,0,17.0,4.0,0.0,0.0,0.0,1.0,1.0,0.0,0.0,0.0,0.0,0.0,0.0,0.0,0.0,0.0,0.0,0.0,0.0,0.0,0.0,0.0,0.0,0
174,26,1.0,0,0,0,0,19.0,3.0,0.0,0.0,0.0,1.0,1.0,0.0,0.0,0.0,0.0,0.0,0.0,0.0,0.0,0.0,0.0,0.0,0.0,0.0,0.0,0.0,0.0,0
175,24,2.0,1,1,0,1,18.0,4.0,0.0,0.0,0.0,0.0,0.0,0.0,0.0,1.0,1.0,0.0,0.0,0.0,0.0,0.0,0.0,0.0,0.0,0.0,1.0,0.0,0.0,1
176,35,3.0,0,0,0,0,17.0,3.0,1.0,9.0,2.7,1.0,17.0,0.0,0.0,0.0,0.0,0.0,0.0,0.0,0.0,0.0,0.0,0.0,0.0,0.0,0.0,0.0,0.0,0
177,24,1.0,0,0,0,0,17.0,3.0,0.0,0.0,0.0,1.0,6.0,0.0,0.0,0.0,0.0,0.0,0.0,0.0,0.0,0.0,0.0,0.0,0.0,0.0,0.0,0.0,0.0,0
178,44,3.0,0,0,0,0,15.0,,1.0,1.266972909,2.8,0.0,0.0,,,0.0,0.0,0.0,0.0,0.0,0.0,0.0,0.0,0.0,0.0,0.0,0.0,0.0,0.0,0
179,17,1.0,0,0,0,0,16.0,1.0,0.0,0.0,0.0,,,,,,,,,,,,,,,,,,,0
180,24,1.0,0,0,0,0,19.0,1.0,0.0,0.0,0.0,0.0,0.0,0.0,0.0,0.0,0.0,0.0,0.0,0.0,0.0,0.0,0.0,0.0,0.0,0.0,0.0,0.0,0.0,0
181,21,2.0,0,0,0,0,16.0,1.0,0.0,0.0,0.0,0.0,0.0,0.0,0.0,0.0,0.0,0.0,0.0,0.0,0.0,0.0,0.0,0.0,0.0,0.0,0.0,0.0,0.0,0
182,35,3.0,0,0,0,0,16.0,3.0,0.0,0.0,0.0,0.0,0.0,0.0,0.0,0.0,0.0,0.0,0.0,0.0,0.0,0.0,0.0,0.0,0.0,0.0,0.0,0.0,0.0,0
183,29,5.0,0,0,0,0,17.0,6.0,1.0,1.266972909,1.3,1.0,0.5,0.0,0.0,1.0,1.0,0.0,0.0,0.0,0.0,1.0,0.0,0.0,0.0,0.0,0.0,0.0,0.0,1
184,23,2.0,0,0,0,0,15.0,2.0,0.0,0.0,0.0,1.0,1.0,1.0,1.0,1.0,2.0,1.0,0.0,1.0,0.0,0.0,0.0,0.0,0.0,0.0,0.0,0.0,0.0,1
185,23,8.0,0,0,0,0,15.0,1.0,1.0,10.0,7.5,1.0,8.0,0.0,0.0,0.0,0.0,0.0,0.0,0.0,0.0,0.0,0.0,0.0,0.0,0.0,0.0,0.0,0.0,0
186,26,8.0,0,0,0,0,15.0,1.0,1.0,9.0,1.35,1.0,5.0,1.0,0.17,0.0,0.0,0.0,0.0,0.0,0.0,0.0,0.0,0.0,0.0,0.0,0.0,0.0,0.0,0
187,23,3.0,0,0,0,0,17.0,1.0,1.0,1.266972909,0.5132021277,0.0,0.0,0.0,0.0,0.0,0.0,0.0,0.0,0.0,0.0,0.0,0.0,0.0,0.0,0.0,0.0,0.0,0.0,0
188,37,3.0,0,0,0,0,17.0,5.0,0.0,0.0,0.0,1.0,1.0,1.0,0.5,0.0,0.0,0.0,0.0,0.0,0.0,0.0,0.0,0.0,0.0,0.0,0.0,0.0,0.0,0
189,32,7.0,0,0,0,0,12.0,2.0,1.0,19.0,5.7,,,,,,,,,,,,,,,,,,,0
190,30,5.0,0,0,1,0,16.0,4.0,0.0,0.0,0.0,0.0,0.0,1.0,7.0,1.0,1.0,0.0,0.0,0.0,0.0,0.0,0.0,0.0,0.0,0.0,1.0,0.0,0.0,1
191,15,1.0,0,0,0,0,14.0,,0.0,0.0,0.0,1.0,0.08,0.0,0.0,0.0,0.0,0.0,0.0,0.0,0.0,0.0,0.0,0.0,0.0,0.0,0.0,0.0,0.0,0
192,36,5.0,0,0,0,0,17.0,3.0,0.0,0.0,0.0,1.0,0.5,0.0,0.0,0.0,0.0,0.0,0.0,0.0,0.0,0.0,0.0,0.0,0.0,0.0,0.0,0.0,0.0,0
193,27,3.0,0,0,0,0,20.0,4.0,0.0,0.0,0.0,0.0,0.0,0.0,0.0,0.0,0.0,0.0,0.0,0.0,0.0,0.0,0.0,0.0,0.0,0.0,0.0,0.0,0.0,0
194,22,2.0,0,0,0,0,15.0,2.0,0.0,0.0,0.0,0.0,0.0,0.0,0.0,0.0,0.0,0.0,0.0,0.0,0.0,0.0,0.0,0.0,0.0,0.0,0.0,0.0,0.0,0
195,30,3.0,0,0,0,0,19.0,2.0,0.0,0.0,0.0,1.0,9.0,0.0,0.0,1.0,2.0,1.0,0.0,0.0,1.0,0.0,0.0,0.0,0.0,0.0,0.0,0.0,0.0,1
196,17,1.0,0,0,0,0,16.0,1.0,0.0,0.0,0.0,0.0,0.0,0.0,0.0,0.0,0.0,0.0,0.0,0.0,0.0,0.0,0.0,0.0,0.0,0.0,0.0,0.0,0.0,0
197,26,2.0,0,0,0,0,18.0,2.0,0.0,0.0,0.0,1.0,2.0,1.0,0.08,0.0,0.0,0.0,0.0,0.0,0.0,0.0,0.0,0.0,0.0,0.0,0.0,0.0,0.0,0
198,19,,0,0,0,0,17.0,2.0,0.0,0.0,0.0,,,,,,,,,,,,,,,,,,,0
199,36,2.0,0,0,0,0,27.0,2.0,0.0,0.0,0.0,0.0,0.0,0.0,0.0,0.0,0.0,0.0,0.0,0.0,0.0,0.0,0.0,0.0,0.0,0.0,0.0,0.0,0.0,0
200,23,1.0,0,0,0,0,19.0,2.0,0.0,0.0,0.0,1.0,0.67,0.0,0.0,0.0,0.0,0.0,0.0,0.0,0.0,0.0,0.0,0.0,0.0,0.0,0.0,0.0,0.0,0
201,23,1.0,0,0,0,0,18.0,2.0,0.0,0.0,0.0,0.0,0.0,0.0,0.0,0.0,0.0,0.0,0.0,0.0,0.0,0.0,0.0,0.0,0.0,0.0,0.0,0.0,0.0,0
202,19,3.0,0,0,0,0,15.0,2.0,0.0,0.0,0.0,,,,,,,,,,,,,,,,,,,0
203,41,3.0,0,0,0,0,20.0,4.0,0.0,0.0,0.0,1.0,8.0,0.0,0.0,0.0,0.0,0.0,0.0,0.0,0.0,0.0,0.0,0.0,0.0,0.0,0.0,0.0,0.0,0
204,20,3.0,0,0,0,0,16.0,4.0,0.0,0.0,0.0,1.0,3.0,0.0,0.0,0.0,0.0,0.0,0.0,0.0,0.0,0.0,0.0,0.0,0.0,0.0,0.0,0.0,0.0,0
205,26,5.0,0,0,0,0,18.0,,0.0,0.0,0.0,1.0,1.0,,,0.0,0.0,0.0,0.0,0.0,0.0,0.0,0.0,0.0,0.0,0.0,0.0,0.0,0.0,0
206,24,1.0,0,0,0,0,14.0,0.0,0.0,0.0,0.0,0.0,0.0,0.0,0.0,0.0,0.0,0.0,0.0,0.0,0.0,0.0,0.0,0.0,0.0,0.0,0.0,0.0,0.0,0
207,23,1.0,0,0,0,0,19.0,3.0,0.0,0.0,0.0,1.0,1.0,0.0,0.0,0.0,0.0,0.0,0.0,0.0,0.0,0.0,0.0,0.0,0.0,0.0,0.0,0.0,0.0,0
208,46,1.0,0,0,0,0,13.0,0.0,0.0,0.0,0.0,0.0,0.0,0.0,0.0,0.0,0.0,0.0,0.0,0.0,0.0,0.0,0.0,0.0,0.0,0.0,0.0,0.0,0.0,0
209,31,,0,0,0,0,17.0,5.0,1.0,1.266972909,0.5132021277,,,,,,,,,,,,,,,,,,,0
210,19,4.0,0,0,0,0,14.0,1.0,0.0,0.0,0.0,,,,,,,,,,,,,,,,,,,0
211,28,2.0,0,0,0,0,15.0,4.0,0.0,0.0,0.0,1.0,5.0,0.0,0.0,0.0,0.0,0.0,0.0,0.0,0.0,0.0,0.0,0.0,0.0,0.0,0.0,0.0,0.0,0
212,22,1.0,0,0,0,0,19.0,1.0,0.0,0.0,0.0,,,,,,,,,,,,,,,,,,,0
213,29,2.0,0,1,1,1,18.0,4.0,0.0,0.0,0.0,0.0,0.0,0.0,0.0,0.0,0.0,0.0,0.0,0.0,0.0,0.0,0.0,0.0,0.0,0.0,0.0,0.0,0.0,0
214,22,3.0,0,0,0,0,18.0,1.0,0.0,0.0,0.0,0.0,0.0,0.0,0.0,0.0,0.0,0.0,0.0,0.0,0.0,0.0,0.0,0.0,0.0,0.0,0.0,0.0,0.0,0
215,26,2.0,0,0,0,0,20.0,2.0,0.0,0.0,0.0,1.0,6.0,0.0,0.0,0.0,0.0,0.0,0.0,0.0,0.0,0.0,0.0,0.0,0.0,0.0,0.0,0.0,0.0,0
216,41,2.0,0,0,0,0,15.0,6.0,0.0,0.0,0.0,1.0,20.0,0.0,0.0,0.0,0.0,0.0,0.0,0.0,0.0,0.0,0.0,0.0,0.0,0.0,0.0,0.0,0.0,0
217,24,5.0,0,0,0,0,15.0,2.0,0.0,0.0,0.0,1.0,5.0,0.0,0.0,0.0,0.0,0.0,0.0,0.0,0.0,0.0,0.0,0.0,0.0,0.0,0.0,0.0,0.0,0
218,18,1.0,0,0,0,0,14.0,2.0,0.0,0.0,0.0,0.0,0.0,0.0,0.0,0.0,0.0,0.0,0.0,0.0,0.0,0.0,0.0,0.0,0.0,0.0,0.0,0.0,0.0,0
219,26,3.0,0,0,0,0,15.0,3.0,1.0,5.0,5.0,,,,,1.0,1.0,0.0,0.0,0.0,0.0,0.0,0.0,0.0,0.0,0.0,1.0,0.0,0.0,1
220,36,3.0,0,0,0,0,18.0,3.0,1.0,1.266972909,2.4,1.0,9.0,0.0,0.0,0.0,0.0,0.0,0.0,0.0,0.0,0.0,0.0,0.0,0.0,0.0,0.0,0.0,0.0,0
221,42,3.0,0,0,0,0,17.0,1.0,0.0,0.0,0.0,0.0,0.0,0.0,0.0,0.0,0.0,0.0,0.0,0.0,0.0,0.0,0.0,0.0,0.0,0.0,0.0,0.0,0.0,0
222,35,1.0,0,0,0,0,18.0,2.0,0.0,0.0,0.0,1.0,2.0,0.0,0.0,0.0,0.0,0.0,0.0,0.0,0.0,0.0,0.0,0.0,0.0,0.0,0.0,0.0,0.0,0
223,24,2.0,0,0,0,0,13.0,5.0,0.0,0.0,0.0,1.0,2.0,1.0,3.0,0.0,0.0,0.0,0.0,0.0,0.0,0.0,0.0,0.0,0.0,0.0,0.0,0.0,0.0,0
224,27,1.0,0,0,0,0,16.0,2.0,0.0,0.0,0.0,1.0,7.0,0.0,0.0,0.0,0.0,0.0,0.0,0.0,0.0,0.0,0.0,0.0,0.0,0.0,0.0,0.0,0.0,0
225,19,2.0,0,0,0,0,16.0,2.0,0.0,0.0,0.0,1.0,3.0,0.0,0.0,1.0,2.0,1.0,0.0,0.0,1.0,0.0,0.0,0.0,0.0,0.0,0.0,0.0,0.0,1
226,28,2.0,0,0,0,0,20.0,2.0,0.0,0.0,0.0,1.0,1.0,0.0,0.0,0.0,0.0,0.0,0.0,0.0,0.0,0.0,0.0,0.0,0.0,0.0,0.0,0.0,0.0,0
227,18,7.0,0,0,0,0,14.0,1.0,0.0,0.0,0.0,,,,,,,,,,,,,,,,,,,0
228,22,2.0,0,0,0,0,16.0,2.0,0.0,0.0,0.0,1.0,9.0,0.0,0.0,0.0,0.0,0.0,0.0,0.0,0.0,0.0,0.0,0.0,0.0,0.0,0.0,0.0,0.0,0
229,34,3.0,0,0,0,0,13.0,3.0,0.0,0.0,0.0,0.0,0.0,1.0,15.0,0.0,0.0,0.0,0.0,0.0,0.0,0.0,0.0,0.0,0.0,0.0,0.0,0.0,0.0,0
230,34,2.0,0,0,0,0,21.0,2.0,0.0,0.0,0.0,1.0,0.33,0.0,0.0,0.0,0.0,0.0,0.0,0.0,0.0,0.0,0.0,0.0,0.0,0.0,0.0,0.0,0.0,0
231,40,2.0,0,0,0,0,21.0,4.0,0.0,0.0,0.0,1.0,0.25,0.0,0.0,1.0,2.0,1.0,0.0,0.0,1.0,0.0,0.0,0.0,0.0,0.0,0.0,0.0,0.0,1
232,32,2.0,0,0,0,0,15.0,2.0,0.0,0.0,0.0,1.0,10.0,0.0,0.0,0.0,0.0,0.0,0.0,0.0,0.0,0.0,0.0,0.0,0.0,0.0,0.0,0.0,0.0,0
233,37,3.0,0,1,0,1,19.0,3.0,1.0,12.0,6.0,1.0,13.0,0.0,0.0,0.0,0.0,0.0,0.0,0.0,0.0,0.0,0.0,0.0,0.0,0.0,0.0,0.0,0.0,0
234,25,2.0,0,0,0,0,16.0,1.0,0.0,0.0,0.0,1.0,9.0,0.0,0.0,0.0,0.0,0.0,0.0,0.0,0.0,0.0,0.0,0.0,0.0,0.0,0.0,0.0,0.0,0
235,38,2.0,0,0,0,0,22.0,2.0,0.0,0.0,0.0,,,,,,,,,,,,,,,,,,,0
236,29,2.0,0,0,0,0,17.0,2.0,0.0,0.0,0.0,1.0,9.0,0.0,0.0,0.0,0.0,0.0,0.0,0.0,0.0,0.0,0.0,0.0,0.0,0.0,0.0,0.0,0.0,0
237,18,1.0,0,0,0,0,18.0,1.0,0.0,0.0,0.0,1.0,0.08,0.0,0.0,0.0,0.0,0.0,0.0,0.0,0.0,0.0,0.0,0.0,0.0,0.0,0.0,0.0,0.0,0
238,20,2.0,0,0,0,0,18.0,1.0,0.0,0.0,0.0,1.0,0.08,0.0,0.0,0.0,0.0,0.0,0.0,0.0,0.0,0.0,0.0,0.0,0.0,0.0,0.0,0.0,0.0,0
239,23,3.0,0,0,0,0,17.0,2.0,0.0,0.0,0.0,0.0,0.0,0.0,0.0,0.0,0.0,0.0,0.0,0.0,0.0,0.0,0.0,0.0,0.0,0.0,0.0,0.0,0.0,0
240,39,5.0,0,0,0,0,18.0,4.0,0.0,0.0,0.0,1.0,3.0,0.0,0.0,0.0,0.0,0.0,0.0,0.0,0.0,0.0,0.0,0.0,0.0,0.0,0.0,0.0,0.0,0
241,36,2.0,0,0,0,0,18.0,3.0,,,,1.0,5.0,0.0,0.0,0.0,0.0,0.0,0.0,0.0,0.0,0.0,0.0,0.0,0.0,0.0,0.0,0.0,0.0,0
242,17,3.0,0,0,0,0,13.0,1.0,1.0,2.0,1.0,0.0,0.0,0.0,0.0,0.0,0.0,0.0,0.0,0.0,0.0,0.0,0.0,0.0,0.0,0.0,0.0,0.0,0.0,0
243,29,3.0,0,0,0,0,15.0,2.0,1.0,10.0,0.5132021277,1.0,0.25,0.0,0.0,0.0,0.0,0.0,0.0,0.0,0.0,0.0,0.0,0.0,0.0,0.0,0.0,0.0,0.0,0
244,16,1.0,0,0,0,0,15.0,1.0,1.0,1.0,0.25,0.0,0.0,0.0,0.0,0.0,0.0,0.0,0.0,0.0,0.0,0.0,0.0,0.0,0.0,0.0,0.0,0.0,0.0,0
245,21,5.0,0,0,0,0,17.0,1.0,0.0,0.0,0.0,0.0,0.0,0.0,0.0,0.0,0.0,0.0,0.0,0.0,0.0,0.0,0.0,0.0,0.0,0.0,0.0,0.0,0.0,0
246,40,3.0,0,0,0,0,15.0,3.0,0.0,0.0,0.0,1.0,3.0,0.0,0.0,0.0,0.0,0.0,0.0,0.0,0.0,0.0,0.0,0.0,0.0,0.0,0.0,0.0,0.0,0
247,19,3.0,0,0,0,0,15.0,1.0,0.0,0.0,0.0,1.0,0.25,0.0,0.0,0.0,0.0,0.0,0.0,0.0,0.0,0.0,0.0,0.0,0.0,0.0,0.0,0.0,0.0,0
248,43,3.0,0,0,0,0,17.0,3.0,0.0,0.0,0.0,1.0,5.0,0.0,0.0,0.0,0.0,0.0,0.0,0.0,0.0,0.0,0.0,0.0,0.0,0.0,0.0,0.0,0.0,0
249,32,3.0,0,0,0,0,18.0,3.0,0.0,0.0,0.0,1.0,0.08,0.0,0.0,0.0,0.0,0.0,0.0,0.0,0.0,0.0,0.0,0.0,0.0,0.0,0.0,0.0,0.0,0
250,17,4.0,0,0,0,0,15.0,1.0,0.0,0.0,0.0,1.0,0.25,0.0,0.0,0.0,0.0,0.0,0.0,0.0,0.0,0.0,0.0,0.0,0.0,0.0,0.0,0.0,0.0,0
251,17,1.0,0,0,0,0,17.0,1.0,0.0,0.0,0.0,0.0,0.0,0.0,0.0,0.0,0.0,0.0,0.0,0.0,0.0,0.0,0.0,0.0,0.0,0.0,0.0,0.0,0.0,0
252,29,,0,0,0,0,17.0,2.0,0.0,0.0,0.0,1.0,5.0,0.0,0.0,0.0,0.0,0.0,0.0,0.0,0.0,0.0,0.0,0.0,0.0,0.0,0.0,0.0,0.0,0
253,49,2.0,0,0,0,0,15.0,6.0,0.0,0.0,0.0,1.0,2.0,0.0,0.0,1.0,1.0,0.0,0.0,0.0,0.0,1.0,0.0,0.0,0.0,0.0,0.0,0.0,0.0,1
254,17,1.0,0,0,0,0,15.0,2.0,0.0,0.0,0.0,1.0,0.16,0.0,0.0,1.0,2.0,1.0,0.0,0.0,1.0,0.0,0.0,0.0,0.0,0.0,0.0,0.0,0.0,1
255,28,1.0,0,0,0,0,19.0,2.0,0.0,0.0,0.0,,,,,,,,,,,,,,,,,,,0
256,19,4.0,0,0,0,0,14.0,1.0,0.0,0.0,0.0,,,,,,,,,,,,,,,,,,,0
257,18,1.0,0,0,0,0,16.0,2.0,0.0,0.0,0.0,0.0,0.0,0.0,0.0,1.0,2.0,1.0,0.0,0.0,1.0,0.0,0.0,0.0,0.0,0.0,0.0,0.0,0.0,1
258,22,3.0,0,0,0,0,13.0,1.0,0.0,0.0,0.0,1.0,0.25,0.0,0.0,0.0,0.0,0.0,0.0,0.0,0.0,0.0,0.0,0.0,0.0,0.0,0.0,0.0,0.0,0
259,18,3.0,0,1,1,0,13.0,1.0,0.0,0.0,0.0,0.0,0.0,0.0,0.0,0.0,0.0,0.0,0.0,0.0,0.0,0.0,0.0,0.0,0.0,0.0,0.0,0.0,0.0,0
260,19,,0,0,0,0,17.0,1.0,0.0,0.0,0.0,1.0,0.25,0.0,0.0,0.0,0.0,0.0,0.0,0.0,0.0,0.0,0.0,0.0,0.0,0.0,0.0,0.0,0.0,0
261,35,3.0,0,1,0,0,17.0,6.0,1.0,13.0,2.6,1.0,7.0,0.0,0.0,1.0,1.0,0.0,0.0,0.0,0.0,1.0,0.0,0.0,0.0,0.0,0.0,0.0,0.0,1
262,19,1.0,0,0,0,0,17.0,1.0,0.0,0.0,0.0,1.0,2.0,0.0,0.0,0.0,0.0,0.0,0.0,0.0,0.0,0.0,0.0,0.0,0.0,0.0,0.0,0.0,0.0,0
263,23,1.0,1,1,0,0,17.0,2.0,0.0,0.0,0.0,1.0,0.5,0.0,0.0,0.0,0.0,0.0,0.0,0.0,0.0,0.0,0.0,0.0,0.0,0.0,0.0,0.0,0.0,0
264,18,2.0,0,0,0,0,16.0,1.0,0.0,0.0,0.0,0.0,0.0,0.0,0.0,0.0,0.0,0.0,0.0,0.0,0.0,0.0,0.0,0.0,0.0,0.0,0.0,0.0,0.0,0
265,31,7.0,0,0,0,0,16.0,5.0,0.0,0.0,0.0,1.0,1.0,0.0,0.0,0.0,0.0,0.0,0.0,0.0,0.0,0.0,0.0,0.0,0.0,0.0,0.0,0.0,0.0,0
266,27,4.0,0,0,0,0,16.0,,0.0,0.0,0.0,0.0,0.0,0.0,0.0,0.0,0.0,0.0,0.0,0.0,0.0,0.0,0.0,0.0,0.0,0.0,0.0,0.0,0.0,0
267,25,6.0,0,1,1,1,17.0,2.0,0.0,0.0,0.0,1.0,2.0,0.0,0.0,1.0,3.0,1.0,0.0,0.0,1.0,0.0,0.0,0.0,0.0,0.0,1.0,0.0,0.0,1
268,49,3.0,0,0,0,0,15.0,2.0,0.0,0.0,0.0,0.0,0.0,0.0,0.0,0.0,0.0,0.0,0.0,0.0,0.0,0.0,0.0,0.0,0.0,0.0,0.0,0.0,0.0,0
269,31,3.0,0,0,0,0,15.0,5.0,0.0,0.0,0.0,,,,,,,,,,,,,,,,,,,0
270,36,1.0,0,0,0,0,22.0,4.0,1.0,16.0,4.8,0.0,0.0,0.0,0.0,1.0,3.0,1.0,0.0,1.0,1.0,0.0,0.0,0.0,0.0,0.0,0.0,0.0,0.0,1
271,17,2.0,1,1,0,1,15.0,1.0,0.0,0.0,0.0,0.0,0.0,0.0,0.0,0.0,0.0,0.0,0.0,0.0,0.0,0.0,0.0,0.0,0.0,0.0,0.0,0.0,0.0,0
272,35,6.0,0,0,0,0,12.0,6.0,0.0,0.0,0.0,1.0,20.0,0.0,0.0,0.0,0.0,0.0,0.0,0.0,0.0,0.0,0.0,0.0,0.0,0.0,0.0,0.0,0.0,0
273,26,2.0,0,0,0,0,19.0,1.0,0.0,0.0,0.0,0.0,0.0,0.0,0.0,0.0,0.0,0.0,0.0,0.0,0.0,0.0,0.0,0.0,0.0,0.0,0.0,0.0,0.0,0
274,15,2.0,0,0,0,0,15.0,1.0,0.0,0.0,0.0,0.0,0.0,0.0,0.0,0.0,0.0,0.0,0.0,0.0,0.0,0.0,0.0,0.0,0.0,0.0,0.0,0.0,0.0,0
275,26,2.0,0,0,0,0,21.0,2.0,0.0,0.0,0.0,1.0,2.0,0.0,0.0,0.0,0.0,0.0,0.0,0.0,0.0,0.0,0.0,0.0,0.0,0.0,0.0,0.0,0.0,0
276,27,6.0,0,0,0,0,17.0,2.0,0.0,0.0,0.0,0.0,0.0,0.0,0.0,0.0,0.0,0.0,0.0,0.0,0.0,0.0,0.0,0.0,0.0,0.0,0.0,0.0,0.0,0
277,25,1.0,0,0,0,0,18.0,1.0,0.0,0.0,0.0,0.0,0.0,0.0,0.0,0.0,0.0,0.0,0.0,0.0,0.0,0.0,0.0,0.0,0.0,0.0,0.0,0.0,0.0,0
278,23,1.0,1,1,0,0,17.0,2.0,0.0,0.0,0.0,1.0,6.0,0.0,0.0,0.0,0.0,0.0,0.0,0.0,0.0,0.0,0.0,0.0,0.0,0.0,0.0,0.0,0.0,0
279,35,3.0,0,0,0,0,20.0,2.0,0.0,0.0,0.0,0.0,0.0,1.0,10.0,1.0,2.0,1.0,0.0,0.0,1.0,0.0,0.0,0.0,0.0,0.0,0.0,0.0,0.0,1
280,30,2.0,0,0,0,0,14.0,3.0,0.0,0.0,0.0,1.0,0.5,1.0,12.0,0.0,0.0,0.0,0.0,0.0,0.0,0.0,0.0,0.0,0.0,0.0,0.0,0.0,0.0,0
281,15,1.0,0,0,0,0,14.0,1.0,0.0,0.0,0.0,0.0,0.0,0.0,0.0,0.0,0.0,0.0,0.0,0.0,0.0,0.0,0.0,0.0,0.0,0.0,0.0,0.0,0.0,0
282,16,1.0,0,0,0,0,16.0,1.0,,,,0.0,0.0,0.0,0.0,0.0,0.0,0.0,0.0,0.0,0.0,0.0,0.0,0.0,0.0,0.0,0.0,0.0,0.0,0
283,37,3.0,0,0,0,0,20.0,5.0,0.0,0.0,0.0,0.0,0.0,0.0,0.0,0.0,0.0,0.0,0.0,0.0,0.0,0.0,0.0,0.0,0.0,0.0,0.0,0.0,0.0,0
284,30,2.0,0,0,0,0,18.0,1.0,0.0,0.0,0.0,0.0,0.0,0.0,0.0,0.0,0.0,0.0,0.0,0.0,0.0,0.0,0.0,0.0,0.0,0.0,0.0,0.0,0.0,0
285,34,3.0,0,0,0,0,15.0,7.0,0.0,0.0,0.0,1.0,0.08,0.0,0.0,0.0,0.0,0.0,0.0,0.0,0.0,0.0,0.0,0.0,0.0,0.0,0.0,0.0,0.0,0
286,19,2.0,0,0,0,0,16.0,1.0,0.0,0.0,0.0,,,,,,,,,,,,,,,,,,,0
287,23,1.0,0,0,0,0,15.0,3.0,0.0,0.0,0.0,1.0,1.0,0.0,0.0,0.0,0.0,0.0,0.0,0.0,0.0,0.0,0.0,0.0,0.0,0.0,0.0,0.0,0.0,0
288,36,1.0,0,0,0,0,28.0,1.0,1.0,16.0,2.4,0.0,0.0,0.0,0.0,1.0,3.0,1.0,0.0,1.0,1.0,0.0,0.0,0.0,0.0,0.0,0.0,0.0,0.0,1
289,28,3.0,0,0,0,0,15.0,2.0,1.0,8.0,0.8,1.0,8.0,0.0,0.0,0.0,0.0,0.0,0.0,0.0,0.0,0.0,0.0,0.0,0.0,0.0,0.0,0.0,0.0,0
290,31,3.0,0,0,0,0,19.0,1.0,0.0,0.0,0.0,0.0,0.0,1.0,7.0,0.0,0.0,0.0,0.0,0.0,0.0,0.0,0.0,0.0,0.0,0.0,0.0,0.0,0.0,0
291,21,4.0,0,1,1,1,15.0,1.0,0.0,0.0,0.0,0.0,0.0,0.0,0.0,0.0,0.0,0.0,0.0,0.0,0.0,0.0,0.0,0.0,0.0,0.0,0.0,0.0,0.0,0
292,23,2.0,0,0,0,0,19.0,2.0,0.0,0.0,0.0,1.0,0.5,0.0,0.0,0.0,0.0,0.0,0.0,0.0,0.0,0.0,0.0,0.0,0.0,0.0,0.0,0.0,0.0,0
293,26,1.0,0,0,0,0,26.0,3.0,0.0,0.0,0.0,1.0,2.0,1.0,7.0,0.0,0.0,0.0,0.0,0.0,0.0,0.0,0.0,0.0,0.0,0.0,0.0,0.0,0.0,0
294,34,1.0,0,0,0,0,15.0,4.0,0.0,0.0,0.0,1.0,9.0,0.0,0.0,0.0,0.0,0.0,0.0,0.0,0.0,0.0,0.0,0.0,0.0,0.0,0.0,0.0,0.0,0
295,21,1.0,0,0,0,0,15.0,2.0,0.0,0.0,0.0,1.0,0.25,0.0,0.0,0.0,0.0,0.0,0.0,0.0,0.0,0.0,0.0,0.0,0.0,0.0,0.0,0.0,0.0,0
296,15,2.0,0,0,0,0,13.0,1.0,0.0,0.0,0.0,1.0,1.0,0.0,0.0,1.0,1.0,0.0,0.0,0.0,0.0,1.0,0.0,0.0,0.0,0.0,0.0,0.0,0.0,1
297,29,4.0,0,0,0,0,16.0,1.0,1.0,9.0,9.0,0.0,0.0,0.0,0.0,0.0,0.0,0.0,0.0,0.0,0.0,0.0,0.0,0.0,0.0,0.0,0.0,0.0,0.0,0
298,15,1.0,0,0,0,0,13.0,1.0,1.0,1.0,0.05,,,,,,,,,,,,,,,,,,,0
299,23,2.0,0,0,0,0,14.0,7.0,1.0,1.266972909,0.5132021277,,,,,,,,,,,,,,,,,,,0
300,24,3.0,0,0,0,0,17.0,3.0,0.0,0.0,0.0,1.0,1.0,0.0,0.0,,,,,,,,,,,,,,,0
301,21,1.0,0,0,0,0,18.0,1.0,0.0,0.0,0.0,1.0,0.25,0.0,0.0,0.0,0.0,0.0,0.0,0.0,0.0,0.0,0.0,0.0,0.0,0.0,0.0,0.0,0.0,0
302,24,3.0,0,0,0,0,17.0,1.0,0.0,0.0,0.0,0.0,0.0,0.0,0.0,0.0,0.0,0.0,0.0,0.0,0.0,0.0,0.0,0.0,0.0,0.0,0.0,0.0,0.0,0
303,38,2.0,0,0,1,0,19.0,5.0,0.0,0.0,0.0,1.0,30.0,,,,,,,,,,,,,,,,,0
304,20,2.0,0,0,0,0,16.0,1.0,0.0,0.0,0.0,1.0,1.0,0.0,0.0,0.0,0.0,0.0,0.0,0.0,0.0,0.0,0.0,0.0,0.0,0.0,0.0,0.0,0.0,0
305,25,6.0,0,0,0,0,18.0,1.0,0.0,0.0,0.0,,,,,,,,,,,,,,,,,,,0
306,19,1.0,0,0,0,0,17.0,1.0,1.0,7.0,12.0,1.0,1.0,0.0,0.0,0.0,0.0,0.0,0.0,0.0,0.0,0.0,0.0,0.0,0.0,0.0,0.0,0.0,0.0,0
307,19,1.0,0,0,0,0,14.0,0.0,0.0,0.0,0.0,0.0,0.0,0.0,0.0,0.0,0.0,0.0,0.0,0.0,0.0,0.0,0.0,0.0,0.0,0.0,0.0,0.0,0.0,0
308,21,2.0,0,0,0,0,15.0,2.0,0.0,0.0,0.0,1.0,3.0,0.0,0.0,0.0,0.0,0.0,0.0,0.0,0.0,0.0,0.0,0.0,0.0,0.0,0.0,0.0,0.0,0
309,46,1.0,0,0,0,0,15.0,6.0,0.0,0.0,0.0,0.0,0.0,0.0,0.0,0.0,0.0,0.0,0.0,0.0,0.0,0.0,0.0,0.0,0.0,0.0,0.0,0.0,0.0,0
310,29,8.0,0,0,0,0,17.0,2.0,1.0,14.0,2.8,0.0,0.0,0.0,0.0,0.0,0.0,0.0,0.0,0.0,0.0,0.0,0.0,0.0,0.0,0.0,0.0,0.0,0.0,0
311,24,2.0,0,0,0,0,16.0,2.0,0.0,0.0,0.0,1.0,0.16,0.0,0.0,0.0,0.0,0.0,0.0,0.0,0.0,0.0,0.0,0.0,0.0,0.0,0.0,0.0,0.0,0
312,29,,0,0,0,0,14.0,,0.0,0.0,0.0,0.0,0.0,0.0,0.0,0.0,0.0,0.0,0.0,0.0,0.0,0.0,0.0,0.0,0.0,0.0,0.0,0.0,0.0,0
313,22,2.0,0,0,0,0,18.0,2.0,0.0,0.0,0.0,1.0,3.0,0.0,0.0,,,,,,,,,,,,,,,0
314,22,2.0,0,0,0,0,18.0,1.0,0.0,0.0,0.0,0.0,0.0,0.0,0.0,0.0,0.0,0.0,0.0,0.0,0.0,0.0,0.0,0.0,0.0,0.0,0.0,0.0,0.0,0
315,29,4.0,0,0,0,0,16.0,5.0,0.0,0.0,0.0,1.0,6.0,0.0,0.0,0.0,0.0,0.0,0.0,0.0,0.0,0.0,0.0,0.0,0.0,0.0,0.0,0.0,0.0,0
316,16,1.0,0,0,0,0,13.0,2.0,,,,,,0.0,0.0,0.0,0.0,0.0,0.0,0.0,0.0,0.0,0.0,0.0,0.0,0.0,0.0,0.0,0.0,0
317,41,1.0,0,0,0,0,17.0,3.0,0.0,0.0,0.0,,,,,,,,,,,,,,,,,,,0
318,30,2.0,0,0,0,0,18.0,1.0,1.0,11.0,1.65,0.0,0.0,0.0,0.0,0.0,0.0,0.0,0.0,0.0,0.0,0.0,0.0,0.0,0.0,0.0,0.0,0.0,0.0,0
319,24,5.0,0,0,0,0,15.0,3.0,0.0,0.0,0.0,1.0,1.0,0.0,0.0,0.0,0.0,0.0,0.0,0.0,0.0,0.0,0.0,0.0,0.0,0.0,0.0,0.0,0.0,0
320,33,4.0,0,0,0,0,18.0,2.0,1.0,14.0,3.5,1.0,0.08,0.0,0.0,0.0,0.0,0.0,0.0,0.0,0.0,0.0,0.0,0.0,0.0,0.0,0.0,0.0,0.0,0
321,26,3.0,0,0,0,0,17.0,3.0,0.0,0.0,0.0,1.0,0.42,0.0,0.0,0.0,0.0,0.0,0.0,0.0,0.0,0.0,0.0,0.0,0.0,0.0,0.0,0.0,0.0,0
322,16,2.0,0,0,0,0,16.0,1.0,0.0,0.0,0.0,1.0,0.08,0.0,0.0,0.0,0.0,0.0,0.0,0.0,0.0,0.0,0.0,0.0,0.0,0.0,0.0,0.0,0.0,0
323,29,3.0,1,1,0,0,14.0,2.0,0.0,0.0,0.0,1.0,2.0,1.0,0.91,0.0,0.0,0.0,0.0,0.0,0.0,0.0,0.0,0.0,0.0,0.0,0.0,0.0,0.0,0
324,16,3.0,0,0,1,0,14.0,1.0,0.0,0.0,0.0,,,,,,,,,,,,,,,,,,,0
325,23,2.0,0,0,0,0,17.0,3.0,0.0,0.0,0.0,,,,,,,,,,,,,,,,,,,0
326,20,,0,0,0,0,16.0,1.0,0.0,0.0,0.0,0.0,0.0,0.0,0.0,0.0,0.0,0.0,0.0,0.0,0.0,0.0,0.0,0.0,0.0,0.0,0.0,0.0,0.0,0
327,18,3.0,0,0,1,0,14.0,2.0,0.0,0.0,0.0,0.0,0.0,0.0,0.0,0.0,0.0,0.0,0.0,0.0,0.0,0.0,0.0,0.0,0.0,0.0,0.0,0.0,0.0,0
328,44,3.0,0,0,0,0,19.0,1.0,0.0,0.0,0.0,0.0,0.0,0.0,0.0,0.0,0.0,0.0,0.0,0.0,0.0,0.0,0.0,0.0,0.0,0.0,0.0,0.0,0.0,0
329,32,1.0,0,0,0,0,19.0,1.0,0.0,0.0,0.0,1.0,0.25,0.0,0.0,0.0,0.0,0.0,0.0,0.0,0.0,0.0,0.0,0.0,0.0,0.0,0.0,0.0,0.0,0
330,18,5.0,0,0,0,0,14.0,1.0,1.0,3.0,1.2,1.0,2.0,0.0,0.0,0.0,0.0,0.0,0.0,0.0,0.0,0.0,0.0,0.0,0.0,0.0,0.0,0.0,0.0,0
331,18,1.0,0,0,0,0,17.0,,0.0,0.0,0.0,1.0,0.25,0.0,0.0,0.0,0.0,0.0,0.0,0.0,0.0,0.0,0.0,0.0,0.0,0.0,0.0,0.0,0.0,0
332,37,6.0,0,0,0,0,26.0,1.0,0.0,0.0,0.0,1.0,0.25,0.0,0.0,0.0,0.0,0.0,0.0,0.0,0.0,0.0,0.0,0.0,0.0,0.0,0.0,0.0,0.0,0
333,28,4.0,0,0,0,0,16.0,2.0,1.0,11.0,2.75,1.0,6.0,0.0,0.0,0.0,0.0,0.0,0.0,0.0,0.0,0.0,0.0,0.0,0.0,0.0,0.0,0.0,0.0,0
334,17,3.0,0,0,0,0,15.0,1.0,0.0,0.0,0.0,0.0,0.0,0.0,0.0,0.0,0.0,0.0,0.0,0.0,0.0,0.0,0.0,0.0,0.0,0.0,0.0,0.0,0.0,0
335,18,1.0,0,0,0,0,15.0,1.0,0.0,0.0,0.0,1.0,0.33,0.0,0.0,0.0,0.0,0.0,0.0,0.0,0.0,0.0,0.0,0.0,0.0,0.0,0.0,0.0,0.0,0
336,84,3.0,0,1,0,0,20.0,11.0,1.0,24.0,0.5132021277,0.0,0.0,0.0,0.0,0.0,0.0,0.0,0.0,0.0,0.0,0.0,0.0,0.0,0.0,0.0,0.0,0.0,0.0,0
337,32,2.0,0,0,0,0,17.0,5.0,0.0,0.0,0.0,1.0,0.33,0.0,0.0,0.0,0.0,0.0,0.0,0.0,0.0,0.0,0.0,0.0,0.0,0.0,0.0,0.0,0.0,0
338,22,2.0,0,0,0,0,15.0,2.0,0.0,0.0,0.0,,,,,0.0,0.0,0.0,0.0,0.0,0.0,0.0,0.0,0.0,0.0,0.0,0.0,0.0,0.0,0
339,33,4.0,0,0,0,0,17.0,0.0,0.0,0.0,0.0,1.0,0.75,0.0,0.0,1.0,1.0,0.0,0.0,0.0,0.0,0.0,1.0,0.0,0.0,0.0,0.0,0.0,0.0,1
340,30,1.0,0,0,1,0,21.0,2.0,0.0,0.0,0.0,0.0,0.0,1.0,8.0,0.0,0.0,0.0,0.0,0.0,0.0,0.0,0.0,0.0,0.0,0.0,0.0,0.0,0.0,0
341,19,3.0,0,0,0,0,14.0,2.0,0.0,0.0,0.0,0.0,0.0,0.0,0.0,0.0,0.0,0.0,0.0,0.0,0.0,0.0,0.0,0.0,0.0,0.0,0.0,0.0,0.0,0
342,18,2.0,0,0,0,0,16.0,1.0,0.0,0.0,0.0,1.0,1.0,0.0,0.0,0.0,0.0,0.0,0.0,0.0,0.0,0.0,0.0,0.0,0.0,0.0,0.0,0.0,0.0,0
343,23,,0,0,0,0,19.0,2.0,0.0,0.0,0.0,,,,,,,,,,,,,,,,,,,0
344,15,1.0,0,0,0,0,14.0,1.0,0.0,0.0,0.0,0.0,0.0,0.0,0.0,0.0,0.0,0.0,0.0,0.0,0.0,0.0,0.0,0.0,0.0,0.0,0.0,0.0,0.0,0
345,28,2.0,0,0,0,0,18.0,2.0,0.0,0.0,0.0,1.0,3.0,0.0,0.0,0.0,0.0,0.0,0.0,0.0,0.0,0.0,0.0,0.0,0.0,0.0,0.0,0.0,0.0,0
346,15,1.0,0,0,0,0,15.0,1.0,0.0,0.0,0.0,,,,,,,,,,,,,,,,,,,0
347,28,1.0,0,0,0,0,26.0,2.0,0.0,0.0,0.0,1.0,2.0,0.0,0.0,0.0,0.0,0.0,0.0,0.0,0.0,0.0,0.0,0.0,0.0,0.0,0.0,0.0,0.0,0
348,21,,0,0,0,0,16.0,,0.0,0.0,0.0,0.0,0.0,0.0,0.0,0.0,0.0,0.0,0.0,0.0,0.0,0.0,0.0,0.0,0.0,0.0,0.0,0.0,0.0,0
349,37,3.0,0,0,0,0,17.0,5.0,1.0,1.266972909,0.5132021277,1.0,10.0,0.0,0.0,1.0,1.0,0.0,0.0,0.0,0.0,1.0,0.0,0.0,0.0,0.0,0.0,0.0,0.0,0
350,25,3.0,1,1,1,1,17.0,2.0,0.0,0.0,0.0,1.0,0.08,0.0,0.0,0.0,0.0,0.0,0.0,0.0,0.0,0.0,0.0,0.0,0.0,0.0,0.0,0.0,0.0,0
351,20,2.0,0,0,1,0,18.0,1.0,0.0,0.0,0.0,0.0,0.0,0.0,0.0,1.0,2.0,1.0,0.0,0.0,1.0,0.0,0.0,0.0,0.0,0.0,0.0,0.0,0.0,1
352,31,4.0,0,0,0,0,16.0,2.0,0.0,0.0,0.0,,,,,,,,,,,,,,,,,,,0
353,27,5.0,0,0,0,0,21.0,1.0,0.0,0.0,0.0,1.0,1.0,0.0,0.0,0.0,0.0,0.0,0.0,0.0,0.0,0.0,0.0,0.0,0.0,0.0,0.0,0.0,0.0,0
354,30,4.0,0,0,0,0,15.0,3.0,0.0,0.0,0.0,1.0,0.5,1.0,9.0,0.0,0.0,0.0,0.0,0.0,0.0,0.0,0.0,0.0,0.0,0.0,0.0,0.0,0.0,0
355,17,1.0,1,1,1,0,17.0,1.0,0.0,0.0,0.0,0.0,0.0,0.0,0.0,0.0,0.0,0.0,0.0,0.0,0.0,0.0,0.0,0.0,0.0,0.0,0.0,0.0,0.0,0
356,27,2.0,0,0,0,0,14.0,3.0,0.0,0.0,0.0,1.0,1.0,0.0,0.0,0.0,0.0,0.0,0.0,0.0,0.0,0.0,0.0,0.0,0.0,0.0,0.0,0.0,0.0,0
357,29,1.0,0,0,0,0,19.0,2.0,0.0,0.0,0.0,1.0,5.0,0.0,0.0,0.0,0.0,0.0,0.0,0.0,0.0,0.0,0.0,0.0,0.0,0.0,0.0,0.0,0.0,0
358,30,2.0,0,0,0,0,18.0,0.0,0.0,0.0,0.0,1.0,1.0,0.0,0.0,0.0,0.0,0.0,0.0,0.0,0.0,0.0,0.0,0.0,0.0,0.0,0.0,0.0,0.0,0
359,33,3.0,0,0,0,0,16.0,2.0,0.0,0.0,0.0,0.0,0.0,0.0,0.0,0.0,0.0,0.0,0.0,0.0,0.0,0.0,0.0,0.0,0.0,0.0,0.0,0.0,0.0,0
360,33,4.0,0,0,0,0,16.0,3.0,0.0,0.0,0.0,1.0,8.0,1.0,3.0,0.0,0.0,0.0,0.0,0.0,0.0,0.0,0.0,0.0,0.0,0.0,0.0,0.0,0.0,0
361,25,2.0,0,0,0,0,18.0,3.0,0.0,0.0,0.0,1.0,10.0,0.0,0.0,0.0,0.0,0.0,0.0,0.0,0.0,0.0,0.0,0.0,0.0,0.0,0.0,0.0,0.0,0
362,23,3.0,0,0,0,0,16.0,1.0,0.0,0.0,0.0,0.0,0.0,0.0,0.0,0.0,0.0,0.0,0.0,0.0,0.0,0.0,0.0,0.0,0.0,0.0,0.0,0.0,0.0,0
363,23,2.0,0,0,0,0,18.0,1.0,0.0,0.0,0.0,1.0,6.0,0.0,0.0,0.0,0.0,0.0,0.0,0.0,0.0,0.0,0.0,0.0,0.0,0.0,0.0,0.0,0.0,0
364,20,3.0,0,0,1,1,17.0,2.0,0.0,0.0,0.0,1.0,0.25,0.0,0.0,0.0,0.0,0.0,0.0,0.0,0.0,0.0,0.0,0.0,0.0,0.0,0.0,0.0,0.0,0
365,79,2.0,0,0,0,0,16.0,5.0,0.0,0.0,0.0,0.0,0.0,0.0,0.0,0.0,0.0,0.0,0.0,0.0,0.0,0.0,0.0,0.0,0.0,0.0,0.0,0.0,0.0,0
366,43,2.0,0,0,0,0,18.0,4.0,0.0,0.0,0.0,1.0,15.0,0.0,0.0,0.0,0.0,0.0,0.0,0.0,0.0,0.0,0.0,0.0,0.0,0.0,0.0,0.0,0.0,0
367,19,2.0,0,0,0,0,14.0,2.0,0.0,0.0,0.0,1.0,0.5,0.0,0.0,0.0,0.0,0.0,0.0,0.0,0.0,0.0,0.0,0.0,0.0,0.0,0.0,0.0,0.0,0
368,25,,0,0,0,0,18.0,2.0,0.0,0.0,0.0,,,,,,,,,,,,,,,,,,,0
369,19,1.0,0,0,0,0,19.0,1.0,0.0,0.0,0.0,0.0,0.0,0.0,0.0,0.0,0.0,0.0,0.0,0.0,0.0,0.0,0.0,0.0,0.0,0.0,0.0,0.0,0.0,0
370,20,1.0,0,0,0,0,18.0,1.0,0.0,0.0,0.0,0.0,0.0,0.0,0.0,1.0,2.0,1.0,0.0,0.0,1.0,0.0,0.0,0.0,0.0,0.0,0.0,0.0,0.0,1
371,18,1.0,0,0,0,0,16.0,1.0,0.0,0.0,0.0,1.0,1.0,0.0,0.0,0.0,0.0,0.0,0.0,0.0,0.0,0.0,0.0,0.0,0.0,0.0,0.0,0.0,0.0,0
372,36,2.0,0,0,0,0,20.0,2.0,0.0,0.0,0.0,1.0,5.0,0.0,0.0,0.0,0.0,0.0,0.0,0.0,0.0,0.0,0.0,0.0,0.0,0.0,0.0,0.0,0.0,0
373,28,5.0,0,1,1,1,15.0,4.0,0.0,0.0,0.0,0.0,0.0,0.0,0.0,0.0,0.0,0.0,0.0,0.0,0.0,0.0,0.0,0.0,0.0,0.0,0.0,0.0,0.0,0
374,21,1.0,0,0,0,0,14.0,2.0,0.0,0.0,0.0,1.0,4.0,0.0,0.0,0.0,0.0,0.0,0.0,0.0,0.0,0.0,0.0,0.0,0.0,0.0,0.0,0.0,0.0,0
375,21,2.0,0,0,0,0,18.0,,0.0,0.0,0.0,0.0,0.0,0.0,0.0,0.0,0.0,0.0,0.0,0.0,0.0,0.0,0.0,0.0,0.0,0.0,0.0,0.0,0.0,0
376,21,4.0,0,0,0,0,15.0,2.0,0.0,0.0,0.0,0.0,0.0,0.0,0.0,0.0,0.0,0.0,0.0,0.0,0.0,0.0,0.0,0.0,0.0,0.0,0.0,0.0,0.0,0
377,44,2.0,0,0,0,0,25.0,1.0,0.0,0.0,0.0,0.0,0.0,0.0,0.0,0.0,0.0,0.0,0.0,0.0,0.0,0.0,0.0,0.0,0.0,0.0,0.0,0.0,0.0,0
378,24,4.0,0,0,0,0,16.0,1.0,0.0,0.0,0.0,,,,,,,,,,,,,,,,,,,0
379,26,4.0,0,0,0,0,13.0,,0.0,0.0,0.0,1.0,0.25,0.0,0.0,0.0,0.0,0.0,0.0,0.0,0.0,0.0,0.0,0.0,0.0,0.0,0.0,0.0,0.0,0
380,17,2.0,0,0,0,0,15.0,1.0,0.0,0.0,0.0,0.0,0.0,0.0,0.0,0.0,0.0,0.0,0.0,0.0,0.0,0.0,0.0,0.0,0.0,0.0,0.0,0.0,0.0,0
381,39,2.0,0,0,0,0,18.0,3.0,0.0,0.0,0.0,1.0,3.0,1.0,1.0,0.0,0.0,0.0,0.0,0.0,0.0,0.0,0.0,0.0,0.0,0.0,0.0,0.0,0.0,0
382,33,3.0,0,1,1,1,16.0,4.0,1.0,14.0,1.4,1.0,1.0,0.0,0.0,1.0,1.0,0.0,0.0,0.0,0.0,0.0,0.0,0.0,0.0,0.0,1.0,0.0,0.0,1
383,27,5.0,0,0,1,0,19.0,2.0,0.0,0.0,0.0,1.0,3.0,0.0,0.0,0.0,0.0,0.0,0.0,0.0,0.0,0.0,0.0,0.0,0.0,0.0,0.0,0.0,0.0,0
384,19,4.0,0,0,0,0,14.0,2.0,0.0,0.0,0.0,,,,,,,,,,,,,,,,,,,0
385,26,1.0,0,0,0,0,18.0,1.0,0.0,0.0,0.0,0.0,0.0,0.0,0.0,0.0,0.0,0.0,0.0,0.0,0.0,0.0,0.0,0.0,0.0,0.0,0.0,0.0,0.0,0
386,17,2.0,0,0,0,0,15.0,1.0,0.0,0.0,0.0,1.0,0.33,0.0,0.0,0.0,0.0,0.0,0.0,0.0,0.0,0.0,0.0,0.0,0.0,0.0,0.0,0.0,0.0,0
387,17,2.0,0,0,0,0,16.0,1.0,0.0,0.0,0.0,,,,,,,,,,,,,,,,,,,0
388,20,2.0,0,0,0,0,11.0,3.0,0.0,0.0,0.0,1.0,0.42,0.0,0.0,0.0,0.0,0.0,0.0,0.0,0.0,0.0,0.0,0.0,0.0,0.0,0.0,0.0,0.0,0
389,28,3.0,0,0,0,0,15.0,6.0,1.0,14.0,2.1,1.0,7.0,1.0,4.0,1.0,2.0,1.0,0.0,0.0,1.0,0.0,0.0,0.0,0.0,0.0,0.0,0.0,0.0,1
390,19,2.0,0,0,0,0,17.0,1.0,0.0,0.0,0.0,,,,,,,,,,,,,,,,,,,0
391,70,4.0,0,0,0,0,27.0,3.0,1.0,3.0,0.75,0.0,0.0,0.0,0.0,0.0,0.0,0.0,0.0,0.0,0.0,0.0,0.0,0.0,0.0,0.0,0.0,0.0,0.0,0
392,26,2.0,0,0,0,0,17.0,,1.0,10.0,1.0,1.0,3.0,0.0,0.0,0.0,0.0,0.0,0.0,0.0,0.0,0.0,0.0,0.0,0.0,0.0,0.0,0.0,0.0,0
393,20,2.0,0,0,0,0,16.0,,0.0,0.0,0.0,1.0,0.75,0.0,0.0,0.0,0.0,0.0,0.0,0.0,0.0,0.0,0.0,0.0,0.0,0.0,0.0,0.0,0.0,0
394,20,,0,0,0,0,16.0,1.0,0.0,0.0,0.0,1.0,3.0,0.0,0.0,0.0,0.0,0.0,0.0,0.0,0.0,0.0,0.0,0.0,0.0,0.0,0.0,0.0,0.0,0
395,18,3.0,0,0,0,0,17.0,1.0,1.0,6.0,1.2,0.0,0.0,0.0,0.0,0.0,0.0,0.0,0.0,0.0,0.0,0.0,0.0,0.0,0.0,0.0,0.0,0.0,0.0,0
396,28,2.0,0,0,0,0,18.0,2.0,0.0,0.0,0.0,1.0,6.0,0.0,0.0,0.0,0.0,0.0,0.0,0.0,0.0,0.0,0.0,0.0,0.0,0.0,0.0,0.0,0.0,0
397,15,1.0,0,0,0,0,14.0,1.0,0.0,0.0,0.0,0.0,0.0,0.0,0.0,0.0,0.0,0.0,0.0,0.0,0.0,0.0,0.0,0.0,0.0,0.0,0.0,0.0,0.0,0
398,20,3.0,0,0,0,0,16.0,1.0,0.0,0.0,0.0,0.0,0.0,0.0,0.0,0.0,0.0,0.0,0.0,0.0,0.0,0.0,0.0,0.0,0.0,0.0,0.0,0.0,0.0,0
399,33,1.0,0,0,0,0,27.0,3.0,0.0,0.0,0.0,1.0,0.16,0.0,0.0,0.0,0.0,0.0,0.0,0.0,0.0,0.0,0.0,0.0,0.0,0.0,0.0,0.0,0.0,0
400,22,3.0,1,1,0,1,17.0,1.0,0.0,0.0,0.0,0.0,0.0,0.0,0.0,1.0,2.0,1.0,0.0,0.0,1.0,0.0,0.0,0.0,0.0,0.0,0.0,0.0,0.0,0
401,35,4.0,0,0,0,0,18.0,,0.0,0.0,0.0,1.0,2.0,0.0,0.0,0.0,0.0,0.0,0.0,0.0,0.0,0.0,0.0,0.0,0.0,0.0,0.0,0.0,0.0,0
402,35,2.0,0,0,0,0,20.0,2.0,0.0,0.0,0.0,1.0,2.0,0.0,0.0,0.0,0.0,0.0,0.0,0.0,0.0,0.0,0.0,0.0,0.0,0.0,0.0,0.0,0.0,0
403,29,2.0,0,0,0,0,17.0,2.0,1.0,13.0,0.37,1.0,0.25,0.0,0.0,0.0,0.0,0.0,0.0,0.0,0.0,0.0,0.0,0.0,0.0,0.0,0.0,0.0,0.0,0
404,33,2.0,0,0,0,0,21.0,0.0,0.0,0.0,0.0,0.0,0.0,0.0,0.0,0.0,0.0,0.0,0.0,0.0,0.0,0.0,0.0,0.0,0.0,0.0,0.0,0.0,0.0,0
405,33,3.0,1,1,0,0,21.0,6.0,1.0,7.0,1.6,1.0,0.25,0.0,0.0,0.0,0.0,0.0,0.0,0.0,0.0,0.0,0.0,0.0,0.0,0.0,0.0,0.0,0.0,0
406,22,2.0,0,0,0,0,19.0,1.0,0.0,0.0,0.0,,,,,,,,,,,,,,,,,,,0
407,23,2.0,0,0,0,0,14.0,2.0,0.0,0.0,0.0,0.0,0.0,1.0,7.0,0.0,0.0,0.0,0.0,0.0,0.0,0.0,0.0,0.0,0.0,0.0,0.0,0.0,0.0,0
408,33,3.0,0,0,0,0,18.0,5.0,0.0,0.0,0.0,1.0,1.0,0.0,0.0,0.0,0.0,0.0,0.0,0.0,0.0,0.0,0.0,0.0,0.0,0.0,0.0,0.0,0.0,0
409,48,2.0,0,0,0,0,16.0,7.0,1.0,32.0,8.0,1.0,7.0,0.0,0.0,0.0,0.0,0.0,0.0,0.0,0.0,0.0,0.0,0.0,0.0,0.0,0.0,0.0,0.0,0
410,29,2.0,0,0,0,0,17.0,2.0,0.0,0.0,0.0,1.0,7.0,0.0,0.0,0.0,0.0,0.0,0.0,0.0,0.0,0.0,0.0,0.0,0.0,0.0,0.0,0.0,0.0,0
411,36,3.0,0,0,0,0,18.0,4.0,0.0,0.0,0.0,1.0,2.0,0.0,0.0,0.0,0.0,0.0,0.0,0.0,0.0,0.0,0.0,0.0,0.0,0.0,0.0,0.0,0.0,0
412,21,1.0,0,0,0,0,17.0,1.0,0.0,0.0,0.0,1.0,2.0,0.0,0.0,0.0,0.0,0.0,0.0,0.0,0.0,0.0,0.0,0.0,0.0,0.0,0.0,0.0,0.0,0
413,44,3.0,0,0,0,0,23.0,,0.0,0.0,0.0,,,,,,,,,,,,,,,,,,,0
414,45,4.0,0,0,0,0,14.0,6.0,0.0,0.0,0.0,1.0,10.0,1.0,5.0,0.0,0.0,0.0,0.0,0.0,0.0,0.0,0.0,0.0,0.0,0.0,0.0,0.0,0.0,0
415,27,6.0,0,0,0,0,19.0,3.0,0.0,0.0,0.0,0.0,0.0,0.0,0.0,0.0,0.0,0.0,0.0,0.0,0.0,0.0,0.0,0.0,0.0,0.0,0.0,0.0,0.0,0
416,23,3.0,0,0,0,0,18.0,4.0,1.0,8.0,1.2,,,,,,,,,,,,,,,,,,,0
417,18,2.0,0,0,0,0,17.0,1.0,0.0,0.0,0.0,1.0,0.25,0.0,0.0,0.0,0.0,0.0,0.0,0.0,0.0,0.0,0.0,0.0,0.0,0.0,0.0,0.0,0.0,0
418,23,1.0,0,0,0,0,17.0,3.0,0.0,0.0,0.0,0.0,0.0,0.0,0.0,0.0,0.0,0.0,0.0,0.0,0.0,0.0,0.0,0.0,0.0,0.0,0.0,0.0,0.0,0
419,35,2.0,0,0,0,0,27.0,2.0,0.0,0.0,0.0,1.0,1.0,0.0,0.0,0.0,0.0,0.0,0.0,0.0,0.0,0.0,0.0,0.0,0.0,0.0,0.0,0.0,0.0,0
420,16,1.0,0,0,0,0,15.0,,0.0,0.0,0.0,0.0,0.0,0.0,0.0,0.0,0.0,0.0,0.0,0.0,0.0,0.0,0.0,0.0,0.0,0.0,0.0,0.0,0.0,0
421,18,2.0,0,0,1,0,15.0,1.0,0.0,0.0,0.0,0.0,0.0,0.0,0.0,0.0,0.0,0.0,0.0,0.0,0.0,0.0,0.0,0.0,0.0,0.0,0.0,0.0,0.0,0
422,19,4.0,0,0,0,0,15.0,2.0,0.0,0.0,0.0,1.0,4.0,0.0,0.0,0.0,0.0,0.0,0.0,0.0,0.0,0.0,0.0,0.0,0.0,0.0,0.0,0.0,0.0,0
423,18,1.0,0,0,0,0,16.0,2.0,0.0,0.0,0.0,0.0,0.0,0.0,0.0,1.0,1.0,0.0,0.0,0.0,0.0,1.0,0.0,0.0,0.0,0.0,0.0,0.0,0.0,0
424,21,1.0,0,0,0,0,17.0,1.0,0.0,0.0,0.0,1.0,5.0,0.0,0.0,0.0,0.0,0.0,0.0,0.0,0.0,0.0,0.0,0.0,0.0,0.0,0.0,0.0,0.0,0
425,26,2.0,0,0,0,0,16.0,3.0,1.0,11.0,2.2,1.0,2.0,0.0,0.0,0.0,0.0,0.0,0.0,0.0,0.0,0.0,0.0,0.0,0.0,0.0,0.0,0.0,0.0,0
426,21,2.0,0,0,0,0,16.0,1.0,0.0,0.0,0.0,1.0,0.5,0.0,0.0,0.0,0.0,0.0,0.0,0.0,0.0,0.0,0.0,0.0,0.0,0.0,0.0,0.0,0.0,0
427,21,1.0,0,0,0,0,13.0,2.0,1.0,15.0,0.75,1.0,4.0,0.0,0.0,0.0,0.0,0.0,0.0,0.0,0.0,0.0,0.0,0.0,0.0,0.0,0.0,0.0,0.0,0
428,23,5.0,0,0,0,0,20.0,1.0,0.0,0.0,0.0,1.0,1.0,0.0,0.0,0.0,0.0,0.0,0.0,0.0,0.0,0.0,0.0,0.0,0.0,0.0,0.0,0.0,0.0,0
429,52,5.0,0,0,0,0,16.0,4.0,1.0,37.0,37.0,1.0,3.0,0.0,0.0,0.0,0.0,0.0,0.0,0.0,0.0,0.0,0.0,0.0,0.0,0.0,0.0,0.0,0.0,0
430,25,15.0,0,0,0,0,16.0,2.0,,,,0.0,0.0,0.0,0.0,1.0,2.0,1.0,0.0,0.0,1.0,0.0,0.0,0.0,0.0,0.0,0.0,0.0,0.0,1
431,23,1.0,0,0,0,0,13.0,2.0,0.0,0.0,0.0,1.0,0.16,0.0,0.0,0.0,0.0,0.0,0.0,0.0,0.0,0.0,0.0,0.0,0.0,0.0,0.0,0.0,0.0,0
432,25,2.0,0,0,0,0,18.0,3.0,0.0,0.0,0.0,1.0,5.0,0.0,0.0,0.0,0.0,0.0,0.0,0.0,0.0,0.0,0.0,0.0,0.0,0.0,0.0,0.0,0.0,0
433,22,1.0,0,0,0,0,22.0,1.0,0.0,0.0,0.0,0.0,0.0,0.0,0.0,0.0,0.0,0.0,0.0,0.0,0.0,0.0,0.0,0.0,0.0,0.0,0.0,0.0,0.0,0
434,40,2.0,0,0,0,0,27.0,,0.0,0.0,0.0,0.0,0.0,1.0,1.0,0.0,0.0,0.0,0.0,0.0,0.0,0.0,0.0,0.0,0.0,0.0,0.0,0.0,0.0,0
435,25,1.0,0,0,0,0,24.0,1.0,0.0,0.0,0.0,1.0,0.08,0.0,0.0,0.0,0.0,0.0,0.0,0.0,0.0,0.0,0.0,0.0,0.0,0.0,0.0,0.0,0.0,0
436,23,2.0,0,0,0,0,17.0,3.0,0.0,0.0,0.0,1.0,3.0,0.0,0.0,0.0,0.0,0.0,0.0,0.0,0.0,0.0,0.0,0.0,0.0,0.0,0.0,0.0,0.0,0
437,30,2.0,0,0,0,0,17.0,2.0,0.0,0.0,0.0,1.0,6.0,0.0,0.0,0.0,0.0,0.0,0.0,0.0,0.0,0.0,0.0,0.0,0.0,0.0,0.0,0.0,0.0,0
438,32,4.0,0,0,0,0,18.0,3.0,0.0,0.0,0.0,1.0,8.0,0.0,0.0,0.0,0.0,0.0,0.0,0.0,0.0,0.0,0.0,0.0,0.0,0.0,0.0,0.0,0.0,0
439,43,3.0,0,0,0,0,15.0,8.0,0.0,0.0,0.0,1.0,3.0,0.0,0.0,0.0,0.0,0.0,0.0,0.0,0.0,0.0,0.0,0.0,0.0,0.0,0.0,0.0,0.0,0
440,26,3.0,1,1,0,1,15.0,,0.0,0.0,0.0,1.0,0.33,,,0.0,0.0,0.0,0.0,0.0,0.0,0.0,0.0,0.0,0.0,0.0,0.0,0.0,0.0,0
441,36,6.0,0,0,0,0,15.0,4.0,1.0,16.0,1.6,1.0,5.0,0.0,0.0,0.0,0.0,0.0,0.0,0.0,0.0,0.0,0.0,0.0,0.0,0.0,0.0,0.0,0.0,0
442,37,,0,0,0,0,17.0,5.0,0.0,0.0,0.0,0.0,0.0,0.0,0.0,0.0,0.0,0.0,0.0,0.0,0.0,0.0,0.0,0.0,0.0,0.0,0.0,0.0,0.0,0
443,25,3.0,0,0,0,0,17.0,3.0,0.0,0.0,0.0,1.0,3.0,0.0,0.0,0.0,0.0,0.0,0.0,0.0,0.0,0.0,0.0,0.0,0.0,0.0,0.0,0.0,0.0,0
444,24,3.0,0,0,0,0,18.0,2.0,0.0,0.0,0.0,1.0,0.16,0.0,0.0,0.0,0.0,0.0,0.0,0.0,0.0,0.0,0.0,0.0,0.0,0.0,0.0,0.0,0.0,0
445,33,1.0,0,0,0,0,17.0,3.0,0.0,0.0,0.0,1.0,0.16,1.0,5.0,0.0,0.0,0.0,0.0,0.0,0.0,0.0,0.0,0.0,0.0,0.0,0.0,0.0,0.0,0
446,18,3.0,0,0,0,0,16.0,1.0,,,,,,,,,,,,,,,,,,,,,,0
447,16,1.0,0,0,0,0,14.0,1.0,0.0,0.0,0.0,0.0,0.0,0.0,0.0,0.0,0.0,0.0,0.0,0.0,0.0,0.0,0.0,0.0,0.0,0.0,0.0,0.0,0.0,0
448,32,2.0,0,0,1,0,17.0,2.0,1.0,9.0,0.9,1.0,10.0,0.0,0.0,0.0,0.0,0.0,0.0,0.0,0.0,0.0,0.0,0.0,0.0,0.0,0.0,0.0,0.0,0
449,25,2.0,0,0,1,0,17.0,0.0,0.0,0.0,0.0,1.0,0.08,0.0,0.0,0.0,0.0,0.0,0.0,0.0,0.0,0.0,0.0,0.0,0.0,0.0,0.0,0.0,0.0,0
450,24,4.0,0,0,0,0,14.0,2.0,1.0,2.0,1.0,0.0,0.0,0.0,0.0,0.0,0.0,0.0,0.0,0.0,0.0,0.0,0.0,0.0,0.0,0.0,0.0,0.0,0.0,0
451,19,3.0,0,0,0,0,18.0,1.0,0.0,0.0,0.0,1.0,1.0,0.0,0.0,0.0,0.0,0.0,0.0,0.0,0.0,0.0,0.0,0.0,0.0,0.0,0.0,0.0,0.0,0
452,36,2.0,0,0,0,0,20.0,3.0,0.0,0.0,0.0,1.0,2.0,0.0,0.0,0.0,0.0,0.0,0.0,0.0,0.0,0.0,0.0,0.0,0.0,0.0,0.0,0.0,0.0,0
453,28,2.0,0,0,0,0,18.0,6.0,0.0,0.0,0.0,1.0,7.0,0.0,0.0,0.0,0.0,0.0,0.0,0.0,0.0,0.0,0.0,0.0,0.0,0.0,0.0,0.0,0.0,0
454,30,2.0,0,0,0,0,14.0,6.0,0.0,0.0,0.0,1.0,5.0,0.0,0.0,0.0,0.0,0.0,0.0,0.0,0.0,0.0,0.0,0.0,0.0,0.0,0.0,0.0,0.0,0
455,18,3.0,0,0,0,0,17.0,1.0,0.0,0.0,0.0,0.0,0.0,0.0,0.0,0.0,0.0,0.0,0.0,0.0,0.0,0.0,0.0,0.0,0.0,0.0,0.0,0.0,0.0,0
456,21,2.0,0,0,0,0,19.0,1.0,0.0,0.0,0.0,1.0,1.0,0.0,0.0,0.0,0.0,0.0,0.0,0.0,0.0,0.0,0.0,0.0,0.0,0.0,0.0,0.0,0.0,0
457,24,2.0,0,0,0,0,18.0,1.0,0.0,0.0,0.0,1.0,5.0,0.0,0.0,0.0,0.0,0.0,0.0,0.0,0.0,0.0,0.0,0.0,0.0,0.0,0.0,0.0,0.0,0
458,18,5.0,0,0,0,0,14.0,,1.0,1.266972909,0.5,0.0,0.0,0.0,0.0,0.0,0.0,0.0,0.0,0.0,0.0,0.0,0.0,0.0,0.0,0.0,0.0,0.0,0.0,0
459,38,1.0,0,0,0,0,24.0,3.0,0.0,0.0,0.0,1.0,6.5,0.0,0.0,0.0,0.0,0.0,0.0,0.0,0.0,0.0,0.0,0.0,0.0,0.0,0.0,0.0,0.0,0
460,42,2.0,0,0,0,0,20.0,,0.0,0.0,0.0,1.0,7.0,1.0,6.0,1.0,2.0,1.0,0.0,0.0,1.0,0.0,0.0,0.0,0.0,0.0,0.0,0.0,0.0,0
461,24,1.0,0,0,0,0,16.0,3.0,0.0,0.0,0.0,1.0,0.25,0.0,0.0,0.0,0.0,0.0,0.0,0.0,0.0,0.0,0.0,0.0,0.0,0.0,0.0,0.0,0.0,0
462,39,1.0,0,1,0,0,18.0,4.0,0.0,0.0,0.0,1.0,8.0,1.0,3.0,0.0,0.0,0.0,0.0,0.0,0.0,0.0,0.0,0.0,0.0,0.0,0.0,0.0,0.0,0
463,33,3.0,0,0,0,0,17.0,6.0,0.0,0.0,0.0,0.0,0.0,0.0,0.0,0.0,0.0,0.0,0.0,0.0,0.0,0.0,0.0,0.0,0.0,0.0,0.0,0.0,0.0,0
464,19,2.0,0,0,0,0,15.0,2.0,0.0,0.0,0.0,1.0,0.75,0.0,0.0,0.0,0.0,0.0,0.0,0.0,0.0,0.0,0.0,0.0,0.0,0.0,0.0,0.0,0.0,0
465,30,3.0,0,0,0,0,16.0,3.0,,,,,,,,,,,,,,,,,,,,,,0
466,35,3.0,0,0,0,0,20.0,5.0,1.0,19.0,19.0,1.0,4.0,0.0,0.0,0.0,0.0,0.0,0.0,0.0,0.0,0.0,0.0,0.0,0.0,0.0,0.0,0.0,0.0,0
467,30,5.0,0,0,0,0,15.0,3.0,0.0,0.0,0.0,1.0,6.0,0.0,0.0,0.0,0.0,0.0,0.0,0.0,0.0,0.0,0.0,0.0,0.0,0.0,0.0,0.0,0.0,0
468,32,2.0,0,0,0,0,17.0,1.0,0.0,0.0,0.0,,,,,0.0,0.0,0.0,0.0,0.0,0.0,0.0,0.0,0.0,0.0,0.0,0.0,0.0,0.0,0
469,31,2.0,0,0,0,0,20.0,2.0,1.0,9.0,4.5,1.0,6.0,0.0,0.0,1.0,2.0,1.0,0.0,0.0,1.0,0.0,0.0,0.0,0.0,0.0,0.0,0.0,0.0,1
470,25,,0,0,0,0,,2.0,0.0,0.0,0.0,1.0,3.0,0.0,0.0,0.0,0.0,0.0,0.0,0.0,0.0,0.0,0.0,0.0,0.0,0.0,0.0,0.0,0.0,0
471,17,1.0,0,0,0,0,14.0,,0.0,0.0,0.0,1.0,2.0,0.0,0.0,0.0,0.0,0.0,0.0,0.0,0.0,0.0,0.0,0.0,0.0,0.0,0.0,0.0,0.0,0
472,32,3.0,0,0,0,0,18.0,1.0,1.0,11.0,0.16,1.0,6.0,0.0,0.0,1.0,1.0,0.0,0.0,0.0,0.0,0.0,0.0,0.0,0.0,0.0,0.0,0.0,1.0,0
473,24,1.0,0,0,0,0,16.0,3.0,0.0,0.0,0.0,1.0,3.0,0.0,0.0,0.0,0.0,0.0,0.0,0.0,0.0,0.0,0.0,0.0,0.0,0.0,0.0,0.0,0.0,0
474,17,,0,0,0,0,15.0,2.0,0.0,0.0,0.0,,,,,,,,,,,,,,,,,,,0
475,36,2.0,0,0,0,0,18.0,,1.0,19.0,7.6,1.0,8.0,,,,,,,,,,,,,,,,,0
476,23,2.0,0,0,0,0,27.0,3.0,0.0,0.0,0.0,0.0,0.0,,,0.0,0.0,0.0,0.0,0.0,0.0,0.0,0.0,0.0,0.0,0.0,0.0,0.0,0.0,0
477,20,3.0,0,0,0,0,14.0,3.0,1.0,4.0,0.2,0.0,0.0,0.0,0.0,1.0,1.0,0.0,0.0,0.0,0.0,1.0,0.0,0.0,0.0,0.0,0.0,0.0,0.0,1
478,20,2.0,0,0,0,0,16.0,1.0,0.0,0.0,0.0,,,,,,,,,,,,,,,,,,,0
479,19,7.0,0,0,0,0,14.0,2.0,0.0,0.0,0.0,1.0,0.16,0.0,0.0,1.0,2.0,1.0,0.0,0.0,1.0,0.0,0.0,0.0,0.0,0.0,0.0,0.0,0.0,1
480,17,5.0,0,0,0,0,15.0,1.0,0.0,0.0,0.0,0.0,0.0,0.0,0.0,0.0,0.0,0.0,0.0,0.0,0.0,0.0,0.0,0.0,0.0,0.0,0.0,0.0,0.0,0
481,22,4.0,0,1,0,1,16.0,1.0,0.0,0.0,0.0,1.0,0.5,0.0,0.0,,,,,,,,,,,,,,,0
482,38,4.0,1,1,1,1,18.0,4.0,0.0,0.0,0.0,1.0,16.0,1.0,3.0,0.0,0.0,0.0,0.0,0.0,0.0,0.0,0.0,0.0,0.0,0.0,0.0,0.0,0.0,0
483,17,1.0,0,0,0,0,16.0,2.0,0.0,0.0,0.0,0.0,0.0,0.0,0.0,1.0,2.0,1.0,0.0,0.0,1.0,0.0,0.0,0.0,0.0,0.0,0.0,0.0,0.0,1
484,20,4.0,0,1,0,0,14.0,1.0,0.0,0.0,0.0,0.0,0.0,0.0,0.0,0.0,0.0,0.0,0.0,0.0,0.0,0.0,0.0,0.0,0.0,0.0,0.0,0.0,0.0,0
485,41,3.0,0,1,0,0,16.0,,1.0,5.0,2.5,0.0,0.0,0.0,0.0,0.0,0.0,0.0,0.0,0.0,0.0,0.0,0.0,0.0,0.0,0.0,0.0,0.0,0.0,0
486,16,1.0,0,1,1,0,15.0,1.0,0.0,0.0,0.0,1.0,0.25,0.0,0.0,0.0,0.0,0.0,0.0,0.0,0.0,0.0,0.0,0.0,0.0,0.0,0.0,0.0,0.0,0
487,46,3.0,0,0,0,0,21.0,4.0,0.0,0.0,0.0,1.0,15.0,0.0,0.0,0.0,0.0,0.0,0.0,0.0,0.0,0.0,0.0,0.0,0.0,0.0,0.0,0.0,0.0,0
488,27,1.0,0,0,0,0,15.0,4.0,0.0,0.0,0.0,1.0,2.282200521,1.0,5.0,0.0,0.0,0.0,0.0,0.0,0.0,0.0,0.0,0.0,0.0,0.0,0.0,0.0,0.0,0
489,19,2.0,0,0,0,0,15.0,2.0,0.0,0.0,0.0,1.0,1.0,0.0,0.0,1.0,3.0,1.0,0.0,0.0,1.0,0.0,0.0,0.0,0.0,0.0,1.0,0.0,0.0,2
490,23,1.0,0,0,0,0,18.0,2.0,0.0,0.0,0.0,1.0,1.0,0.0,0.0,0.0,0.0,0.0,0.0,0.0,0.0,0.0,0.0,0.0,0.0,0.0,0.0,0.0,0.0,0
491,24,2.0,0,0,0,0,16.0,3.0,0.0,0.0,0.0,1.0,5.0,0.0,0.0,0.0,0.0,0.0,0.0,0.0,0.0,0.0,0.0,0.0,0.0,0.0,0.0,0.0,0.0,0
492,20,1.0,0,0,0,0,16.0,2.0,0.0,0.0,0.0,0.0,0.0,0.0,0.0,0.0,0.0,0.0,0.0,0.0,0.0,0.0,0.0,0.0,0.0,0.0,0.0,0.0,0.0,0
493,35,2.0,0,0,0,0,17.0,1.0,0.0,0.0,0.0,0.0,0.0,0.0,0.0,0.0,0.0,0.0,0.0,0.0,0.0,0.0,0.0,0.0,0.0,0.0,0.0,0.0,0.0,0
494,22,1.0,0,0,0,0,17.0,2.0,0.0,0.0,0.0,1.0,0.16,1.0,3.0,0.0,0.0,0.0,0.0,0.0,0.0,0.0,0.0,0.0,0.0,0.0,0.0,0.0,0.0,0
495,34,3.0,0,0,0,0,15.0,5.0,1.0,0.16,0.001,1.0,7.0,0.0,0.0,0.0,0.0,0.0,0.0,0.0,0.0,0.0,0.0,0.0,0.0,0.0,0.0,0.0,0.0,0
496,28,5.0,0,0,0,1,14.0,4.0,0.0,0.0,0.0,1.0,3.0,0.0,0.0,0.0,0.0,0.0,0.0,0.0,0.0,0.0,0.0,0.0,0.0,0.0,0.0,0.0,0.0,0
497,25,7.0,0,0,0,0,14.0,3.0,0.0,0.0,0.0,1.0,2.0,0.0,0.0,0.0,0.0,0.0,0.0,0.0,0.0,0.0,0.0,0.0,0.0,0.0,0.0,0.0,0.0,0
498,28,2.0,1,1,0,1,17.0,,0.0,0.0,0.0,1.0,9.0,0.0,0.0,0.0,0.0,0.0,0.0,0.0,0.0,0.0,0.0,0.0,0.0,0.0,0.0,0.0,0.0,0
499,24,2.0,0,0,0,0,19.0,1.0,0.0,0.0,0.0,0.0,0.0,0.0,0.0,0.0,0.0,0.0,0.0,0.0,0.0,0.0,0.0,0.0,0.0,0.0,0.0,0.0,0.0,0
500,28,8.0,0,0,0,0,18.0,3.0,0.0,0.0,0.0,1.0,1.0,0.0,0.0,0.0,0.0,0.0,0.0,0.0,0.0,0.0,0.0,0.0,0.0,0.0,0.0,0.0,0.0,0
501,21,2.0,0,0,0,0,13.0,2.0,0.0,0.0,0.0,,,,,,,,,,,,,,,,,,,0
502,28,2.0,0,0,0,0,15.0,,0.0,0.0,0.0,0.0,0.0,0.0,0.0,0.0,0.0,0.0,0.0,0.0,0.0,0.0,0.0,0.0,0.0,0.0,0.0,0.0,0.0,0
503,33,5.0,0,0,0,0,19.0,1.0,1.0,4.0,0.5132021277,1.0,2.282200521,0.0,0.0,0.0,0.0,0.0,0.0,0.0,0.0,0.0,0.0,0.0,0.0,0.0,0.0,0.0,0.0,0
504,31,2.0,0,0,1,0,19.0,2.0,0.0,0.0,0.0,1.0,9.0,0.0,0.0,0.0,0.0,0.0,0.0,0.0,0.0,0.0,0.0,0.0,0.0,0.0,0.0,0.0,0.0,0
505,20,1.0,0,0,0,0,19.0,1.0,0.0,0.0,0.0,0.0,0.0,0.0,0.0,0.0,0.0,0.0,0.0,0.0,0.0,0.0,0.0,0.0,0.0,0.0,0.0,0.0,0.0,0
506,18,1.0,0,0,0,0,15.0,2.0,0.0,0.0,0.0,1.0,0.08,0.0,0.0,0.0,0.0,0.0,0.0,0.0,0.0,0.0,0.0,0.0,0.0,0.0,0.0,0.0,0.0,0
507,17,2.0,0,0,0,0,14.0,2.0,0.0,0.0,0.0,1.0,1.0,0.0,0.0,0.0,0.0,0.0,0.0,0.0,0.0,0.0,0.0,0.0,0.0,0.0,0.0,0.0,0.0,0
508,34,,0,0,0,0,15.0,5.0,0.0,0.0,0.0,1.0,0.5,0.0,0.0,0.0,0.0,0.0,0.0,0.0,0.0,0.0,0.0,0.0,0.0,0.0,0.0,0.0,0.0,0
509,19,4.0,0,0,0,0,14.0,1.0,1.0,7.0,0.5132021277,,,,,,,,,,,,,,,,,,,0
510,17,1.0,0,0,0,0,16.0,1.0,0.0,0.0,0.0,,,,,,,,,,,,,,,,,,,0
511,21,1.0,0,0,0,0,15.0,1.0,0.0,0.0,0.0,,,,,,,,,,,,,,,,,,,0
512,18,1.0,0,0,0,0,18.0,1.0,0.0,0.0,0.0,,,,,,,,,,,,,,,,,,,0
513,16,2.0,0,0,0,0,14.0,2.0,0.0,0.0,0.0,1.0,0.66,0.0,0.0,0.0,0.0,0.0,0.0,0.0,0.0,0.0,0.0,0.0,0.0,0.0,0.0,0.0,0.0,0
514,25,3.0,0,0,0,0,15.0,2.0,0.0,0.0,0.0,1.0,9.0,0.0,0.0,0.0,0.0,0.0,0.0,0.0,0.0,0.0,0.0,0.0,0.0,0.0,0.0,0.0,0.0,0
515,28,2.0,1,1,0,1,19.0,2.0,0.0,0.0,0.0,1.0,0.42,1.0,3.0,1.0,2.0,1.0,0.0,0.0,1.0,0.0,0.0,0.0,0.0,0.0,0.0,0.0,0.0,1
516,25,2.0,0,0,0,0,18.0,2.0,0.0,0.0,0.0,1.0,0.25,0.0,0.0,0.0,0.0,0.0,0.0,0.0,0.0,0.0,0.0,0.0,0.0,0.0,0.0,0.0,0.0,0
517,26,3.0,0,0,0,0,18.0,1.0,0.0,0.0,0.0,1.0,0.66,0.0,0.0,0.0,0.0,0.0,0.0,0.0,0.0,0.0,0.0,0.0,0.0,0.0,0.0,0.0,0.0,0
518,36,4.0,0,0,0,0,19.0,2.0,1.0,21.0,21.0,0.0,0.0,1.0,7.0,0.0,0.0,0.0,0.0,0.0,0.0,0.0,0.0,0.0,0.0,0.0,0.0,0.0,0.0,0
519,16,2.0,0,0,1,0,15.0,1.0,0.0,0.0,0.0,0.0,0.0,0.0,0.0,0.0,0.0,0.0,0.0,0.0,0.0,0.0,0.0,0.0,0.0,0.0,0.0,0.0,0.0,0
520,20,4.0,0,0,0,0,15.0,2.0,0.0,0.0,0.0,1.0,5.0,0.0,0.0,0.0,0.0,0.0,0.0,0.0,0.0,0.0,0.0,0.0,0.0,0.0,0.0,0.0,0.0,0
521,32,3.0,0,0,0,0,17.0,1.0,0.0,0.0,0.0,1.0,8.0,0.0,0.0,0.0,0.0,0.0,0.0,0.0,0.0,0.0,0.0,0.0,0.0,0.0,0.0,0.0,0.0,0
522,37,2.0,0,0,0,0,15.0,4.0,0.0,0.0,0.0,1.0,12.0,1.0,0.16,0.0,0.0,0.0,0.0,0.0,0.0,0.0,0.0,0.0,0.0,0.0,0.0,0.0,0.0,0
523,41,3.0,0,0,0,0,18.0,5.0,0.0,0.0,0.0,1.0,1.0,1.0,4.0,0.0,0.0,0.0,0.0,0.0,0.0,0.0,0.0,0.0,0.0,0.0,0.0,0.0,0.0,0
524,23,2.0,0,0,0,0,16.0,1.0,0.0,0.0,0.0,1.0,6.0,0.0,0.0,0.0,0.0,0.0,0.0,0.0,0.0,0.0,0.0,0.0,0.0,0.0,0.0,0.0,0.0,0
525,31,3.0,0,0,0,0,18.0,2.0,0.0,0.0,0.0,,,,,,,,,,,,,,,,,,,0
526,20,2.0,0,0,0,0,17.0,2.0,0.0,0.0,0.0,1.0,1.0,0.0,0.0,0.0,0.0,0.0,0.0,0.0,0.0,0.0,0.0,0.0,0.0,0.0,0.0,0.0,0.0,0
527,40,2.0,0,0,0,0,20.0,3.0,0.0,0.0,0.0,0.0,0.0,1.0,1.0,0.0,0.0,0.0,0.0,0.0,0.0,0.0,0.0,0.0,0.0,0.0,0.0,0.0,0.0,0
528,18,2.0,0,0,1,0,15.0,3.0,1.0,7.0,3.5,1.0,1.0,0.0,0.0,0.0,0.0,0.0,0.0,0.0,0.0,0.0,0.0,0.0,0.0,0.0,0.0,0.0,0.0,0
529,45,2.0,0,1,1,0,18.0,4.0,0.0,0.0,0.0,0.0,0.0,0.0,0.0,0.0,0.0,0.0,0.0,0.0,0.0,0.0,0.0,0.0,0.0,0.0,0.0,0.0,0.0,0
530,22,2.0,0,1,0,1,15.0,2.0,1.0,5.0,1.25,1.0,6.0,0.0,0.0,0.0,0.0,0.0,0.0,0.0,0.0,0.0,0.0,0.0,0.0,0.0,0.0,0.0,0.0,0
531,28,3.0,0,0,0,0,15.0,3.0,0.0,0.0,0.0,1.0,3.0,0.0,0.0,0.0,0.0,0.0,0.0,0.0,0.0,0.0,0.0,0.0,0.0,0.0,0.0,0.0,0.0,0
532,21,1.0,0,0,0,0,15.0,3.0,0.0,0.0,0.0,1.0,0.5,0.0,0.0,0.0,0.0,0.0,0.0,0.0,0.0,0.0,0.0,0.0,0.0,0.0,0.0,0.0,0.0,0
533,24,3.0,0,0,0,0,14.0,2.0,0.0,0.0,0.0,0.0,0.0,1.0,4.0,0.0,0.0,0.0,0.0,0.0,0.0,0.0,0.0,0.0,0.0,0.0,0.0,0.0,0.0,0
534,30,2.0,0,0,0,0,17.0,2.0,0.0,0.0,0.0,1.0,11.0,0.0,0.0,0.0,0.0,0.0,0.0,0.0,0.0,0.0,0.0,0.0,0.0,0.0,0.0,0.0,0.0,0
535,30,3.0,0,0,1,0,14.0,3.0,0.0,0.0,0.0,1.0,12.0,1.0,2.0,1.0,2.0,1.0,0.0,0.0,1.0,0.0,0.0,0.0,0.0,0.0,0.0,0.0,0.0,1
536,70,1.0,0,0,0,0,16.0,10.0,0.0,0.0,0.0,0.0,0.0,1.0,3.0,0.0,0.0,0.0,0.0,0.0,0.0,0.0,0.0,0.0,0.0,0.0,0.0,0.0,0.0,0
537,34,3.0,0,0,0,0,19.0,3.0,0.0,0.0,0.0,1.0,5.0,0.0,0.0,0.0,0.0,0.0,0.0,0.0,0.0,0.0,0.0,0.0,0.0,0.0,0.0,0.0,0.0,0
538,25,3.0,0,0,0,0,18.0,1.0,0.0,0.0,0.0,0.0,0.0,0.0,0.0,0.0,0.0,0.0,0.0,0.0,0.0,0.0,0.0,0.0,0.0,0.0,0.0,0.0,0.0,0
539,29,,0,0,0,0,19.0,2.0,0.0,0.0,0.0,,,,,,,,,,,,,,,,,,,0
540,21,2.0,0,0,0,0,19.0,,0.0,0.0,0.0,1.0,0.5,,,,,,,,,,,,,,,,,0
541,20,2.0,0,0,0,0,16.0,1.0,1.0,5.0,0.75,1.0,1.0,0.0,0.0,0.0,0.0,0.0,0.0,0.0,0.0,0.0,0.0,0.0,0.0,0.0,0.0,0.0,0.0,0
542,28,4.0,0,1,0,1,18.0,4.0,0.0,0.0,0.0,0.0,0.0,0.0,0.0,0.0,0.0,0.0,0.0,0.0,0.0,0.0,0.0,0.0,0.0,0.0,0.0,0.0,0.0,0
543,21,1.0,0,0,0,0,18.0,1.0,0.0,0.0,0.0,1.0,2.0,0.0,0.0,0.0,0.0,0.0,0.0,0.0,0.0,0.0,0.0,0.0,0.0,0.0,0.0,0.0,0.0,0
544,30,2.0,0,0,0,0,18.0,3.0,0.0,0.0,0.0,1.0,8.0,1.0,0.5,0.0,0.0,0.0,0.0,0.0,0.0,0.0,0.0,0.0,0.0,0.0,0.0,0.0,0.0,0
545,33,1.0,0,0,0,0,19.0,2.0,0.0,0.0,0.0,1.0,12.0,1.0,0.25,1.0,2.0,1.0,0.0,0.0,1.0,0.0,0.0,0.0,0.0,0.0,0.0,0.0,0.0,0
546,24,4.0,0,0,0,0,18.0,4.0,0.0,0.0,0.0,1.0,4.0,0.0,0.0,0.0,0.0,0.0,0.0,0.0,0.0,0.0,0.0,0.0,0.0,0.0,0.0,0.0,0.0,0
547,18,2.0,0,0,0,0,15.0,,0.0,0.0,0.0,1.0,1.0,0.0,0.0,0.0,0.0,0.0,0.0,0.0,0.0,0.0,0.0,0.0,0.0,0.0,0.0,0.0,0.0,0
548,20,2.0,0,0,0,0,18.0,1.0,0.0,0.0,0.0,1.0,2.0,0.0,0.0,0.0,0.0,0.0,0.0,0.0,0.0,0.0,0.0,0.0,0.0,0.0,0.0,0.0,0.0,0
549,15,3.0,0,0,0,0,15.0,2.0,0.0,0.0,0.0,0.0,0.0,0.0,0.0,0.0,0.0,0.0,0.0,0.0,0.0,0.0,0.0,0.0,0.0,0.0,0.0,0.0,0.0,0
550,20,3.0,0,0,0,0,15.0,1.0,1.0,1.0,0.15,0.0,0.0,0.0,0.0,0.0,0.0,0.0,0.0,0.0,0.0,0.0,0.0,0.0,0.0,0.0,0.0,0.0,0.0,0
551,30,3.0,0,0,0,0,17.0,4.0,0.0,0.0,0.0,1.0,12.0,0.0,0.0,0.0,0.0,0.0,0.0,0.0,0.0,0.0,0.0,0.0,0.0,0.0,0.0,0.0,0.0,0
552,31,1.0,0,0,0,0,20.0,5.0,0.0,0.0,0.0,,,,,,,,,,,,,,,,,,,0
553,31,9.0,0,0,0,0,,1.0,1.0,11.0,5.5,1.0,0.25,0.0,0.0,0.0,0.0,0.0,0.0,0.0,0.0,0.0,0.0,0.0,0.0,0.0,0.0,0.0,0.0,0
554,35,3.0,0,0,0,0,17.0,3.0,1.0,20.0,2.0,1.0,2.0,0.0,0.0,0.0,0.0,0.0,0.0,0.0,0.0,0.0,0.0,0.0,0.0,0.0,0.0,0.0,0.0,0
555,24,3.0,0,0,0,0,15.0,3.0,1.0,8.0,2.0,1.0,4.0,0.0,0.0,0.0,0.0,0.0,0.0,0.0,0.0,0.0,0.0,0.0,0.0,0.0,0.0,0.0,0.0,0
556,37,3.0,0,0,0,0,18.0,3.0,0.0,0.0,0.0,1.0,0.25,0.0,0.0,0.0,0.0,0.0,0.0,0.0,0.0,0.0,0.0,0.0,0.0,0.0,0.0,0.0,0.0,0
557,52,2.0,0,1,0,1,19.0,5.0,0.0,0.0,0.0,0.0,0.0,1.0,11.0,0.0,0.0,0.0,0.0,0.0,0.0,0.0,0.0,0.0,0.0,0.0,0.0,0.0,0.0,0
558,29,1.0,0,0,0,0,28.0,1.0,0.0,0.0,0.0,0.0,0.0,0.0,0.0,0.0,0.0,0.0,0.0,0.0,0.0,0.0,0.0,0.0,0.0,0.0,0.0,0.0,0.0,0
559,19,2.0,0,0,0,0,16.0,1.0,0.0,0.0,0.0,1.0,2.0,0.0,0.0,0.0,0.0,0.0,0.0,0.0,0.0,0.0,0.0,0.0,0.0,0.0,0.0,0.0,0.0,0
560,25,4.0,0,0,0,0,17.0,2.0,0.0,0.0,0.0,0.0,0.0,0.0,0.0,0.0,0.0,0.0,0.0,0.0,0.0,0.0,0.0,0.0,0.0,0.0,0.0,0.0,0.0,0
561,26,1.0,0,0,0,0,18.0,2.0,0.0,0.0,0.0,0.0,0.0,0.0,0.0,0.0,0.0,0.0,0.0,0.0,0.0,0.0,0.0,0.0,0.0,0.0,0.0,0.0,0.0,0
562,17,4.0,0,0,0,0,14.0,,1.0,4.0,1.0,0.0,0.0,0.0,0.0,0.0,0.0,0.0,0.0,0.0,0.0,0.0,0.0,0.0,0.0,0.0,0.0,0.0,0.0,0
563,44,2.0,0,0,0,0,25.0,2.0,0.0,0.0,0.0,1.0,5.0,0.0,0.0,0.0,0.0,0.0,0.0,0.0,0.0,0.0,0.0,0.0,0.0,0.0,0.0,0.0,0.0,0
564,37,2.0,0,1,0,1,18.0,,0.0,0.0,0.0,0.0,0.0,,,1.0,1.0,0.0,0.0,0.0,0.0,0.0,0.0,0.0,0.0,0.0,1.0,0.0,0.0,1
565,22,,0,0,0,0,15.0,3.0,0.0,0.0,0.0,1.0,6.0,0.0,0.0,0.0,0.0,0.0,0.0,0.0,0.0,0.0,0.0,0.0,0.0,0.0,0.0,0.0,0.0,0
566,33,,0,0,0,0,16.0,4.0,0.0,0.0,0.0,1.0,3.0,0.0,0.0,0.0,0.0,0.0,0.0,0.0,0.0,0.0,0.0,0.0,0.0,0.0,0.0,0.0,0.0,0
567,16,1.0,0,0,0,0,16.0,1.0,0.0,0.0,0.0,0.0,0.0,0.0,0.0,0.0,0.0,0.0,0.0,0.0,0.0,0.0,0.0,0.0,0.0,0.0,0.0,0.0,0.0,0
568,42,2.0,0,0,0,0,18.0,2.0,0.0,0.0,0.0,1.0,0.66,1.0,2.0,0.0,0.0,0.0,0.0,0.0,0.0,0.0,0.0,0.0,0.0,0.0,0.0,0.0,0.0,0
569,27,1.0,0,0,0,0,19.0,1.0,0.0,0.0,0.0,,,,,,,,,,,,,,,,,,,0
570,22,2.0,0,0,0,0,17.0,1.0,0.0,0.0,0.0,,,,,,,,,,,,,,,,,,,0
571,35,2.0,0,0,0,0,17.0,2.0,1.0,15.0,0.32,,,,,,,,,,,,,,,,,,,0
572,19,1.0,0,0,0,0,14.0,2.0,0.0,0.0,0.0,1.0,1.5,0.0,0.0,0.0,0.0,0.0,0.0,0.0,0.0,0.0,0.0,0.0,0.0,0.0,0.0,0.0,0.0,0
573,45,1.0,0,0,0,0,20.0,5.0,0.0,0.0,0.0,0.0,0.0,0.0,0.0,0.0,0.0,0.0,0.0,0.0,0.0,0.0,0.0,0.0,0.0,0.0,0.0,0.0,0.0,0
574,21,3.0,0,1,0,0,17.0,1.0,0.0,0.0,0.0,0.0,0.0,0.0,0.0,0.0,0.0,0.0,0.0,0.0,0.0,0.0,0.0,0.0,0.0,0.0,0.0,0.0,0.0,0
575,30,3.0,0,0,0,0,22.0,1.0,0.0,0.0,0.0,0.0,0.0,0.0,0.0,0.0,0.0,0.0,0.0,0.0,0.0,0.0,0.0,0.0,0.0,0.0,0.0,0.0,0.0,0
576,26,1.0,0,0,0,0,18.0,2.0,0.0,0.0,0.0,1.0,0.25,1.0,2.0,0.0,0.0,0.0,0.0,0.0,0.0,0.0,0.0,0.0,0.0,0.0,0.0,0.0,0.0,0
577,17,2.0,0,0,0,0,15.0,2.0,0.0,0.0,0.0,1.0,2.0,0.0,0.0,0.0,0.0,0.0,0.0,0.0,0.0,0.0,0.0,0.0,0.0,0.0,0.0,0.0,0.0,0
578,21,2.0,0,0,0,0,18.0,2.0,0.0,0.0,0.0,1.0,1.0,0.0,0.0,0.0,0.0,0.0,0.0,0.0,0.0,0.0,0.0,0.0,0.0,0.0,0.0,0.0,0.0,0
579,31,1.0,0,0,0,0,15.0,5.0,0.0,0.0,0.0,1.0,1.5,0.0,0.0,0.0,0.0,0.0,0.0,0.0,0.0,0.0,0.0,0.0,0.0,0.0,0.0,0.0,0.0,0
580,17,2.0,0,0,0,0,15.0,2.0,0.0,0.0,0.0,1.0,0.16,0.0,0.0,0.0,0.0,0.0,0.0,0.0,0.0,0.0,0.0,0.0,0.0,0.0,0.0,0.0,0.0,0
581,31,2.0,0,0,0,0,19.0,2.0,0.0,0.0,0.0,0.0,0.0,0.0,0.0,0.0,0.0,0.0,0.0,0.0,0.0,0.0,0.0,0.0,0.0,0.0,0.0,0.0,0.0,0
582,19,3.0,0,0,0,0,16.0,2.0,0.0,0.0,0.0,0.0,0.0,0.0,0.0,0.0,0.0,0.0,0.0,0.0,0.0,0.0,0.0,0.0,0.0,0.0,0.0,0.0,0.0,0
583,23,2.0,0,0,0,0,16.0,2.0,0.0,0.0,0.0,0.0,0.0,0.0,0.0,0.0,0.0,0.0,0.0,0.0,0.0,0.0,0.0,0.0,0.0,0.0,0.0,0.0,0.0,0
584,28,3.0,0,0,0,0,16.0,3.0,1.0,12.0,6.0,1.0,7.0,0.0,0.0,1.0,1.0,0.0,0.0,0.0,0.0,0.0,0.0,0.0,0.0,0.0,1.0,0.0,0.0,1
585,15,1.0,0,0,0,0,14.0,1.0,0.0,0.0,0.0,0.0,0.0,0.0,0.0,0.0,0.0,0.0,0.0,0.0,0.0,0.0,0.0,0.0,0.0,0.0,0.0,0.0,0.0,0
586,22,1.0,0,0,0,0,16.0,3.0,0.0,0.0,0.0,1.0,1.0,0.0,0.0,0.0,0.0,0.0,0.0,0.0,0.0,0.0,0.0,0.0,0.0,0.0,0.0,0.0,0.0,0
587,21,3.0,0,0,0,1,17.0,0.0,0.0,0.0,0.0,0.0,0.0,0.0,0.0,0.0,0.0,0.0,0.0,0.0,0.0,0.0,0.0,0.0,0.0,0.0,0.0,0.0,0.0,0
588,29,3.0,0,0,0,0,15.0,3.0,0.0,0.0,0.0,0.0,0.0,0.0,0.0,1.0,1.0,0.0,0.0,0.0,0.0,0.0,0.0,0.0,0.0,0.0,1.0,0.0,0.0,1
589,14,1.0,0,0,0,0,14.0,,0.0,0.0,0.0,,,0.0,0.0,0.0,0.0,0.0,0.0,0.0,0.0,0.0,0.0,0.0,0.0,0.0,0.0,0.0,0.0,0
590,27,1.0,0,0,0,0,26.0,1.0,0.0,0.0,0.0,0.0,0.0,0.0,0.0,0.0,0.0,0.0,0.0,0.0,0.0,0.0,0.0,0.0,0.0,0.0,0.0,0.0,0.0,0
591,28,1.0,0,0,0,0,17.0,,0.0,0.0,0.0,,,,,,,,,,,,,,,,,,,0
592,40,3.0,0,0,0,0,18.0,2.0,0.0,0.0,0.0,1.0,15.0,0.0,0.0,0.0,0.0,0.0,0.0,0.0,0.0,0.0,0.0,0.0,0.0,0.0,0.0,0.0,0.0,0
593,19,2.0,1,1,0,1,15.0,3.0,0.0,0.0,0.0,1.0,0.58,0.0,0.0,0.0,0.0,0.0,0.0,0.0,0.0,0.0,0.0,0.0,0.0,0.0,0.0,0.0,0.0,0
594,32,3.0,0,0,0,0,21.0,2.0,0.0,0.0,0.0,1.0,8.0,0.0,0.0,0.0,0.0,0.0,0.0,0.0,0.0,0.0,0.0,0.0,0.0,0.0,0.0,0.0,0.0,0
595,30,,1,1,0,1,13.0,3.0,1.0,22.0,3.3,0.0,0.0,0.0,0.0,1.0,1.0,0.0,0.0,0.0,0.0,0.0,0.0,0.0,0.0,0.0,1.0,0.0,0.0,1
596,20,1.0,0,0,0,0,18.0,1.0,0.0,0.0,0.0,1.0,0.5,0.0,0.0,0.0,0.0,0.0,0.0,0.0,0.0,0.0,0.0,0.0,0.0,0.0,0.0,0.0,0.0,0
597,17,2.0,0,0,0,0,15.0,2.0,0.0,0.0,0.0,0.0,0.0,0.0,0.0,1.0,3.0,1.0,0.0,1.0,1.0,0.0,0.0,0.0,0.0,0.0,0.0,0.0,0.0,1
598,34,1.0,0,0,0,0,26.0,3.0,0.0,0.0,0.0,1.0,2.0,0.0,0.0,0.0,0.0,0.0,0.0,0.0,0.0,0.0,0.0,0.0,0.0,0.0,0.0,0.0,0.0,0
599,34,1.0,0,0,0,0,20.0,1.0,0.0,0.0,0.0,1.0,4.0,0.0,0.0,0.0,0.0,0.0,0.0,0.0,0.0,0.0,0.0,0.0,0.0,0.0,0.0,0.0,0.0,0
600,42,2.0,0,0,0,0,29.0,0.0,0.0,0.0,0.0,1.0,8.0,0.0,0.0,0.0,0.0,0.0,0.0,0.0,0.0,0.0,0.0,0.0,0.0,0.0,0.0,0.0,0.0,0
601,29,1.0,0,0,0,0,29.0,1.0,0.0,0.0,0.0,0.0,0.0,0.0,0.0,0.0,0.0,0.0,0.0,0.0,0.0,0.0,0.0,0.0,0.0,0.0,0.0,0.0,0.0,0
602,27,3.0,0,0,0,0,14.0,2.0,0.0,0.0,0.0,,,,,,,,,,,,,,,,,,,0
603,19,4.0,0,0,0,0,15.0,2.0,0.0,0.0,0.0,1.0,3.0,0.0,0.0,0.0,0.0,0.0,0.0,0.0,0.0,0.0,0.0,0.0,0.0,0.0,0.0,0.0,0.0,0
604,25,2.0,0,0,0,0,16.0,2.0,1.0,8.0,0.16,1.0,3.0,0.0,0.0,0.0,0.0,0.0,0.0,0.0,0.0,0.0,0.0,0.0,0.0,0.0,0.0,0.0,0.0,0
605,23,2.0,0,0,0,0,15.0,0.0,0.0,0.0,0.0,0.0,0.0,0.0,0.0,0.0,0.0,0.0,0.0,0.0,0.0,0.0,0.0,0.0,0.0,0.0,0.0,0.0,0.0,0
606,41,3.0,0,0,0,0,17.0,3.0,0.0,0.0,0.0,1.0,22.0,1.0,0.58,0.0,0.0,0.0,0.0,0.0,0.0,0.0,0.0,0.0,0.0,0.0,0.0,0.0,0.0,0
607,24,2.0,0,0,0,0,18.0,2.0,0.0,0.0,0.0,1.0,0.5,0.0,0.0,0.0,0.0,0.0,0.0,0.0,0.0,0.0,0.0,0.0,0.0,0.0,0.0,0.0,0.0,0
608,30,1.0,0,0,0,0,16.0,2.0,0.0,0.0,0.0,1.0,9.0,0.0,0.0,0.0,0.0,0.0,0.0,0.0,0.0,0.0,0.0,0.0,0.0,0.0,0.0,0.0,0.0,0
609,35,1.0,0,0,0,0,21.0,1.0,0.0,0.0,0.0,1.0,5.0,0.0,0.0,0.0,0.0,0.0,0.0,0.0,0.0,0.0,0.0,0.0,0.0,0.0,0.0,0.0,0.0,0
610,20,3.0,0,0,0,0,18.0,1.0,0.0,0.0,0.0,,,,,,,,,,,,,,,,,,,0
611,29,4.0,0,0,0,0,10.0,5.0,0.0,0.0,0.0,0.0,0.0,0.0,0.0,1.0,1.0,0.0,0.0,0.0,0.0,1.0,0.0,0.0,0.0,0.0,0.0,0.0,0.0,1
612,40,1.0,1,1,0,1,20.0,2.0,0.0,0.0,0.0,1.0,15.0,0.0,0.0,0.0,0.0,0.0,0.0,0.0,0.0,0.0,0.0,0.0,0.0,0.0,0.0,0.0,0.0,0
613,27,4.0,0,0,0,0,16.0,4.0,0.0,0.0,0.0,0.0,0.0,0.0,0.0,1.0,1.0,0.0,0.0,0.0,0.0,0.0,0.0,0.0,1.0,0.0,0.0,0.0,0.0,1
614,26,1.0,0,0,0,0,16.0,2.0,0.0,0.0,0.0,1.0,4.0,0.0,0.0,0.0,0.0,0.0,0.0,0.0,0.0,0.0,0.0,0.0,0.0,0.0,0.0,0.0,0.0,0
615,22,2.0,0,0,0,0,17.0,1.0,,,,,,,,,,,,,,,,,,,,,,0
616,45,1.0,0,0,0,0,19.0,2.0,0.0,0.0,0.0,1.0,6.0,0.0,0.0,0.0,0.0,0.0,0.0,0.0,0.0,0.0,0.0,0.0,0.0,0.0,0.0,0.0,0.0,0
617,28,1.0,0,0,0,0,24.0,2.0,0.0,0.0,0.0,1.0,0.5,0.0,0.0,0.0,0.0,0.0,0.0,0.0,0.0,0.0,0.0,0.0,0.0,0.0,0.0,0.0,0.0,0
618,37,3.0,0,0,0,0,24.0,1.0,1.0,3.0,0.04,0.0,0.0,0.0,0.0,0.0,0.0,0.0,0.0,0.0,0.0,0.0,0.0,0.0,0.0,0.0,0.0,0.0,0.0,0
619,18,1.0,0,0,0,0,18.0,1.0,0.0,0.0,0.0,0.0,0.0,0.0,0.0,0.0,0.0,0.0,0.0,0.0,0.0,0.0,0.0,0.0,0.0,0.0,0.0,0.0,0.0,0
620,41,3.0,0,0,0,0,19.0,2.0,0.0,0.0,0.0,1.0,4.0,1.0,5.0,1.0,2.0,1.0,0.0,0.0,1.0,0.0,0.0,0.0,0.0,0.0,0.0,0.0,0.0,1
621,20,2.0,0,0,0,0,18.0,1.0,1.0,13.0,7.0,0.0,0.0,0.0,0.0,1.0,2.0,0.0,0.0,0.0,0.0,0.0,0.0,0.0,0.0,0.0,1.0,1.0,0.0,1
622,27,3.0,0,0,0,0,15.0,4.0,0.0,0.0,0.0,1.0,6.0,0.0,0.0,0.0,0.0,0.0,0.0,0.0,0.0,0.0,0.0,0.0,0.0,0.0,0.0,0.0,0.0,0
623,21,1.0,0,0,0,0,16.0,3.0,0.0,0.0,0.0,1.0,5.0,0.0,0.0,0.0,0.0,0.0,0.0,0.0,0.0,0.0,0.0,0.0,0.0,0.0,0.0,0.0,0.0,0
624,41,3.0,0,0,0,0,17.0,4.0,0.0,0.0,0.0,1.0,10.0,0.0,0.0,1.0,1.0,0.0,0.0,0.0,0.0,1.0,0.0,0.0,0.0,0.0,0.0,0.0,0.0,1
625,37,3.0,0,0,0,0,17.0,3.0,0.0,0.0,0.0,1.0,3.0,1.0,8.0,0.0,0.0,0.0,0.0,0.0,0.0,0.0,0.0,0.0,0.0,0.0,0.0,0.0,0.0,0
626,21,5.0,0,0,0,0,13.0,3.0,1.0,1.266972909,0.5132021277,1.0,0.75,0.0,0.0,0.0,0.0,0.0,0.0,0.0,0.0,0.0,0.0,0.0,0.0,0.0,0.0,0.0,0.0,0
627,51,3.0,1,1,0,1,17.0,6.0,1.0,34.0,3.4,0.0,0.0,1.0,7.0,0.0,0.0,0.0,0.0,0.0,0.0,0.0,0.0,0.0,0.0,0.0,0.0,0.0,0.0,0
628,30,1.0,0,0,0,0,15.0,3.0,0.0,0.0,0.0,,,,,,,,,,,,,,,,,,,0
629,28,6.0,0,0,0,0,17.0,4.0,0.0,0.0,0.0,0.0,0.0,0.0,0.0,0.0,0.0,0.0,0.0,0.0,0.0,0.0,0.0,0.0,0.0,0.0,0.0,0.0,0.0,0
630,27,1.0,0,0,0,0,17.0,3.0,0.0,0.0,0.0,1.0,8.0,0.0,0.0,0.0,0.0,0.0,0.0,0.0,0.0,0.0,0.0,0.0,0.0,0.0,0.0,0.0,0.0,0
631,35,2.0,0,0,0,0,19.0,3.0,0.0,0.0,0.0,1.0,0.5,0.0,0.0,0.0,0.0,0.0,0.0,0.0,0.0,0.0,0.0,0.0,0.0,0.0,0.0,0.0,0.0,0
632,25,3.0,0,0,0,0,18.0,3.0,0.0,0.0,0.0,0.0,0.0,0.0,0.0,0.0,0.0,0.0,0.0,0.0,0.0,0.0,0.0,0.0,0.0,0.0,0.0,0.0,0.0,0
633,34,1.0,0,0,0,0,15.0,4.0,0.0,0.0,0.0,0.0,0.0,0.0,0.0,0.0,0.0,0.0,0.0,0.0,0.0,0.0,0.0,0.0,0.0,0.0,0.0,0.0,0.0,0
634,17,2.0,0,0,0,0,15.0,2.0,0.0,0.0,0.0,,,,,,,,,,,,,,,,,,,0
635,21,1.0,0,0,0,0,18.0,1.0,0.0,0.0,0.0,1.0,4.0,0.0,0.0,0.0,0.0,0.0,0.0,0.0,0.0,0.0,0.0,0.0,0.0,0.0,0.0,0.0,0.0,0
636,29,3.0,0,0,0,0,17.0,3.0,0.0,0.0,0.0,1.0,10.0,0.0,0.0,0.0,0.0,0.0,0.0,0.0,0.0,0.0,0.0,0.0,0.0,0.0,0.0,0.0,0.0,0
637,40,1.0,0,0,0,0,20.0,7.0,0.0,0.0,0.0,0.0,0.0,0.0,0.0,0.0,0.0,0.0,0.0,0.0,0.0,0.0,0.0,0.0,0.0,0.0,0.0,0.0,0.0,0
638,30,4.0,0,0,0,0,19.0,1.0,0.0,0.0,0.0,0.0,0.0,0.0,0.0,0.0,0.0,0.0,0.0,0.0,0.0,0.0,0.0,0.0,0.0,0.0,0.0,0.0,0.0,0
639,20,4.0,0,0,0,0,17.0,1.0,0.0,0.0,0.0,1.0,0.16,0.0,0.0,0.0,0.0,0.0,0.0,0.0,0.0,0.0,0.0,0.0,0.0,0.0,0.0,0.0,0.0,0
640,14,,0,0,0,0,14.0,1.0,0.0,0.0,0.0,,,,,,,,,,,,,,,,,,,0
641,18,1.0,0,0,0,0,17.0,1.0,0.0,0.0,0.0,0.0,0.0,0.0,0.0,0.0,0.0,0.0,0.0,0.0,0.0,0.0,0.0,0.0,0.0,0.0,0.0,0.0,0.0,0
642,24,1.0,0,1,1,1,23.0,1.0,0.0,0.0,0.0,1.0,0.75,0.0,0.0,1.0,2.0,1.0,0.0,0.0,1.0,0.0,0.0,0.0,0.0,0.0,0.0,0.0,0.0,1
643,29,1.0,0,0,0,0,20.0,2.0,0.0,0.0,0.0,1.0,7.0,0.0,0.0,0.0,0.0,0.0,0.0,0.0,0.0,0.0,0.0,0.0,0.0,0.0,0.0,0.0,0.0,0
644,31,2.0,0,0,0,0,18.0,4.0,0.0,0.0,0.0,1.0,3.0,0.0,0.0,0.0,0.0,0.0,0.0,0.0,0.0,0.0,0.0,0.0,0.0,0.0,0.0,0.0,0.0,0
645,15,2.0,0,0,0,0,14.0,1.0,0.0,0.0,0.0,0.0,0.0,0.0,0.0,0.0,0.0,0.0,0.0,0.0,0.0,0.0,0.0,0.0,0.0,0.0,0.0,0.0,0.0,0
646,21,4.0,0,0,0,0,17.0,3.0,0.0,0.0,0.0,1.0,3.0,0.0,0.0,0.0,0.0,0.0,0.0,0.0,0.0,0.0,0.0,0.0,0.0,0.0,0.0,0.0,0.0,0
647,37,3.0,0,0,0,0,,0.0,0.0,0.0,0.0,1.0,0.25,0.0,0.0,0.0,0.0,0.0,0.0,0.0,0.0,0.0,0.0,0.0,0.0,0.0,0.0,0.0,0.0,0
648,19,1.0,0,0,0,0,15.0,1.0,0.0,0.0,0.0,1.0,4.0,0.0,0.0,0.0,0.0,0.0,0.0,0.0,0.0,0.0,0.0,0.0,0.0,0.0,0.0,0.0,0.0,0
649,35,4.0,0,0,0,0,16.0,4.0,0.0,0.0,0.0,0.0,0.0,0.0,0.0,0.0,0.0,0.0,0.0,0.0,0.0,0.0,0.0,0.0,0.0,0.0,0.0,0.0,0.0,0
650,34,3.0,0,0,0,0,15.0,4.0,0.0,0.0,0.0,1.0,0.66,0.0,0.0,0.0,0.0,0.0,0.0,0.0,0.0,0.0,0.0,0.0,0.0,0.0,0.0,0.0,0.0,0
651,20,3.0,0,0,0,0,18.0,2.0,0.0,0.0,0.0,0.0,0.0,0.0,0.0,0.0,0.0,0.0,0.0,0.0,0.0,0.0,0.0,0.0,0.0,0.0,0.0,0.0,0.0,0
652,24,4.0,0,0,0,0,17.0,1.0,1.0,9.0,2.25,1.0,1.0,0.0,0.0,0.0,0.0,0.0,0.0,0.0,0.0,0.0,0.0,0.0,0.0,0.0,0.0,0.0,0.0,0
653,23,1.0,0,0,0,0,18.0,1.0,0.0,0.0,0.0,,,,,,,,,,,,,,,,,,,0
654,26,4.0,0,0,0,0,16.0,3.0,0.0,0.0,0.0,,,,,,,,,,,,,,,,,,,0
655,34,,0,0,0,0,,3.0,0.0,0.0,0.0,,,,,,,,,,,,,,,,,,,0
656,27,4.0,0,0,0,0,16.0,4.0,0.0,0.0,0.0,,,,,,,,,,,,,,,,,,,0
657,18,2.0,0,0,0,0,16.0,1.0,0.0,0.0,0.0,1.0,0.08,0.0,0.0,0.0,0.0,0.0,0.0,0.0,0.0,0.0,0.0,0.0,0.0,0.0,0.0,0.0,0.0,0
658,41,3.0,0,0,0,0,20.0,,0.0,0.0,0.0,1.0,8.0,0.0,0.0,0.0,0.0,0.0,0.0,0.0,0.0,0.0,0.0,0.0,0.0,0.0,0.0,0.0,0.0,0
659,20,2.0,0,0,0,0,16.0,2.0,0.0,0.0,0.0,0.0,0.0,0.0,0.0,0.0,0.0,0.0,0.0,0.0,0.0,0.0,0.0,0.0,0.0,0.0,0.0,0.0,0.0,0
660,33,1.0,0,0,0,0,32.0,2.0,0.0,0.0,0.0,0.0,0.0,0.0,0.0,0.0,0.0,0.0,0.0,0.0,0.0,0.0,0.0,0.0,0.0,0.0,0.0,0.0,0.0,0
661,27,4.0,0,0,0,0,17.0,1.0,0.0,0.0,0.0,1.0,1.0,0.0,0.0,0.0,0.0,0.0,0.0,0.0,0.0,0.0,0.0,0.0,0.0,0.0,0.0,0.0,0.0,0
662,34,4.0,0,0,0,0,18.0,4.0,1.0,8.0,2.0,0.0,0.0,0.0,0.0,0.0,0.0,0.0,0.0,0.0,0.0,0.0,0.0,0.0,0.0,0.0,0.0,0.0,0.0,0
663,23,4.0,0,0,0,0,18.0,1.0,1.0,4.0,0.5132021277,1.0,2.0,0.0,0.0,0.0,0.0,0.0,0.0,0.0,0.0,0.0,0.0,0.0,0.0,0.0,0.0,0.0,0.0,0
664,31,3.0,0,0,0,0,20.0,1.0,0.0,0.0,0.0,1.0,3.0,0.0,0.0,0.0,0.0,0.0,0.0,0.0,0.0,0.0,0.0,0.0,0.0,0.0,0.0,0.0,0.0,0
665,15,2.0,0,0,0,0,14.0,1.0,0.0,0.0,0.0,1.0,0.16,0.0,0.0,0.0,0.0,0.0,0.0,0.0,0.0,0.0,0.0,0.0,0.0,0.0,0.0,0.0,0.0,0
666,31,2.0,0,0,0,0,17.0,3.0,0.0,0.0,0.0,,,,,,,,,,,,,,,,,,,0
667,29,4.0,0,0,0,0,18.0,3.0,0.0,0.0,0.0,1.0,1.0,0.0,0.0,0.0,0.0,0.0,0.0,0.0,0.0,0.0,0.0,0.0,0.0,0.0,0.0,0.0,0.0,0
668,27,2.0,0,0,0,0,18.0,,0.0,0.0,0.0,0.0,0.0,1.0,2.0,0.0,0.0,0.0,0.0,0.0,0.0,0.0,0.0,0.0,0.0,0.0,0.0,0.0,0.0,0
669,19,4.0,0,0,0,0,15.0,1.0,0.0,0.0,0.0,1.0,0.42,0.0,0.0,0.0,0.0,0.0,0.0,0.0,0.0,0.0,0.0,0.0,0.0,0.0,0.0,0.0,0.0,0
670,23,1.0,0,0,0,0,18.0,5.0,0.0,0.0,0.0,1.0,0.25,0.0,0.0,0.0,0.0,0.0,0.0,0.0,0.0,0.0,0.0,0.0,0.0,0.0,0.0,0.0,0.0,0
671,23,2.0,0,0,0,0,15.0,2.0,0.0,0.0,0.0,0.0,0.0,0.0,0.0,0.0,0.0,0.0,0.0,0.0,0.0,0.0,0.0,0.0,0.0,0.0,0.0,0.0,0.0,0
672,23,3.0,0,0,0,0,15.0,1.0,1.0,5.0,0.75,,,,,,,,,,,,,,,,,,,0
673,39,1.0,0,0,0,0,24.0,4.0,0.0,0.0,0.0,0.0,0.0,0.0,0.0,0.0,0.0,0.0,0.0,0.0,0.0,0.0,0.0,0.0,0.0,0.0,0.0,0.0,0.0,0
674,18,,0,0,0,0,16.0,2.0,0.0,0.0,0.0,,,,,,,,,,,,,,,,,,,0
675,31,3.0,0,0,0,0,15.0,3.0,1.0,16.0,0.8,0.0,0.0,1.0,11.0,0.0,0.0,0.0,0.0,0.0,0.0,0.0,0.0,0.0,0.0,0.0,0.0,0.0,0.0,0
676,26,3.0,0,0,0,0,15.0,5.0,0.0,0.0,0.0,0.0,0.0,1.0,6.0,0.0,0.0,0.0,0.0,0.0,0.0,0.0,0.0,0.0,0.0,0.0,0.0,0.0,0.0,0
677,35,5.0,1,1,1,1,11.0,,1.0,15.0,15.0,1.0,14.0,0.0,0.0,0.0,0.0,0.0,0.0,0.0,0.0,0.0,0.0,0.0,0.0,0.0,0.0,0.0,0.0,0
678,15,2.0,0,0,0,0,14.0,1.0,0.0,0.0,0.0,0.0,0.0,0.0,0.0,0.0,0.0,0.0,0.0,0.0,0.0,0.0,0.0,0.0,0.0,0.0,0.0,0.0,0.0,0
679,30,4.0,0,0,0,0,16.0,2.0,0.0,0.0,0.0,1.0,13.0,0.0,0.0,0.0,0.0,0.0,0.0,0.0,0.0,0.0,0.0,0.0,0.0,0.0,0.0,0.0,0.0,0
680,24,1.0,0,0,0,0,20.0,2.0,0.0,0.0,0.0,1.0,3.0,0.0,0.0,0.0,0.0,0.0,0.0,0.0,0.0,0.0,0.0,0.0,0.0,0.0,0.0,0.0,0.0,0
681,34,1.0,0,0,0,0,,0.0,0.0,0.0,0.0,0.0,0.0,0.0,0.0,0.0,0.0,0.0,0.0,0.0,0.0,0.0,0.0,0.0,0.0,0.0,0.0,0.0,0.0,0
682,18,3.0,0,0,0,0,15.0,2.0,0.0,0.0,0.0,0.0,0.0,0.0,0.0,0.0,0.0,0.0,0.0,0.0,0.0,0.0,0.0,0.0,0.0,0.0,0.0,0.0,0.0,0
683,24,2.0,0,0,0,0,19.0,1.0,0.0,0.0,0.0,1.0,6.0,0.0,0.0,0.0,0.0,0.0,0.0,0.0,0.0,0.0,0.0,0.0,0.0,0.0,0.0,0.0,0.0,0
684,36,4.0,0,0,0,0,17.0,3.0,0.0,0.0,0.0,1.0,15.0,0.0,0.0,0.0,0.0,0.0,0.0,0.0,0.0,0.0,0.0,0.0,0.0,0.0,0.0,0.0,0.0,0
685,35,3.0,0,0,0,0,14.0,6.0,1.0,15.0,3.0,1.0,8.0,0.0,0.0,0.0,0.0,0.0,0.0,0.0,0.0,0.0,0.0,0.0,0.0,0.0,0.0,0.0,0.0,0
686,17,3.0,0,0,0,0,14.0,1.0,0.0,0.0,0.0,0.0,0.0,0.0,0.0,0.0,0.0,0.0,0.0,0.0,0.0,0.0,0.0,0.0,0.0,0.0,0.0,0.0,0.0,0
687,35,5.0,0,0,0,0,23.0,2.0,0.0,0.0,0.0,1.0,0.33,0.0,0.0,0.0,0.0,0.0,0.0,0.0,0.0,0.0,0.0,0.0,0.0,0.0,0.0,0.0,0.0,0
688,19,2.0,0,0,0,0,15.0,2.0,0.0,0.0,0.0,1.0,0.5,0.0,0.0,0.0,0.0,0.0,0.0,0.0,0.0,0.0,0.0,0.0,0.0,0.0,0.0,0.0,0.0,0
689,33,3.0,0,0,0,0,17.0,3.0,0.0,0.0,0.0,,,,,,,,,,,,,,,,,,,0
690,38,2.0,0,1,0,0,15.0,2.0,0.0,0.0,0.0,1.0,0.5,1.0,19.0,0.0,0.0,0.0,0.0,0.0,0.0,0.0,0.0,0.0,0.0,0.0,0.0,0.0,0.0,0
691,38,3.0,0,1,1,1,18.0,4.0,0.0,0.0,0.0,1.0,10.0,1.0,2.0,0.0,0.0,0.0,0.0,0.0,0.0,0.0,0.0,0.0,0.0,0.0,0.0,0.0,0.0,0
692,30,2.0,0,0,0,0,17.0,1.0,0.0,0.0,0.0,1.0,1.0,0.0,0.0,0.0,0.0,0.0,0.0,0.0,0.0,0.0,0.0,0.0,0.0,0.0,0.0,0.0,0.0,0
693,36,2.0,0,0,0,0,15.0,3.0,0.0,0.0,0.0,0.0,0.0,0.0,0.0,1.0,1.0,0.0,0.0,0.0,0.0,1.0,0.0,0.0,0.0,0.0,0.0,0.0,0.0,1
694,32,3.0,0,0,0,0,18.0,2.0,0.0,0.0,0.0,1.0,8.0,0.0,0.0,0.0,0.0,0.0,0.0,0.0,0.0,0.0,0.0,0.0,0.0,0.0,0.0,0.0,0.0,0
695,21,1.0,0,0,0,0,17.0,1.0,0.0,0.0,0.0,1.0,1.0,0.0,0.0,0.0,0.0,0.0,0.0,0.0,0.0,0.0,0.0,0.0,0.0,0.0,0.0,0.0,0.0,0
696,30,1.0,0,0,0,0,22.0,2.0,0.0,0.0,0.0,1.0,0.16,0.0,0.0,0.0,0.0,0.0,0.0,0.0,0.0,0.0,0.0,0.0,0.0,0.0,0.0,0.0,0.0,0
697,36,1.0,0,0,0,0,13.0,6.0,0.0,0.0,0.0,,,,,,,,,,,,,,,,,,,0
698,17,1.0,0,0,0,0,16.0,,0.0,0.0,0.0,1.0,0.25,0.0,0.0,0.0,0.0,0.0,0.0,0.0,0.0,0.0,0.0,0.0,0.0,0.0,0.0,0.0,0.0,0
699,27,2.0,0,0,0,0,18.0,2.0,0.0,0.0,0.0,0.0,0.0,0.0,0.0,0.0,0.0,0.0,0.0,0.0,0.0,0.0,0.0,0.0,0.0,0.0,0.0,0.0,0.0,0
700,29,2.0,0,0,0,0,17.0,,0.0,0.0,0.0,,,,,,,,,,,,,,,,,,,0
701,29,2.0,0,0,0,0,20.0,1.0,0.0,0.0,0.0,1.0,0.5,0.0,0.0,0.0,0.0,0.0,0.0,0.0,0.0,0.0,0.0,0.0,0.0,0.0,0.0,0.0,0.0,0
702,28,2.0,0,0,0,0,15.0,3.0,0.0,0.0,0.0,1.0,5.0,1.0,1.5,0.0,0.0,0.0,0.0,0.0,0.0,0.0,0.0,0.0,0.0,0.0,0.0,0.0,0.0,0
703,18,4.0,0,0,0,0,15.0,1.0,0.0,0.0,0.0,0.0,0.0,0.0,0.0,0.0,0.0,0.0,0.0,0.0,0.0,0.0,0.0,0.0,0.0,0.0,0.0,0.0,0.0,0
704,23,,0,0,0,0,17.0,,0.0,0.0,0.0,,,,,,,,,,,,,,,,,,,0
705,18,1.0,0,0,0,0,18.0,1.0,0.0,0.0,0.0,0.0,0.0,0.0,0.0,0.0,0.0,0.0,0.0,0.0,0.0,0.0,0.0,0.0,0.0,0.0,0.0,0.0,0.0,0
706,28,3.0,0,0,0,0,18.0,3.0,0.0,0.0,0.0,0.0,0.0,0.0,0.0,0.0,0.0,0.0,0.0,0.0,0.0,0.0,0.0,0.0,0.0,0.0,0.0,0.0,0.0,0
707,25,2.0,0,0,0,0,20.0,1.0,0.0,0.0,0.0,1.0,2.5,0.0,0.0,0.0,0.0,0.0,0.0,0.0,0.0,0.0,0.0,0.0,0.0,0.0,0.0,0.0,0.0,0
708,17,1.0,0,0,0,0,17.0,1.0,0.0,0.0,0.0,0.0,0.0,0.0,0.0,0.0,0.0,0.0,0.0,0.0,0.0,0.0,0.0,0.0,0.0,0.0,0.0,0.0,0.0,0
709,39,2.0,0,0,0,0,18.0,2.0,0.0,0.0,0.0,1.0,3.0,0.0,0.0,0.0,0.0,0.0,0.0,0.0,0.0,0.0,0.0,0.0,0.0,0.0,0.0,0.0,0.0,0
710,40,2.0,0,1,0,0,17.0,3.0,0.0,0.0,0.0,1.0,19.0,0.0,0.0,0.0,0.0,0.0,0.0,0.0,0.0,0.0,0.0,0.0,0.0,0.0,0.0,0.0,0.0,0
711,29,3.0,0,0,0,0,17.0,,0.0,0.0,0.0,1.0,4.5,0.0,0.0,0.0,0.0,0.0,0.0,0.0,0.0,0.0,0.0,0.0,0.0,0.0,0.0,0.0,0.0,0
712,28,3.0,0,0,0,0,18.0,2.0,0.0,0.0,0.0,1.0,6.0,0.0,0.0,0.0,0.0,0.0,0.0,0.0,0.0,0.0,0.0,0.0,0.0,0.0,0.0,0.0,0.0,0
713,28,1.0,0,0,0,0,19.0,2.0,0.0,0.0,0.0,,,,,,,,,,,,,,,,,,,0
714,29,3.0,1,1,0,1,17.0,3.0,1.0,10.0,2.0,1.0,6.0,0.0,0.0,0.0,0.0,0.0,0.0,0.0,0.0,0.0,0.0,0.0,0.0,0.0,0.0,0.0,0.0,0
715,24,2.0,0,0,0,0,17.0,2.0,0.0,0.0,0.0,,,,,,,,,,,,,,,,,,,0
716,22,2.0,0,0,0,0,14.0,3.0,0.0,0.0,0.0,1.0,7.0,0.0,0.0,0.0,0.0,0.0,0.0,0.0,0.0,0.0,0.0,0.0,0.0,0.0,0.0,0.0,0.0,0
717,34,3.0,0,0,0,0,16.0,2.0,0.0,0.0,0.0,1.0,1.0,1.0,5.0,0.0,0.0,0.0,0.0,0.0,0.0,0.0,0.0,0.0,0.0,0.0,0.0,0.0,0.0,0
718,45,5.0,0,0,0,0,15.0,7.0,0.0,0.0,0.0,1.0,0.66,0.0,0.0,0.0,0.0,0.0,0.0,0.0,0.0,0.0,0.0,0.0,0.0,0.0,0.0,0.0,0.0,0
719,31,,0,0,0,0,18.0,2.0,0.0,0.0,0.0,0.0,0.0,0.0,0.0,0.0,0.0,0.0,0.0,0.0,0.0,0.0,0.0,0.0,0.0,0.0,0.0,0.0,0.0,0
720,26,2.0,0,0,0,0,17.0,2.0,1.0,1.266972909,0.5132021277,1.0,4.0,0.0,0.0,0.0,0.0,0.0,0.0,0.0,0.0,0.0,0.0,0.0,0.0,0.0,0.0,0.0,0.0,0
721,33,1.0,0,1,1,1,29.0,2.0,0.0,0.0,0.0,1.0,0.5,0.0,0.0,0.0,0.0,0.0,0.0,0.0,0.0,0.0,0.0,0.0,0.0,0.0,0.0,0.0,0.0,0
722,39,5.0,0,0,0,0,23.0,2.0,0.0,0.0,0.0,0.0,0.0,1.0,1.0,0.0,0.0,0.0,0.0,0.0,0.0,0.0,0.0,0.0,0.0,0.0,0.0,0.0,0.0,0
723,21,2.0,0,0,0,0,15.0,1.0,1.0,1.266972909,0.05,1.0,0.33,0.0,0.0,0.0,0.0,0.0,0.0,0.0,0.0,0.0,0.0,0.0,0.0,0.0,0.0,0.0,0.0,0
724,31,4.0,0,0,0,0,15.0,4.0,0.0,0.0,0.0,1.0,1.0,0.0,0.0,0.0,0.0,0.0,0.0,0.0,0.0,0.0,0.0,0.0,0.0,0.0,0.0,0.0,0.0,0
725,36,1.0,0,0,0,0,17.0,4.0,0.0,0.0,0.0,1.0,0.25,1.0,5.0,0.0,0.0,0.0,0.0,0.0,0.0,0.0,0.0,0.0,0.0,0.0,0.0,0.0,0.0,0
726,20,3.0,0,0,0,0,17.0,1.0,1.0,1.0,0.1,1.0,3.0,0.0,0.0,0.0,0.0,0.0,0.0,0.0,0.0,0.0,0.0,0.0,0.0,0.0,0.0,0.0,0.0,0
727,36,3.0,0,0,0,0,20.0,2.0,0.0,0.0,0.0,1.0,6.0,0.0,0.0,1.0,1.0,0.0,0.0,0.0,0.0,0.0,0.0,0.0,0.0,0.0,0.0,0.0,1.0,1
728,34,5.0,0,0,0,0,14.0,5.0,0.0,0.0,0.0,1.0,1.0,1.0,2.0,0.0,0.0,0.0,0.0,0.0,0.0,0.0,0.0,0.0,0.0,0.0,0.0,0.0,0.0,0
729,30,3.0,0,0,0,0,15.0,0.0,1.0,16.0,8.0,0.0,0.0,0.0,0.0,0.0,0.0,0.0,0.0,0.0,0.0,0.0,0.0,0.0,0.0,0.0,0.0,0.0,0.0,0
730,36,3.0,0,0,0,0,15.0,4.0,0.0,0.0,0.0,1.0,0.25,1.0,1.0,0.0,0.0,0.0,0.0,0.0,0.0,0.0,0.0,0.0,0.0,0.0,0.0,0.0,0.0,0
731,32,4.0,0,0,0,0,17.0,2.0,0.0,0.0,0.0,1.0,0.16,0.0,0.0,0.0,0.0,0.0,0.0,0.0,0.0,0.0,0.0,0.0,0.0,0.0,0.0,0.0,0.0,0
732,23,2.0,0,0,0,0,15.0,3.0,0.0,0.0,0.0,1.0,5.0,0.0,0.0,0.0,0.0,0.0,0.0,0.0,0.0,0.0,0.0,0.0,0.0,0.0,0.0,0.0,0.0,0
733,15,2.0,0,0,0,0,13.0,1.0,0.0,0.0,0.0,,,,,,,,,,,,,,,,,,,0
734,21,2.0,1,1,0,1,18.0,3.0,0.0,0.0,0.0,0.0,0.0,1.0,3.0,0.0,0.0,0.0,0.0,0.0,0.0,0.0,0.0,0.0,0.0,0.0,0.0,0.0,0.0,0
735,35,3.0,0,0,0,0,18.0,3.0,0.0,0.0,0.0,1.0,5.0,0.0,0.0,0.0,0.0,0.0,0.0,0.0,0.0,0.0,0.0,0.0,0.0,0.0,0.0,0.0,0.0,0
736,30,3.0,0,0,0,0,19.0,2.0,0.0,0.0,0.0,1.0,5.0,1.0,5.0,1.0,1.0,0.0,0.0,0.0,0.0,0.0,0.0,0.0,0.0,0.0,1.0,0.0,0.0,1
737,22,2.0,0,0,0,0,17.0,3.0,0.0,0.0,0.0,,,,,,,,,,,,,,,,,,,0
738,41,4.0,0,0,0,0,21.0,3.0,0.0,0.0,0.0,1.0,0.25,0.0,0.0,0.0,0.0,0.0,0.0,0.0,0.0,0.0,0.0,0.0,0.0,0.0,0.0,0.0,0.0,0
739,28,2.0,0,0,0,0,20.0,2.0,0.0,0.0,0.0,1.0,1.0,0.0,0.0,0.0,0.0,0.0,0.0,0.0,0.0,0.0,0.0,0.0,0.0,0.0,0.0,0.0,0.0,0
740,26,3.0,0,0,0,0,18.0,2.0,0.0,0.0,0.0,1.0,1.0,0.0,0.0,0.0,0.0,0.0,0.0,0.0,0.0,0.0,0.0,0.0,0.0,0.0,0.0,0.0,0.0,0
741,21,1.0,0,0,0,0,20.0,1.0,0.0,0.0,0.0,0.0,0.0,0.0,0.0,0.0,0.0,0.0,0.0,0.0,0.0,0.0,0.0,0.0,0.0,0.0,0.0,0.0,0.0,0
742,23,5.0,0,0,0,0,16.0,1.0,0.0,0.0,0.0,1.0,0.25,0.0,0.0,0.0,0.0,0.0,0.0,0.0,0.0,0.0,0.0,0.0,0.0,0.0,0.0,0.0,0.0,0
743,36,3.0,0,0,0,0,16.0,3.0,1.0,6.0,0.3,1.0,2.0,0.0,0.0,0.0,0.0,0.0,0.0,0.0,0.0,0.0,0.0,0.0,0.0,0.0,0.0,0.0,0.0,0
744,17,3.0,0,0,0,0,16.0,1.0,0.0,0.0,0.0,1.0,0.25,0.0,0.0,1.0,1.0,0.0,0.0,0.0,0.0,1.0,0.0,0.0,0.0,0.0,0.0,0.0,0.0,1
745,21,1.0,0,0,0,0,17.0,1.0,0.0,0.0,0.0,1.0,4.0,0.0,0.0,1.0,2.0,1.0,0.0,0.0,1.0,0.0,0.0,0.0,0.0,0.0,0.0,0.0,0.0,0
746,20,3.0,0,0,0,0,15.0,2.0,1.0,3.0,3.0,0.0,0.0,0.0,0.0,0.0,0.0,0.0,0.0,0.0,0.0,0.0,0.0,0.0,0.0,0.0,0.0,0.0,0.0,0
747,41,3.0,0,0,0,0,18.0,4.0,0.0,0.0,0.0,1.0,1.0,0.0,0.0,0.0,0.0,0.0,0.0,0.0,0.0,0.0,0.0,0.0,0.0,0.0,0.0,0.0,0.0,0
748,19,3.0,0,0,0,0,15.0,2.0,0.0,0.0,0.0,0.0,0.0,0.0,0.0,0.0,0.0,0.0,0.0,0.0,0.0,0.0,0.0,0.0,0.0,0.0,0.0,0.0,0.0,0
749,45,2.0,0,0,0,0,17.0,,0.0,0.0,0.0,1.0,6.0,1.0,5.0,0.0,0.0,0.0,0.0,0.0,0.0,0.0,0.0,0.0,0.0,0.0,0.0,0.0,0.0,0
750,15,4.0,0,0,0,0,12.0,1.0,0.0,0.0,0.0,1.0,1.0,0.0,0.0,0.0,0.0,0.0,0.0,0.0,0.0,0.0,0.0,0.0,0.0,0.0,0.0,0.0,0.0,0
751,23,1.0,0,0,0,0,15.0,2.0,0.0,0.0,0.0,0.0,0.0,0.0,0.0,0.0,0.0,0.0,0.0,0.0,0.0,0.0,0.0,0.0,0.0,0.0,0.0,0.0,0.0,0
752,19,2.0,0,0,0,0,15.0,1.0,0.0,0.0,0.0,1.0,0.25,0.0,0.0,0.0,0.0,0.0,0.0,0.0,0.0,0.0,0.0,0.0,0.0,0.0,0.0,0.0,0.0,0
753,20,1.0,0,0,0,0,17.0,,0.0,0.0,0.0,1.0,1.0,0.0,0.0,0.0,0.0,0.0,0.0,0.0,0.0,0.0,0.0,0.0,0.0,0.0,0.0,0.0,0.0,0
754,16,2.0,0,0,0,0,15.0,1.0,0.0,0.0,0.0,0.0,0.0,0.0,0.0,0.0,0.0,0.0,0.0,0.0,0.0,0.0,0.0,0.0,0.0,0.0,0.0,0.0,0.0,0
755,16,2.0,0,0,0,0,15.0,1.0,1.0,1.0,0.2,1.0,0.08,0.0,0.0,0.0,0.0,0.0,0.0,0.0,0.0,0.0,0.0,0.0,0.0,0.0,0.0,0.0,0.0,0
756,22,3.0,1,1,1,1,15.0,1.0,0.0,0.0,0.0,1.0,1.0,0.0,0.0,0.0,0.0,0.0,0.0,0.0,0.0,0.0,0.0,0.0,0.0,0.0,0.0,0.0,0.0,0
757,40,3.0,0,0,0,0,17.0,2.0,0.0,0.0,0.0,1.0,20.0,1.0,4.0,0.0,0.0,0.0,0.0,0.0,0.0,0.0,0.0,0.0,0.0,0.0,0.0,0.0,0.0,0
758,26,2.0,0,0,0,0,15.0,2.0,0.0,0.0,0.0,,,,,,,,,,,,,,,,,,,0
759,26,3.0,1,1,1,0,19.0,2.0,0.0,0.0,0.0,1.0,5.0,0.0,0.0,0.0,0.0,0.0,0.0,0.0,0.0,0.0,0.0,0.0,0.0,0.0,0.0,0.0,0.0,0
760,34,2.0,0,1,0,1,17.0,3.0,0.0,0.0,0.0,1.0,9.0,1.0,6.0,0.0,0.0,0.0,0.0,0.0,0.0,0.0,0.0,0.0,0.0,0.0,0.0,0.0,0.0,0
761,30,3.0,0,0,0,0,14.0,3.0,0.0,0.0,0.0,1.0,2.0,0.0,0.0,0.0,0.0,0.0,0.0,0.0,0.0,0.0,0.0,0.0,0.0,0.0,0.0,0.0,0.0,0
762,30,1.0,0,0,0,0,23.0,1.0,0.0,0.0,0.0,1.0,0.08,0.0,0.0,0.0,0.0,0.0,0.0,0.0,0.0,0.0,0.0,0.0,0.0,0.0,0.0,0.0,0.0,0
763,44,3.0,0,0,0,0,26.0,4.0,0.0,0.0,0.0,1.0,2.0,0.0,0.0,0.0,0.0,0.0,0.0,0.0,0.0,0.0,0.0,0.0,0.0,0.0,0.0,0.0,0.0,0
764,37,3.0,0,0,0,0,16.0,5.0,0.0,0.0,0.0,1.0,4.0,1.0,0.33,0.0,0.0,0.0,0.0,0.0,0.0,0.0,0.0,0.0,0.0,0.0,0.0,0.0,0.0,0
765,33,3.0,0,0,0,0,15.0,4.0,0.0,0.0,0.0,1.0,0.08,0.0,0.0,0.0,0.0,0.0,0.0,0.0,0.0,0.0,0.0,0.0,0.0,0.0,0.0,0.0,0.0,0
766,34,1.0,0,0,0,0,,1.0,0.0,0.0,0.0,0.0,0.0,0.0,0.0,0.0,0.0,0.0,0.0,0.0,0.0,0.0,0.0,0.0,0.0,0.0,0.0,0.0,0.0,0
767,29,2.0,0,0,0,0,14.0,4.0,0.0,0.0,0.0,0.0,0.0,1.0,6.0,0.0,0.0,0.0,0.0,0.0,0.0,0.0,0.0,0.0,0.0,0.0,0.0,0.0,0.0,0
768,25,2.0,0,0,0,0,18.0,2.0,0.0,0.0,0.0,1.0,7.0,0.0,0.0,0.0,0.0,0.0,0.0,0.0,0.0,0.0,0.0,0.0,0.0,0.0,0.0,0.0,0.0,0
769,17,2.0,0,0,0,0,15.0,1.0,0.0,0.0,0.0,1.0,0.33,0.0,0.0,0.0,0.0,0.0,0.0,0.0,0.0,0.0,0.0,0.0,0.0,0.0,0.0,0.0,0.0,0
770,15,3.0,0,0,0,0,14.0,1.0,0.0,0.0,0.0,1.0,1.0,0.0,0.0,0.0,0.0,0.0,0.0,0.0,0.0,0.0,0.0,0.0,0.0,0.0,0.0,0.0,0.0,0
771,27,3.0,0,0,0,0,15.0,2.0,0.0,0.0,0.0,0.0,0.0,1.0,8.0,0.0,0.0,0.0,0.0,0.0,0.0,0.0,0.0,0.0,0.0,0.0,0.0,0.0,0.0,0
772,43,2.0,0,0,0,0,18.0,5.0,0.0,0.0,0.0,0.0,0.0,1.0,8.0,0.0,0.0,0.0,0.0,0.0,0.0,0.0,0.0,0.0,0.0,0.0,0.0,0.0,0.0,0
773,28,6.0,0,0,0,0,15.0,3.0,0.0,0.0,0.0,,,,,,,,,,,,,,,,,,,0
774,23,5.0,0,0,0,0,15.0,1.0,1.0,8.0,4.0,1.0,8.0,0.0,0.0,0.0,0.0,0.0,0.0,0.0,0.0,0.0,0.0,0.0,0.0,0.0,0.0,0.0,0.0,0
775,38,2.0,0,0,0,0,19.0,2.0,0.0,0.0,0.0,0.0,0.0,0.0,0.0,0.0,0.0,0.0,0.0,0.0,0.0,0.0,0.0,0.0,0.0,0.0,0.0,0.0,0.0,0
776,25,5.0,0,0,0,0,15.0,4.0,0.0,0.0,0.0,1.0,3.0,1.0,2.0,0.0,0.0,0.0,0.0,0.0,0.0,0.0,0.0,0.0,0.0,0.0,0.0,0.0,0.0,0
777,23,1.0,0,0,0,0,19.0,1.0,0.0,0.0,0.0,0.0,0.0,0.0,0.0,0.0,0.0,0.0,0.0,0.0,0.0,0.0,0.0,0.0,0.0,0.0,0.0,0.0,0.0,0
778,20,1.0,0,0,0,1,19.0,1.0,0.0,0.0,0.0,1.0,0.25,0.0,0.0,1.0,1.0,0.0,0.0,0.0,0.0,0.0,0.0,1.0,0.0,0.0,0.0,0.0,0.0,1
779,25,,0,0,0,0,16.0,3.0,0.0,0.0,0.0,,,,,,,,,,,,,,,,,,,0
780,30,1.0,0,0,0,0,16.0,,0.0,0.0,0.0,1.0,2.0,0.0,0.0,0.0,0.0,0.0,0.0,0.0,0.0,0.0,0.0,0.0,0.0,0.0,0.0,0.0,0.0,0
781,26,7.0,0,0,0,0,17.0,2.0,0.0,0.0,0.0,0.0,0.0,0.0,0.0,0.0,0.0,0.0,0.0,0.0,0.0,0.0,0.0,0.0,0.0,0.0,0.0,0.0,0.0,0
782,25,5.0,0,0,0,0,15.0,4.0,0.0,0.0,0.0,1.0,3.0,0.0,0.0,0.0,0.0,0.0,0.0,0.0,0.0,0.0,0.0,0.0,0.0,0.0,0.0,0.0,0.0,0
783,23,1.0,0,0,0,0,17.0,1.0,0.0,0.0,0.0,1.0,7.0,0.0,0.0,1.0,2.0,1.0,0.0,0.0,1.0,0.0,0.0,0.0,0.0,0.0,0.0,0.0,0.0,1
784,20,1.0,0,0,0,0,15.0,1.0,1.0,2.0,0.2,,,,,,,,,,,,,,,,,,,0
785,32,2.0,0,0,0,0,21.0,2.0,0.0,0.0,0.0,0.0,0.0,0.0,0.0,0.0,0.0,0.0,0.0,0.0,0.0,0.0,0.0,0.0,0.0,0.0,0.0,0.0,0.0,0
786,16,1.0,0,0,0,0,14.0,1.0,0.0,0.0,0.0,0.0,0.0,0.0,0.0,0.0,0.0,0.0,0.0,0.0,0.0,0.0,0.0,0.0,0.0,0.0,0.0,0.0,0.0,0
787,25,5.0,0,0,0,0,16.0,1.0,0.0,0.0,0.0,0.0,0.0,0.0,0.0,0.0,0.0,0.0,0.0,0.0,0.0,0.0,0.0,0.0,0.0,0.0,0.0,0.0,0.0,0
788,33,3.0,0,0,0,0,18.0,2.0,0.0,0.0,0.0,1.0,9.0,0.0,0.0,0.0,0.0,0.0,0.0,0.0,0.0,0.0,0.0,0.0,0.0,0.0,0.0,0.0,0.0,0
789,26,2.0,0,0,0,0,15.0,2.0,0.0,0.0,0.0,1.0,1.0,1.0,8.0,0.0,0.0,0.0,0.0,0.0,0.0,0.0,0.0,0.0,0.0,0.0,0.0,0.0,0.0,0
790,15,4.0,0,0,1,0,14.0,1.0,1.0,1.0,0.1,1.0,0.08,0.0,0.0,0.0,0.0,0.0,0.0,0.0,0.0,0.0,0.0,0.0,0.0,0.0,0.0,0.0,0.0,0
791,21,2.0,0,0,0,0,15.0,1.0,0.0,0.0,0.0,0.0,0.0,0.0,0.0,0.0,0.0,0.0,0.0,0.0,0.0,0.0,0.0,0.0,0.0,0.0,0.0,0.0,0.0,0
792,27,2.0,0,0,0,0,15.0,3.0,0.0,0.0,0.0,1.0,6.0,0.0,0.0,0.0,0.0,0.0,0.0,0.0,0.0,0.0,0.0,0.0,0.0,0.0,0.0,0.0,0.0,0
793,24,3.0,0,0,0,0,17.0,2.0,0.0,0.0,0.0,,,,,,,,,,,,,,,,,,,0
794,18,3.0,0,0,0,0,15.0,1.0,1.0,2.0,0.003,1.0,0.58,0.0,0.0,0.0,0.0,0.0,0.0,0.0,0.0,0.0,0.0,0.0,0.0,0.0,0.0,0.0,0.0,0
795,18,1.0,0,0,0,0,15.0,,0.0,0.0,0.0,1.0,0.42,0.0,0.0,0.0,0.0,0.0,0.0,0.0,0.0,0.0,0.0,0.0,0.0,0.0,0.0,0.0,0.0,0
796,19,1.0,0,0,0,0,13.0,,0.0,0.0,0.0,1.0,0.75,0.0,0.0,0.0,0.0,0.0,0.0,0.0,0.0,0.0,0.0,0.0,0.0,0.0,0.0,0.0,0.0,0
797,28,2.0,0,0,0,0,18.0,6.0,0.0,0.0,0.0,1.0,5.0,0.0,0.0,0.0,0.0,0.0,0.0,0.0,0.0,0.0,0.0,0.0,0.0,0.0,0.0,0.0,0.0,0
798,34,2.0,0,0,0,0,21.0,1.0,0.0,0.0,0.0,0.0,0.0,0.0,0.0,1.0,1.0,0.0,0.0,0.0,0.0,0.0,0.0,0.0,0.0,0.0,1.0,0.0,0.0,1
799,19,3.0,0,0,0,0,16.0,1.0,0.0,0.0,0.0,,,,,,,,,,,,,,,,,,,0
800,19,4.0,0,0,0,0,15.0,1.0,0.0,0.0,0.0,0.0,0.0,0.0,0.0,0.0,0.0,0.0,0.0,0.0,0.0,0.0,0.0,0.0,0.0,0.0,0.0,0.0,0.0,0
801,18,2.0,0,0,0,0,16.0,1.0,,,,0.0,0.0,0.0,0.0,1.0,3.0,1.0,0.0,0.0,1.0,0.0,0.0,0.0,0.0,0.0,1.0,0.0,0.0,2
802,23,3.0,0,0,0,0,17.0,1.0,0.0,0.0,0.0,1.0,1.0,0.0,0.0,0.0,0.0,0.0,0.0,0.0,0.0,0.0,0.0,0.0,0.0,0.0,0.0,0.0,0.0,0
803,21,1.0,0,0,0,0,20.0,1.0,0.0,0.0,0.0,0.0,0.0,0.0,0.0,0.0,0.0,0.0,0.0,0.0,0.0,0.0,0.0,0.0,0.0,0.0,0.0,0.0,0.0,0
804,50,2.0,0,0,0,0,17.0,7.0,0.0,0.0,0.0,1.0,5.0,0.0,0.0,0.0,0.0,0.0,0.0,0.0,0.0,0.0,0.0,0.0,0.0,0.0,0.0,0.0,0.0,0
805,32,2.0,0,0,0,0,18.0,2.0,0.0,0.0,0.0,1.0,2.0,1.0,1.0,0.0,0.0,0.0,0.0,0.0,0.0,0.0,0.0,0.0,0.0,0.0,0.0,0.0,0.0,0
806,26,2.0,0,0,0,0,20.0,1.0,0.0,0.0,0.0,0.0,0.0,0.0,0.0,0.0,0.0,0.0,0.0,0.0,0.0,0.0,0.0,0.0,0.0,0.0,0.0,0.0,0.0,0
807,28,2.0,0,0,0,0,17.0,2.0,0.0,0.0,0.0,1.0,7.0,0.0,0.0,0.0,0.0,0.0,0.0,0.0,0.0,0.0,0.0,0.0,0.0,0.0,0.0,0.0,0.0,0
808,23,1.0,0,0,0,0,19.0,2.0,0.0,0.0,0.0,,,,,,,,,,,,,,,,,,,0
809,34,2.0,0,0,0,0,16.0,3.0,0.0,0.0,0.0,,,,,,,,,,,,,,,,,,,0
810,19,1.0,0,0,0,0,17.0,1.0,0.0,0.0,0.0,1.0,1.0,0.0,0.0,0.0,0.0,0.0,0.0,0.0,0.0,0.0,0.0,0.0,0.0,0.0,0.0,0.0,0.0,0
811,32,1.0,0,0,0,0,22.0,2.0,0.0,0.0,0.0,1.0,7.0,0.0,0.0,0.0,0.0,0.0,0.0,0.0,0.0,0.0,0.0,0.0,0.0,0.0,0.0,0.0,0.0,0
812,18,7.0,0,0,0,0,16.0,1.0,1.0,5.0,5.0,1.0,2.0,0.0,0.0,1.0,2.0,1.0,0.0,0.0,1.0,0.0,0.0,0.0,0.0,0.0,0.0,0.0,0.0,1
813,27,1.0,0,0,0,0,16.0,2.0,0.0,0.0,0.0,0.0,0.0,0.0,0.0,0.0,0.0,0.0,0.0,0.0,0.0,0.0,0.0,0.0,0.0,0.0,0.0,0.0,0.0,0
814,26,4.0,0,0,0,0,17.0,4.0,1.0,2.0,0.2,0.0,0.0,0.0,0.0,0.0,0.0,0.0,0.0,0.0,0.0,0.0,0.0,0.0,0.0,0.0,0.0,0.0,0.0,0
815,30,2.0,0,0,0,0,29.0,1.0,0.0,0.0,0.0,,,,,,,,,,,,,,,,,,,0
816,19,1.0,0,0,0,0,17.0,2.0,0.0,0.0,0.0,0.0,0.0,0.0,0.0,0.0,0.0,0.0,0.0,0.0,0.0,0.0,0.0,0.0,0.0,0.0,0.0,0.0,0.0,0
817,26,10.0,0,0,0,0,16.0,1.0,1.0,9.0,0.5132021277,,,,,,,,,,,,,,,,,,,0
818,18,1.0,0,0,0,0,14.0,2.0,0.0,0.0,0.0,0.0,0.0,0.0,0.0,0.0,0.0,0.0,0.0,0.0,0.0,0.0,0.0,0.0,0.0,0.0,0.0,0.0,0.0,0
819,20,1.0,0,0,0,0,20.0,1.0,0.0,0.0,0.0,1.0,0.25,0.0,0.0,0.0,0.0,0.0,0.0,0.0,0.0,0.0,0.0,0.0,0.0,0.0,0.0,0.0,0.0,0
820,26,2.0,0,0,0,0,19.0,1.0,,,,,,,,0.0,0.0,0.0,0.0,0.0,0.0,0.0,0.0,0.0,0.0,0.0,0.0,0.0,0.0,0
821,19,2.0,0,0,0,0,16.0,,1.0,1.0,0.04,,,,,,,,,,,,,,,,,,,0
822,17,2.0,0,0,0,0,15.0,1.0,0.0,0.0,0.0,0.0,0.0,0.0,0.0,0.0,0.0,0.0,0.0,0.0,0.0,0.0,0.0,0.0,0.0,0.0,0.0,0.0,0.0,0
823,18,3.0,0,0,0,0,15.0,1.0,0.0,0.0,0.0,1.0,0.58,0.0,0.0,0.0,0.0,0.0,0.0,0.0,0.0,0.0,0.0,0.0,0.0,0.0,0.0,0.0,0.0,0
824,24,2.0,0,0,0,0,17.0,1.0,0.0,0.0,0.0,,,,,1.0,1.0,0.0,0.0,0.0,0.0,0.0,0.0,0.0,0.0,0.0,1.0,0.0,0.0,1
825,31,2.0,0,0,0,0,18.0,3.0,0.0,0.0,0.0,,,,,0.0,0.0,0.0,0.0,0.0,0.0,0.0,0.0,0.0,0.0,0.0,0.0,0.0,0.0,0
826,20,5.0,0,0,0,0,14.0,3.0,1.0,4.0,3.0,,,,,,,,,,,,,,,,,,,0
827,19,3.0,0,0,0,0,15.0,1.0,0.0,0.0,0.0,0.0,0.0,0.0,0.0,0.0,0.0,0.0,0.0,0.0,0.0,0.0,0.0,0.0,0.0,0.0,0.0,0.0,0.0,0
828,35,3.0,0,0,0,0,16.0,5.0,0.0,0.0,0.0,1.0,4.0,1.0,11.0,0.0,0.0,0.0,0.0,0.0,0.0,0.0,0.0,0.0,0.0,0.0,0.0,0.0,0.0,0
829,21,5.0,0,0,0,0,15.0,1.0,0.0,0.0,0.0,1.0,0.17,0.0,0.0,0.0,0.0,0.0,0.0,0.0,0.0,0.0,0.0,0.0,0.0,0.0,0.0,0.0,0.0,0
830,23,4.0,0,0,0,0,15.0,2.0,1.0,6.0,6.0,1.0,0.08,1.0,4.0,0.0,0.0,0.0,0.0,0.0,0.0,0.0,0.0,0.0,0.0,0.0,0.0,0.0,0.0,0
831,25,4.0,0,1,0,0,16.0,3.0,0.0,0.0,0.0,1.0,1.0,1.0,3.0,0.0,0.0,0.0,0.0,0.0,0.0,0.0,0.0,0.0,0.0,0.0,0.0,0.0,0.0,0
832,25,3.0,0,0,0,0,15.0,2.0,0.0,0.0,0.0,0.0,0.0,0.0,0.0,0.0,0.0,0.0,0.0,0.0,0.0,0.0,0.0,0.0,0.0,0.0,0.0,0.0,0.0,0
833,22,3.0,0,0,0,0,16.0,3.0,0.0,0.0,0.0,1.0,1.0,0.0,0.0,0.0,0.0,0.0,0.0,0.0,0.0,0.0,0.0,0.0,0.0,0.0,0.0,0.0,0.0,0
834,21,4.0,0,1,1,1,15.0,1.0,0.0,0.0,0.0,0.0,0.0,0.0,0.0,0.0,0.0,0.0,0.0,0.0,0.0,0.0,0.0,0.0,0.0,0.0,0.0,0.0,0.0,0
835,20,2.0,0,0,0,1,14.0,4.0,1.0,3.0,3.0,1.0,0.5,0.0,0.0,0.0,0.0,0.0,0.0,0.0,0.0,0.0,0.0,0.0,0.0,0.0,0.0,0.0,0.0,0
836,33,3.0,1,1,0,1,19.0,3.0,0.0,0.0,0.0,1.0,0.16,1.0,3.0,0.0,0.0,0.0,0.0,0.0,0.0,0.0,0.0,0.0,0.0,0.0,0.0,0.0,0.0,0
837,25,3.0,0,0,0,0,15.0,1.0,0.0,0.0,0.0,,,,,,,,,,,,,,,,,,,0
838,30,2.0,0,0,0,0,22.0,2.0,0.0,0.0,0.0,1.0,0.08,0.0,0.0,0.0,0.0,0.0,0.0,0.0,0.0,0.0,0.0,0.0,0.0,0.0,0.0,0.0,0.0,0
839,20,2.0,0,0,0,0,17.0,1.0,0.0,0.0,0.0,1.0,0.08,0.0,0.0,0.0,0.0,0.0,0.0,0.0,0.0,0.0,0.0,0.0,0.0,0.0,0.0,0.0,0.0,0
840,24,1.0,0,0,0,0,18.0,2.0,0.0,0.0,0.0,1.0,6.0,0.0,0.0,0.0,0.0,0.0,0.0,0.0,0.0,0.0,0.0,0.0,0.0,0.0,0.0,0.0,0.0,0
841,17,2.0,1,1,0,0,15.0,2.0,0.0,0.0,0.0,0.0,0.0,0.0,0.0,1.0,4.0,1.0,0.0,0.0,1.0,1.0,0.0,0.0,0.0,0.0,1.0,0.0,0.0,3
842,27,1.0,0,0,0,0,17.0,1.0,0.0,0.0,0.0,1.0,4.0,0.0,0.0,0.0,0.0,0.0,0.0,0.0,0.0,0.0,0.0,0.0,0.0,0.0,0.0,0.0,0.0,0
843,21,3.0,0,0,0,0,16.0,2.0,0.0,0.0,0.0,1.0,1.0,0.0,0.0,0.0,0.0,0.0,0.0,0.0,0.0,0.0,0.0,0.0,0.0,0.0,0.0,0.0,0.0,0
844,30,1.0,0,0,0,0,18.0,2.0,0.0,0.0,0.0,0.0,0.0,0.0,0.0,0.0,0.0,0.0,0.0,0.0,0.0,0.0,0.0,0.0,0.0,0.0,0.0,0.0,0.0,0
845,40,1.0,0,1,1,1,18.0,1.0,0.0,0.0,0.0,1.0,0.25,0.0,0.0,1.0,2.0,1.0,0.0,0.0,1.0,0.0,0.0,0.0,0.0,0.0,0.0,0.0,0.0,1
846,26,2.0,0,0,0,0,17.0,2.0,0.0,0.0,0.0,0.0,0.0,,,,,,,,,,,,,,,,,0
847,22,1.0,0,0,0,0,20.0,1.0,0.0,0.0,0.0,1.0,1.0,0.0,0.0,0.0,0.0,0.0,0.0,0.0,0.0,0.0,0.0,0.0,0.0,0.0,0.0,0.0,0.0,0
848,39,2.0,0,0,0,0,17.0,4.0,0.0,0.0,0.0,0.0,0.0,0.0,0.0,0.0,0.0,0.0,0.0,0.0,0.0,0.0,0.0,0.0,0.0,0.0,0.0,0.0,0.0,0
849,26,2.0,0,0,0,0,17.0,2.0,1.0,3.0,3.0,1.0,2.0,0.0,0.0,0.0,0.0,0.0,0.0,0.0,0.0,0.0,0.0,0.0,0.0,0.0,0.0,0.0,0.0,0
850,25,4.0,0,0,0,0,17.0,3.0,0.0,0.0,0.0,1.0,1.5,0.0,0.0,0.0,0.0,0.0,0.0,0.0,0.0,0.0,0.0,0.0,0.0,0.0,0.0,0.0,0.0,0
851,18,2.0,0,0,0,0,15.0,2.0,0.0,0.0,0.0,0.0,0.0,0.0,0.0,0.0,0.0,0.0,0.0,0.0,0.0,0.0,0.0,0.0,0.0,0.0,0.0,0.0,0.0,0
852,31,3.0,0,0,0,0,19.0,1.0,0.0,0.0,0.0,1.0,0.08,1.0,8.0,0.0,0.0,0.0,0.0,0.0,0.0,0.0,0.0,0.0,0.0,0.0,0.0,0.0,0.0,0
853,18,5.0,0,0,1,0,16.0,2.0,0.0,0.0,0.0,1.0,1.0,0.0,0.0,0.0,0.0,0.0,0.0,0.0,0.0,0.0,0.0,0.0,0.0,0.0,0.0,0.0,0.0,0
854,36,1.0,0,0,0,0,18.0,3.0,0.0,0.0,0.0,1.0,0.25,0.0,0.0,0.0,0.0,0.0,0.0,0.0,0.0,0.0,0.0,0.0,0.0,0.0,0.0,0.0,0.0,0
855,27,3.0,0,0,0,0,16.0,3.0,0.0,0.0,0.0,1.0,0.41,0.0,0.0,0.0,0.0,0.0,0.0,0.0,0.0,0.0,0.0,0.0,0.0,0.0,0.0,0.0,0.0,0
856,29,2.0,0,0,0,0,13.0,,0.0,0.0,0.0,0.0,0.0,1.0,5.0,0.0,0.0,0.0,0.0,0.0,0.0,0.0,0.0,0.0,0.0,0.0,0.0,0.0,0.0,0
857,17,2.0,0,0,0,0,15.0,1.0,0.0,0.0,0.0,0.0,0.0,0.0,0.0,0.0,0.0,0.0,0.0,0.0,0.0,0.0,0.0,0.0,0.0,0.0,0.0,0.0,0.0,0
858,16,1.0,0,0,0,0,15.0,1.0,0.0,0.0,0.0,0.0,0.0,0.0,0.0,0.0,0.0,0.0,0.0,0.0,0.0,0.0,0.0,0.0,0.0,0.0,0.0,0.0,0.0,0
