portfolio_row_id,Gender,Age_at_diagnosis,Race,Grade,IDH1,TP53,ATRX,PTEN,EGFR,CIC,MUC16,PIK3CA,NF1,PIK3R1,FUBP1,RB1,NOTCH1,BCOR,CSMD3,SMARCA4,GRIN2A,IDH2,FAT4,PDGFRA,Case_ID
1,1,38.89,black or african american,0,1,1,1,0,0,0,0,1,0,0,0,0,0,0,0,0,0,0,0,0,TCGA-DU-7298
2,1,65.39,white,1,0,0,0,1,0,0,0,0,0,1,0,0,0,0,0,0,0,0,0,0,TCGA-26-6174
3,0,25.68,white,0,1,1,0,0,0,0,0,0,0,0,0,0,0,0,0,0,0,0,0,0,TCGA-DU-6542
4,1,81.59,white,1,0,0,0,1,1,0,0,0,0,0,0,0,0,0,0,0,1,0,0,0,TCGA-06-1804
5,0,60.98,white,1,0,0,0,0,0,0,1,0,0,0,0,0,0,0,0,0,0,0,0,0,TCGA-06-0646
6,0,66.93,white,1,0,0,0,0,1,0,1,0,0,0,0,0,0,0,0,0,0,0,0,1,TCGA-27-1831
7,0,66.4,white,0,0,0,0,1,1,0,1,0,1,0,0,0,0,0,0,0,0,0,0,0,TCGA-QH-A6CX
8,0,31.02,white,1,1,1,1,0,0,0,0,0,0,0,0,0,0,0,0,0,0,0,0,1,TCGA-14-1821
9,0,56.31,white,0,1,0,0,0,0,0,0,0,0,0,0,0,0,0,0,0,0,0,0,0,TCGA-DU-6410
10,1,63.47,white,0,0,0,0,0,0,0,0,0,0,0,0,0,0,0,0,0,0,0,0,0,TCGA-E1-A7YN
11,1,52.27,white,1,0,0,0,0,1,0,0,0,0,0,0,0,0,0,0,0,0,0,0,0,TCGA-14-2554
12,1,47.19,white,1,0,0,0,1,0,0,0,0,0,0,0,1,0,0,0,0,0,0,0,0,TCGA-32-4213
13,0,32.33,white,0,1,1,0,0,0,0,0,0,0,0,0,0,0,0,0,0,0,0,0,0,TCGA-HT-8111
14,0,32.15,white,0,1,1,1,0,0,0,0,0,0,0,0,0,0,0,0,0,0,0,0,0,TCGA-DB-A4XD
15,1,29.13,white,0,1,1,1,0,0,0,0,0,0,0,0,0,0,0,0,0,0,0,0,0,TCGA-DU-8166
16,1,45.37,white,1,1,1,1,0,0,0,0,1,0,0,0,0,0,0,0,0,0,0,0,0,TCGA-06-5417
17,1,64.82,white,1,0,0,0,0,0,0,0,0,0,0,0,0,0,0,0,0,0,0,0,0,TCGA-76-6285
18,0,50.22,white,1,0,1,0,0,1,0,0,0,0,1,0,0,0,0,0,0,0,0,0,0,TCGA-02-0003
19,0,51.55,white,1,0,0,0,0,1,0,0,0,0,0,0,0,0,0,0,0,0,0,0,0,TCGA-14-1827
20,1,58.55,white,1,0,0,0,0,0,0,0,0,0,0,0,0,0,0,0,0,0,0,0,0,TCGA-14-1823
21,1,58.04,white,1,0,0,0,0,0,0,0,0,0,0,0,0,0,0,0,0,0,0,0,0,TCGA-32-2494
22,0,64.3,white,0,1,0,0,0,0,0,0,0,0,0,0,0,0,0,0,1,0,0,0,0,TCGA-HT-8109
23,1,58.01,white,0,1,0,0,0,0,0,0,0,0,1,0,0,0,0,0,0,0,0,0,0,TCGA-HT-A74K
24,1,47.73,white,1,0,0,0,1,0,0,0,0,1,0,0,0,0,0,0,0,0,0,0,0,TCGA-12-1599
25,0,70.27,white,0,1,1,1,0,0,0,0,0,0,0,0,0,0,0,0,1,0,0,0,0,TCGA-FG-6690
26,1,24.4,white,0,0,0,0,0,0,0,0,0,1,0,0,0,0,0,0,0,0,0,0,0,TCGA-HT-7857
27,1,76.41,white,1,0,1,0,0,0,0,0,0,0,0,0,0,0,0,0,0,0,0,0,0,TCGA-06-6694
28,1,43.44,white,0,1,1,1,0,0,0,0,0,0,0,0,0,0,0,0,0,0,0,0,0,TCGA-DH-A66D
29,0,59.72,white,0,0,0,0,0,0,0,0,0,1,0,0,0,0,0,0,0,0,0,0,0,TCGA-DB-A64O
30,0,65.1,white,1,0,0,0,1,0,0,0,0,0,0,0,0,0,0,0,0,0,0,0,0,TCGA-16-0861
31,0,62.25,white,0,0,0,0,0,0,0,0,0,0,0,0,0,0,0,0,0,0,0,0,0,TCGA-HT-7854
32,0,75.21,black or african american,1,0,0,0,0,1,0,1,0,0,0,0,0,0,0,0,0,0,0,0,0,TCGA-12-0829
33,1,20.76,white,0,1,0,0,0,0,1,0,0,0,0,0,0,0,0,0,0,0,0,0,0,TCGA-HT-7877
34,1,69.16,white,0,1,1,1,0,0,0,0,0,0,0,0,0,0,0,0,0,0,0,0,0,TCGA-DU-8167
35,0,74.39,white,1,0,0,0,0,0,0,1,0,0,0,0,0,0,0,0,1,0,0,0,0,TCGA-14-3476
36,1,60.32,white,0,0,0,0,0,0,0,0,0,0,0,0,0,0,1,0,0,0,0,0,0,TCGA-DU-6403
37,0,27.88,white,0,1,1,0,0,0,0,0,0,0,0,0,0,0,0,0,0,0,0,0,0,TCGA-QH-A6X3
38,0,24.14,white,0,1,1,1,0,0,0,0,0,0,0,0,0,0,0,0,0,0,0,0,0,TCGA-WY-A85B
39,0,31.82,white,0,1,1,1,0,0,0,0,0,0,0,0,0,0,0,0,0,0,0,0,0,TCGA-HT-7879
40,0,63.22,white,0,0,1,0,0,0,0,0,0,0,0,0,0,0,0,0,0,0,0,0,0,TCGA-TM-A84J
41,0,33.28,white,0,1,0,0,0,0,1,0,1,0,0,0,0,1,0,0,0,0,0,0,0,TCGA-P5-A5F0
42,0,69.32,white,1,0,0,0,1,0,0,0,0,0,0,0,0,0,0,0,0,0,0,0,0,TCGA-06-0187
43,0,78.74,white,1,0,0,0,0,0,0,0,0,0,1,0,0,0,0,0,0,0,0,0,0,TCGA-06-0877
44,1,38.56,black or african american,1,0,1,0,0,0,0,0,0,0,0,0,0,0,0,0,0,0,0,0,0,TCGA-14-3477
45,1,23.96,white,0,1,1,1,0,0,0,0,0,0,0,0,0,0,0,0,0,0,0,0,0,TCGA-DU-6408
46,0,67.02,white,1,0,0,0,0,0,0,0,1,0,0,0,0,0,0,0,0,0,0,0,0,TCGA-06-5413
47,1,61.78,white,0,0,0,0,0,1,0,0,0,0,0,0,0,0,0,0,0,0,0,0,0,TCGA-FG-A87Q
48,1,41.03,white,0,1,1,1,0,0,0,0,0,0,0,0,0,0,0,0,0,0,0,0,0,TCGA-E1-A7Z6
49,1,27.79,white,0,1,1,1,0,0,0,0,0,0,0,0,0,0,0,0,0,0,0,0,0,TCGA-DB-A4XE
50,0,40.17,white,0,1,0,0,0,0,0,0,0,0,0,0,0,0,0,0,0,0,0,0,0,TCGA-DU-A7TG
51,1,62.11,white,1,0,1,0,0,0,0,0,0,0,0,0,0,0,0,0,0,0,0,0,0,TCGA-28-5215
52,1,43.77,black or african american,0,1,1,1,0,0,0,0,0,0,0,0,0,0,0,0,0,0,0,0,0,TCGA-DU-5872
53,0,86.42,white,1,0,0,0,0,0,0,0,0,0,0,0,1,0,1,0,0,0,0,0,0,TCGA-06-0140
54,1,52.79,white,1,1,1,0,0,0,0,0,0,0,0,0,0,0,0,0,0,0,0,1,0,TCGA-16-0850
55,1,62.6,white,1,0,1,0,1,0,0,0,0,0,0,0,0,0,0,0,0,0,0,0,0,TCGA-12-1597
56,1,44.62,black or african american,0,1,1,0,0,0,0,0,0,0,1,0,0,0,1,0,0,0,0,0,0,TCGA-CS-4942
57,1,27.16,white,0,1,1,0,0,0,0,0,0,0,0,0,0,0,0,1,0,0,0,0,0,TCGA-TQ-A7RF
58,0,77.97,white,1,0,0,0,0,0,0,0,0,0,0,0,0,0,0,0,0,0,0,0,0,TCGA-06-0648
59,0,50.04,white,1,0,0,0,1,1,0,0,0,0,0,0,0,0,0,0,0,0,0,0,0,TCGA-06-0881
60,0,69.58,white,1,0,0,0,0,1,0,0,0,0,0,0,0,0,0,0,0,0,0,0,0,TCGA-12-0657
61,1,36.16,white,1,1,1,1,0,0,0,0,0,0,0,0,0,0,0,0,0,0,0,0,0,TCGA-16-1460
62,0,54.55,white,1,0,0,0,0,0,0,0,0,0,0,0,0,0,0,0,0,0,0,0,0,TCGA-06-0185
63,1,33.48,white,0,1,1,1,0,0,0,0,0,0,0,0,0,0,0,0,0,0,0,0,0,TCGA-E1-A7YI
64,0,44.63,white,1,0,0,0,0,1,0,1,0,0,0,0,0,0,0,0,0,1,0,0,0,TCGA-28-1747
65,1,59.85,white,1,0,0,0,1,0,0,0,0,0,0,0,0,0,0,0,0,0,0,0,0,TCGA-32-2495
66,1,74.56,white,0,1,0,1,0,0,1,0,0,0,0,0,0,0,0,0,0,0,0,0,0,TCGA-FG-A713
67,0,33.16,white,0,1,1,1,0,0,0,0,0,0,0,0,0,0,0,0,0,0,0,0,0,TCGA-DU-A5TP
68,1,38.75,white,0,1,1,1,0,0,0,0,0,0,0,0,0,0,0,0,0,0,0,0,0,TCGA-P5-A735
69,0,73.53,white,1,0,0,0,0,1,0,0,0,0,0,0,0,0,0,0,0,0,0,0,0,TCGA-06-0158
70,1,67.33,white,1,0,0,0,0,0,0,0,0,0,0,0,0,0,0,0,0,0,0,1,0,TCGA-27-1833
71,0,45.82,asian,1,0,0,0,0,0,0,0,0,0,0,0,0,0,0,0,0,0,0,0,0,TCGA-28-2514
72,0,63.18,white,0,0,0,0,1,1,0,0,0,0,0,0,0,0,0,0,0,0,0,0,0,TCGA-FG-A4MW
73,0,54.5,white,0,0,1,1,0,0,0,1,0,0,0,0,0,1,0,0,0,0,0,0,0,TCGA-DU-6399
74,0,59.92,white,1,0,0,0,0,0,0,1,0,0,0,0,0,0,0,0,0,0,0,0,0,TCGA-06-0745
75,0,58.38,white,0,0,0,0,0,0,0,0,0,0,0,0,0,0,0,0,0,0,0,0,0,TCGA-CS-6186
76,0,67.41,white,1,0,0,0,0,0,0,0,0,0,0,0,0,0,0,0,0,0,0,0,0,TCGA-28-5220
77,0,35.12,white,0,1,0,0,0,0,0,0,0,0,0,0,0,0,0,0,0,0,0,0,0,TCGA-S9-A7R1
78,1,42.47,white,0,1,1,1,0,0,0,0,0,0,0,0,0,0,0,0,0,0,0,0,0,TCGA-HW-A5KL
79,0,30.72,white,0,1,1,1,0,0,0,0,0,0,0,0,0,0,0,0,0,0,0,0,0,TCGA-TM-A84I
80,0,46.91,white,0,1,1,0,0,0,0,0,0,0,0,0,0,0,0,0,1,0,0,0,0,TCGA-S9-A7R4
81,1,27.85,white,0,1,1,1,0,0,0,0,0,0,0,0,0,0,0,0,0,0,0,0,0,TCGA-DU-A6S7
82,0,81.09,white,1,0,0,0,0,0,0,0,1,0,0,0,0,0,0,0,0,0,0,0,0,TCGA-27-2527
83,1,51.96,white,0,1,1,0,0,0,0,0,0,0,0,0,0,0,0,0,0,0,0,0,0,TCGA-CS-6665
84,0,52.38,white,1,0,0,0,0,0,0,0,0,0,0,0,0,0,0,0,0,1,0,0,0,TCGA-27-2518
85,1,35.65,white,0,1,1,1,0,0,0,0,0,0,0,0,0,0,0,0,0,0,0,0,0,TCGA-DU-6407
86,0,63.86,white,1,0,0,0,0,1,0,1,0,0,0,0,0,0,0,0,0,1,0,0,0,TCGA-76-6282
87,0,67.29,white,0,0,0,0,0,0,0,0,0,0,0,0,0,0,0,0,0,0,0,0,0,TCGA-CS-4941
88,0,28.22,white,0,1,1,1,0,0,0,0,0,0,0,0,0,0,0,0,0,0,0,0,0,TCGA-HT-7473
89,1,37.25,asian,0,1,0,0,0,0,0,0,0,1,0,0,0,0,0,0,0,0,0,0,0,TCGA-FG-A87N
90,0,21.67,white,0,1,1,1,0,0,0,0,0,0,0,0,0,0,0,0,0,0,0,0,0,TCGA-P5-A72X
91,0,48.36,white,0,0,0,0,0,0,0,0,0,0,0,0,0,0,0,0,0,0,1,0,0,TCGA-DU-5849
92,1,33.96,white,0,1,0,1,0,0,0,0,0,0,0,0,0,0,0,0,0,0,0,0,1,TCGA-S9-A7IS
93,0,32.14,white,0,1,1,1,0,0,0,0,0,0,0,0,0,0,1,0,0,0,0,0,0,TCGA-DB-5276
94,0,60.34,white,0,1,0,0,0,0,1,0,1,0,0,1,0,1,0,0,0,0,0,0,0,TCGA-DU-A6S3
95,0,30.92,white,0,1,1,0,0,0,0,0,0,0,0,0,0,0,0,0,0,0,0,0,0,TCGA-DH-5143
96,1,57.79,white,0,0,0,0,0,0,0,1,0,0,0,0,0,0,0,0,0,0,0,0,1,TCGA-DU-5854
97,0,43.91,white,0,1,1,0,1,0,0,0,0,0,0,0,0,0,0,0,0,0,0,0,0,TCGA-DH-A7UU
98,1,73.36,black or african american,1,0,0,0,0,0,0,0,0,0,0,0,0,0,0,0,0,0,0,0,0,TCGA-06-0649
99,0,31.48,white,0,1,1,1,0,0,0,0,0,0,0,0,0,0,0,0,0,0,0,0,0,TCGA-TM-A84L
100,0,63.69,white,0,0,0,0,0,1,0,0,0,0,0,0,1,0,0,0,0,0,0,0,0,TCGA-E1-A7YM
101,1,54.39,white,0,0,0,0,0,0,0,0,0,1,0,0,0,0,1,0,0,0,0,0,0,TCGA-CS-5397
102,0,39.8,white,0,1,0,0,0,0,1,0,0,0,0,1,0,0,0,0,0,0,0,0,0,TCGA-HW-7487
103,1,45.34,white,0,0,0,0,0,1,0,0,1,0,0,0,0,0,0,0,0,1,0,0,0,TCGA-KT-A7W1
104,0,34.12,white,0,1,1,1,0,0,0,1,0,0,0,0,0,0,0,0,0,0,0,0,0,TCGA-HT-A74O
105,0,38.39,white,0,1,1,1,0,0,0,0,0,0,0,0,0,0,0,0,0,0,0,0,0,TCGA-TQ-A7RR
106,1,53.83,white,1,0,0,0,0,0,0,0,0,0,0,0,0,0,0,0,0,0,0,0,0,TCGA-06-0145
107,1,68.3,white,1,0,0,0,0,0,0,0,0,0,0,0,0,0,0,0,0,0,0,0,0,TCGA-19-4068
108,0,22.82,white,0,1,1,0,0,0,0,0,0,0,0,0,0,0,0,0,0,0,0,0,0,TCGA-HT-A61B
109,0,65.05,white,1,0,1,0,0,1,0,0,0,0,0,0,0,0,0,1,0,0,0,0,0,TCGA-06-2567
110,1,60.33,white,0,0,0,0,1,0,0,1,0,1,0,0,0,0,0,0,0,0,0,0,0,TCGA-HT-7860
111,0,60.94,white,1,1,0,1,0,0,0,0,0,0,1,0,0,0,0,0,0,0,0,0,0,TCGA-19-2629
112,0,55.84,black or african american,0,0,0,0,0,0,0,0,0,0,1,0,0,0,0,0,0,0,0,0,0,TCGA-DU-A7TJ
113,1,38.84,white,0,1,0,0,0,0,1,0,0,0,0,0,0,0,1,0,0,0,0,0,0,TCGA-TQ-A7RQ
114,0,68.61,white,1,0,0,0,0,0,0,0,0,1,0,0,0,0,0,0,0,0,0,0,0,TCGA-32-1986
115,0,48.54,white,0,0,0,0,0,0,0,0,0,0,1,0,0,0,0,0,0,0,0,0,0,TCGA-CS-6188
116,0,79.5,black or african american,1,0,0,0,0,0,0,0,1,0,0,0,0,0,0,0,0,0,0,0,0,TCGA-06-A6S0
117,0,67.89,white,1,0,0,0,0,0,0,0,0,0,0,0,0,0,0,0,0,0,0,0,1,TCGA-14-0865
118,1,61.84,white,0,1,0,0,0,0,0,0,1,0,0,0,0,0,0,0,0,0,0,0,0,TCGA-HT-7607
119,0,73.29,white,1,0,1,0,1,0,0,0,0,0,0,0,0,0,0,0,0,0,0,0,0,TCGA-32-4210
120,1,65.99,white,1,0,1,1,0,0,0,0,0,0,0,0,0,0,0,0,0,0,0,0,0,TCGA-06-0241
121,1,61.19,white,0,0,0,1,0,1,0,0,0,0,0,0,0,0,0,0,0,0,0,0,0,TCGA-DU-5852
122,1,59.45,white,0,1,0,0,0,0,0,0,0,0,0,0,0,0,0,0,0,0,0,0,0,TCGA-P5-A731
123,1,73.66,white,0,1,0,0,0,0,1,0,0,0,0,0,0,0,0,0,0,0,0,0,0,TCGA-S9-A6WH
124,1,60.13,white,0,0,1,0,0,0,0,0,1,0,0,0,0,0,0,0,0,0,0,0,0,TCGA-DU-8165
125,1,79.11,white,1,0,0,0,0,0,0,0,0,0,0,0,1,0,0,0,0,0,0,0,0,TCGA-06-0939
126,0,34.52,white,0,1,1,0,0,0,0,0,0,0,0,0,0,0,0,0,0,0,0,0,0,TCGA-HT-7609
127,0,86.02,white,1,0,1,0,0,1,0,0,0,0,0,0,1,0,0,0,0,0,0,0,0,TCGA-12-1600
128,0,40.19,white,0,1,0,0,1,0,1,0,1,0,0,0,0,0,0,0,0,0,0,0,0,TCGA-S9-A6TW
129,0,83.31,white,1,0,0,1,1,1,0,0,0,0,0,0,0,0,0,0,0,0,0,0,0,TCGA-19-2621
130,0,59.03,asian,1,0,0,0,1,1,0,0,0,0,0,0,0,0,0,0,0,0,0,0,0,TCGA-06-2565
131,1,37.45,white,0,1,0,0,0,0,0,0,0,0,0,1,0,0,0,0,0,0,0,0,0,TCGA-DB-5274
132,0,54.62,white,0,1,0,0,0,0,1,0,1,0,0,1,0,0,0,0,0,0,0,0,0,TCGA-DB-A64V
133,1,29.54,white,0,0,0,0,0,0,1,0,0,0,0,0,0,0,0,0,0,0,1,0,0,TCGA-HT-7681
134,0,50.85,black or african american,1,0,0,1,1,1,0,1,0,0,0,0,0,0,0,0,0,0,0,0,0,TCGA-06-0749
135,1,72.2,black or african american,1,0,1,0,1,1,0,0,0,0,0,0,0,0,1,0,0,0,0,0,0,TCGA-06-0876
136,1,59.54,black or african american,0,0,0,0,0,0,0,0,0,0,0,0,1,0,0,0,0,0,0,0,0,TCGA-FG-6688
137,1,66.04,white,0,1,0,0,0,0,1,0,0,0,0,0,0,1,0,0,0,0,0,0,0,TCGA-DU-6400
138,1,67.6,white,0,1,0,0,0,0,1,0,0,0,0,1,0,1,0,0,0,0,0,0,0,TCGA-DB-A64L
139,0,54.54,white,0,1,0,0,0,0,1,0,0,0,0,0,0,0,0,0,0,0,0,0,0,TCGA-QH-A65Z
140,0,69.34,asian,1,0,0,0,0,0,0,0,0,0,0,0,0,0,0,0,0,0,0,0,0,TCGA-14-0787
141,0,58.9,white,1,0,1,0,1,0,0,0,0,0,1,0,1,0,0,0,0,0,0,0,0,TCGA-76-6662
142,0,44.36,asian,0,1,1,1,0,0,0,0,0,0,0,0,0,0,0,0,0,0,0,0,0,TCGA-F6-A8O4
143,1,48.68,white,1,0,1,1,1,0,0,0,1,1,0,0,1,0,1,1,1,0,0,0,0,TCGA-32-2616
144,0,66.08,white,1,0,0,0,1,0,0,0,0,0,0,0,0,0,0,0,0,0,0,0,0,TCGA-32-5222
145,1,55.99,white,1,0,0,0,0,0,0,0,0,0,0,0,0,0,0,0,0,0,0,0,0,TCGA-06-0645
146,0,30.16,white,0,1,1,0,0,0,0,0,0,0,0,0,0,0,0,0,0,0,0,0,0,TCGA-DH-A7UT
147,1,38.53,white,0,1,0,0,0,0,0,0,0,0,0,0,0,0,0,0,0,0,0,0,0,TCGA-QH-A65R
148,0,65.86,white,0,1,1,0,0,0,0,0,0,0,0,0,0,0,0,0,0,0,0,0,0,TCGA-WH-A86K
149,0,47.61,white,0,1,0,0,0,0,0,0,0,0,0,0,0,0,0,0,0,0,0,0,0,TCGA-P5-A737
150,0,75.73,white,1,0,1,0,0,0,0,0,0,0,0,0,1,0,0,0,0,0,0,0,0,TCGA-06-1087
151,0,31.03,white,1,1,1,1,0,0,0,0,0,0,0,0,0,0,0,0,0,0,0,0,0,TCGA-06-0221
152,0,60.75,white,1,0,0,0,0,1,0,1,0,0,0,0,0,0,0,0,0,0,0,0,0,TCGA-12-0670
153,1,45.07,white,0,1,0,0,0,0,1,0,0,0,0,0,0,0,0,0,0,0,0,0,0,TCGA-HW-7495
154,1,30.09,white,0,1,1,1,0,0,0,0,0,0,0,0,0,0,0,0,0,0,0,0,0,TCGA-S9-A7J0
155,1,42.79,white,0,1,1,0,0,0,0,0,1,0,0,0,0,0,0,0,0,0,0,0,0,TCGA-TQ-A8XE
156,1,41.86,white,0,1,1,1,0,0,0,0,0,0,0,0,0,0,0,0,1,0,0,0,0,TCGA-DU-7008
157,0,58.62,white,1,0,1,0,1,0,0,0,0,0,0,0,1,0,0,0,0,1,0,0,0,TCGA-12-1092
158,0,81.46,white,1,0,0,0,0,0,0,0,0,1,1,0,0,0,0,0,0,0,0,0,0,TCGA-06-2562
159,0,60.29,white,1,0,0,0,1,0,0,0,0,0,1,0,0,0,0,0,0,0,0,0,0,TCGA-32-1991
160,0,63.02,white,1,0,1,0,0,1,0,0,0,0,0,0,0,0,0,0,0,0,0,0,0,TCGA-12-0691
161,1,41.25,white,0,1,1,0,0,0,0,0,0,0,0,0,0,0,0,0,0,0,0,0,0,TCGA-DB-A4XF
162,1,36.52,white,0,1,0,0,0,0,0,0,0,0,0,0,0,1,0,0,0,0,0,0,0,TCGA-DB-A75L
163,1,33.53,white,0,1,1,1,0,0,0,0,0,0,0,0,0,0,0,0,0,0,0,0,0,TCGA-FG-A711
164,0,36.21,white,0,1,0,0,0,0,1,0,0,0,0,0,0,0,0,0,0,0,0,0,0,TCGA-TQ-A7RG
165,0,28.68,white,0,1,0,0,0,0,1,0,1,0,0,0,0,0,0,0,0,0,0,0,0,TCGA-FG-7634
166,0,28.53,white,0,1,1,1,0,0,0,0,0,0,0,0,0,0,0,0,0,0,0,0,0,TCGA-HT-7858
167,0,30.35,white,0,1,0,0,0,0,0,0,0,0,0,0,0,0,0,0,0,0,0,0,0,TCGA-RY-A843
168,0,29.64,white,0,1,1,1,0,0,0,0,0,0,0,0,0,0,0,0,0,0,0,0,0,TCGA-DU-8163
169,0,51.72,white,1,0,0,0,0,1,0,0,0,0,0,0,0,0,0,0,0,0,0,0,0,TCGA-19-2624
170,1,30.76,white,0,1,1,0,1,0,0,0,0,0,0,0,0,0,0,0,1,0,0,0,0,TCGA-HT-7606
171,0,67.05,white,1,0,0,0,0,0,0,0,0,0,0,0,0,0,0,1,0,0,0,0,0,TCGA-06-0219
172,0,54.59,white,1,1,1,1,0,1,0,0,0,0,0,0,0,0,0,0,0,0,0,0,0,TCGA-16-0849
173,0,54.24,white,1,0,1,0,0,0,0,0,0,0,0,0,1,0,0,0,0,0,0,0,0,TCGA-06-0130
174,0,70.27,white,1,0,0,0,0,1,0,0,0,0,0,0,0,0,0,0,0,0,0,0,0,TCGA-19-2620
175,0,57.32,white,1,0,0,0,1,1,0,0,0,0,0,0,0,0,0,0,0,1,0,0,0,TCGA-76-6191
176,0,60.04,white,0,1,0,0,0,0,1,0,0,0,1,1,0,0,0,0,0,0,0,0,0,TCGA-HT-7694
177,0,70.16,white,1,0,1,0,0,0,0,1,0,0,0,0,0,0,0,0,0,0,0,0,1,TCGA-14-0740
178,1,40.02,white,0,1,1,0,0,0,0,1,0,0,0,0,0,0,0,0,0,0,0,0,0,TCGA-RY-A845
179,1,23.3,white,0,1,1,1,0,0,0,0,0,0,0,0,0,0,0,0,0,0,0,0,0,TCGA-QH-A6XA
180,0,30.81,white,0,1,1,1,0,0,0,0,0,0,0,0,0,0,0,0,0,0,0,0,0,TCGA-FG-8191
181,1,30.93,white,0,1,0,0,0,0,1,0,0,0,0,0,0,1,0,0,0,0,0,0,0,TCGA-HT-8012
182,0,76.61,black or african american,1,0,0,0,0,0,0,0,0,0,0,0,0,0,0,0,0,0,0,0,0,TCGA-06-2557
183,1,76.01,white,1,0,0,0,1,1,0,1,0,0,0,0,0,0,0,0,0,0,0,0,0,TCGA-32-1982
184,0,67.0,white,1,0,1,0,0,0,0,0,0,0,0,0,0,0,0,0,0,0,0,0,0,TCGA-06-0744
185,1,59.41,black or african american,1,0,1,0,0,0,0,1,1,0,0,0,0,0,0,0,0,0,0,0,0,TCGA-41-5651
186,0,68.79,white,1,0,0,0,0,0,0,1,0,0,0,0,0,0,0,0,0,0,0,0,0,TCGA-06-0169
187,0,39.49,white,0,1,0,0,0,0,1,0,0,0,1,1,0,0,0,0,0,0,0,0,0,TCGA-S9-A7IY
188,0,61.6,white,1,0,0,0,1,1,0,0,0,0,0,0,0,0,0,0,0,0,0,0,0,TCGA-06-0155
189,1,75.92,white,1,0,1,0,1,0,0,0,0,0,0,0,0,0,1,0,0,0,0,0,0,TCGA-12-1598
190,0,62.83,white,0,1,1,1,0,0,0,0,0,0,0,0,0,0,0,0,0,0,0,0,0,TCGA-HT-7477
191,1,50.64,white,0,1,1,1,0,0,0,0,0,0,0,0,0,0,0,0,0,0,0,0,0,TCGA-VM-A8C8
192,1,61.03,white,1,0,0,0,0,0,0,0,0,0,0,0,0,0,0,0,0,0,0,0,0,TCGA-28-1751
193,0,63.84,white,1,0,1,0,1,0,0,0,0,1,0,0,0,0,0,0,0,0,0,0,0,TCGA-06-0184
194,0,62.25,white,0,1,0,0,1,0,1,0,0,0,0,0,0,0,0,0,0,0,0,0,0,TCGA-FG-5964
195,0,47.55,black or african american,1,0,0,0,1,0,0,0,0,0,0,0,0,0,0,0,0,0,0,0,0,TCGA-26-A7UX
196,0,29.41,white,0,1,1,1,0,0,0,0,0,0,0,0,0,0,0,0,0,0,0,0,0,TCGA-TQ-A7RK
197,1,35.07,white,0,1,0,0,0,0,0,0,0,0,0,0,0,0,0,0,0,0,0,0,0,TCGA-DU-A6S6
198,0,54.26,white,0,1,0,0,0,0,1,0,1,0,1,0,0,1,0,0,0,0,0,0,0,TCGA-FG-5962
199,0,64.05,white,1,0,0,0,0,0,0,0,0,0,0,0,0,0,0,1,0,0,0,0,0,TCGA-02-2486
200,1,37.14,white,0,1,0,0,0,0,1,0,0,0,0,1,0,0,0,0,0,0,0,0,0,TCGA-HT-7471
201,0,61.68,white,1,0,0,0,0,0,0,0,0,0,0,0,0,0,0,0,0,0,0,0,0,TCGA-06-5414
202,1,63.91,white,1,0,0,0,1,1,0,1,0,0,0,0,0,0,0,0,0,0,0,0,0,TCGA-06-0125
203,1,38.56,white,0,1,1,1,0,0,0,0,0,0,0,0,0,0,0,0,0,0,0,0,0,TCGA-QH-A870
204,0,30.69,white,0,1,0,0,0,0,1,0,1,0,0,0,0,0,0,0,0,0,0,0,0,TCGA-HT-7468
205,1,35.15,white,0,0,1,1,1,1,1,1,1,1,0,1,1,1,1,1,1,1,0,1,1,TCGA-DU-6392
206,1,53.69,white,0,1,1,0,0,0,0,0,0,0,1,1,0,1,0,0,0,0,0,0,0,TCGA-DU-7300
207,0,43.39,black or african american,0,0,0,0,1,0,0,0,0,0,0,0,0,0,0,0,0,0,0,0,0,TCGA-CS-5395
208,0,33.91,white,0,1,0,0,0,0,1,0,0,0,0,1,0,0,0,0,0,0,0,0,0,TCGA-QH-A86X
209,0,30.42,white,1,0,0,0,1,0,0,0,0,0,0,0,0,0,0,0,0,0,0,0,0,TCGA-06-0882
210,0,58.02,white,1,0,0,0,1,1,0,0,0,0,0,0,0,0,0,0,0,0,0,0,0,TCGA-76-4927
211,1,51.33,white,0,0,0,0,1,1,0,0,0,0,0,0,0,0,0,0,0,0,0,0,0,TCGA-HT-8104
212,0,41.21,white,0,1,1,1,0,0,0,0,0,0,1,0,0,0,0,0,0,0,0,0,0,TCGA-FG-8188
213,0,38.88,white,0,1,0,1,0,0,0,0,0,0,0,0,0,0,0,0,0,0,0,0,0,TCGA-HW-7489
214,0,36.18,white,0,1,1,1,0,0,0,0,1,0,0,0,0,0,0,0,0,0,0,0,0,TCGA-HT-7478
215,0,36.45,white,0,1,1,1,0,0,0,0,0,0,0,0,0,0,0,0,0,0,0,0,0,TCGA-HT-7611
216,1,50.42,white,0,1,0,0,0,0,1,0,0,0,0,1,0,0,0,0,0,0,0,0,0,TCGA-FG-A710
217,0,51.75,white,1,0,0,0,1,0,0,0,1,0,0,0,0,0,1,0,0,0,0,0,0,TCGA-06-0166
218,0,50.47,white,1,0,0,0,0,0,0,0,0,0,0,0,0,0,0,0,0,0,0,0,0,TCGA-06-2564
219,0,68.93,black or african american,1,0,0,0,1,1,0,0,0,0,0,0,0,0,0,0,0,0,0,0,0,TCGA-OX-A56R
220,0,62.56,white,0,0,0,0,0,0,0,0,0,0,1,0,0,0,0,1,0,0,0,1,0,TCGA-HT-A74H
221,1,42.25,white,0,1,0,0,0,0,0,0,0,0,0,0,0,1,0,0,0,0,0,0,0,TCGA-FG-8186
222,1,37.44,white,0,1,1,1,0,0,0,0,0,0,0,0,0,0,0,0,0,0,0,0,0,TCGA-DU-5871
223,0,29.93,white,0,1,1,1,0,0,0,0,0,0,0,0,0,0,0,0,0,0,0,0,0,TCGA-S9-A6WO
224,0,53.4,white,1,0,0,0,0,0,0,1,0,0,0,0,0,0,0,0,0,0,0,0,0,TCGA-06-0686
225,0,59.6,white,1,0,0,0,0,0,0,0,1,0,0,0,0,0,0,0,0,0,0,0,0,TCGA-12-5301
226,1,20.32,white,0,1,1,1,0,0,0,0,0,0,0,0,0,0,0,0,0,0,0,0,0,TCGA-FG-A70Y
227,0,31.72,white,0,1,1,1,0,0,0,0,0,0,0,0,0,0,0,0,0,0,0,0,0,TCGA-DU-6395
228,0,60.82,white,1,0,0,0,0,0,0,0,0,0,0,0,0,0,0,0,0,0,0,0,0,TCGA-06-5415
229,1,25.11,white,0,1,0,0,0,0,1,0,0,0,0,0,0,0,0,0,0,0,0,0,1,TCGA-TQ-A7RS
230,1,47.83,white,1,0,1,0,1,0,0,0,0,0,0,0,1,0,0,0,0,0,0,0,0,TCGA-12-3644
231,0,50.46,white,0,1,0,0,0,0,1,0,0,0,0,0,0,0,0,0,1,0,0,0,0,TCGA-DH-A7US
232,1,78.72,white,1,0,1,1,0,0,0,1,0,1,1,0,0,0,0,0,0,0,0,0,0,TCGA-14-1396
233,0,63.33,white,1,0,1,0,1,0,0,0,0,0,0,0,1,0,1,0,0,0,0,0,0,TCGA-06-0195
234,0,42.68,white,0,1,1,1,0,0,0,0,0,0,0,0,0,0,0,0,0,0,0,0,0,TCGA-HT-7485
235,1,24.43,black or african american,1,0,1,0,0,0,0,0,0,1,0,0,0,0,0,0,0,0,0,0,0,TCGA-06-2569
236,0,53.78,white,0,1,1,1,0,0,0,0,0,0,0,0,0,0,0,0,0,0,0,0,0,TCGA-DU-7301
237,1,63.15,white,0,0,0,0,0,0,0,0,0,0,0,0,0,0,0,0,0,0,0,0,0,TCGA-DU-8161
238,0,66.48,white,0,1,0,0,0,0,1,0,0,0,0,0,0,0,0,0,0,0,0,0,0,TCGA-DU-6393
239,0,38.63,white,0,1,1,0,0,0,0,0,0,0,0,0,0,0,0,0,0,0,0,0,0,TCGA-S9-A6TU
240,0,37.27,white,0,1,1,1,0,0,0,0,0,0,0,0,0,1,0,0,0,0,0,0,0,TCGA-HT-7470
241,1,52.43,white,0,1,0,0,0,0,0,0,0,0,0,0,0,0,0,0,0,0,0,0,0,TCGA-QH-A6CU
242,1,65.53,white,0,1,0,0,0,0,1,0,1,0,0,0,0,0,1,0,0,0,0,0,0,TCGA-DB-A64W
243,0,39.43,white,1,0,0,0,1,0,0,1,0,0,0,0,0,0,0,0,0,0,0,0,0,TCGA-14-1451
244,1,64.53,asian,1,0,0,0,0,0,0,0,0,0,0,0,0,0,0,0,0,0,0,0,0,TCGA-19-1786
245,1,62.42,white,1,0,1,0,1,0,0,0,0,0,0,0,1,0,0,0,0,0,0,1,0,TCGA-02-0055
246,1,74.15,white,0,1,0,0,0,0,1,0,0,0,0,0,0,0,0,0,0,0,0,0,0,TCGA-DU-A6S8
247,0,35.18,white,0,1,1,1,0,0,0,0,0,0,0,0,0,0,0,0,0,0,0,0,0,TCGA-E1-A7Z4
248,1,53.23,black or african american,1,0,0,0,0,1,0,0,0,0,0,0,0,0,0,0,0,0,0,0,0,TCGA-06-A6S1
249,0,87.0,white,0,0,0,0,0,0,0,0,0,0,0,0,0,0,0,0,0,0,0,0,0,TCGA-DU-A76K
250,1,52.41,white,0,1,1,1,0,0,0,0,0,0,0,0,0,0,0,0,0,0,0,0,0,TCGA-P5-A733
251,1,79.34,white,1,0,0,0,1,0,0,1,0,0,0,0,0,0,0,1,0,0,0,0,0,TCGA-27-2526
252,1,42.62,white,1,0,1,0,0,1,0,0,0,0,0,0,1,0,0,0,0,0,0,0,0,TCGA-28-1752
253,1,53.4,white,1,0,0,0,1,1,0,0,0,0,0,0,0,0,0,0,0,0,0,0,0,TCGA-06-2561
254,0,40.99,black or african american,1,1,1,1,1,0,0,0,0,0,0,0,0,0,0,0,0,0,0,0,0,TCGA-19-A6J5
255,0,40.29,white,0,1,0,0,0,0,1,0,0,0,0,0,0,0,0,0,0,0,0,0,0,TCGA-R8-A6MK
256,1,45.62,white,1,0,1,1,1,0,0,1,0,0,0,0,1,0,0,0,0,0,0,0,0,TCGA-06-5858
257,0,26.57,white,0,1,1,1,0,0,0,0,0,0,0,0,0,0,0,0,0,0,0,0,0,TCGA-DB-A4XC
258,0,48.99,white,1,0,1,1,1,0,0,0,0,0,0,0,0,0,0,0,0,1,1,0,0,TCGA-19-1787
259,1,30.44,white,0,1,1,1,0,0,0,1,0,0,0,0,0,0,0,0,0,0,0,0,0,TCGA-HT-7902
260,0,43.36,white,0,1,1,0,0,0,0,0,0,0,0,0,0,0,0,0,0,0,0,0,0,TCGA-DB-5280
261,0,46.61,white,0,1,0,0,0,0,1,0,0,0,0,1,0,0,0,0,0,0,0,0,0,TCGA-S9-A6TX
262,0,34.65,white,0,1,1,1,0,0,0,0,0,0,0,0,0,0,0,0,0,0,0,0,0,TCGA-E1-5305
263,1,55.57,white,0,0,1,0,0,0,0,0,0,1,0,0,0,0,0,0,0,0,0,0,0,TCGA-HT-A4DS
264,1,64.39,white,1,0,0,1,0,0,0,0,0,0,1,0,0,0,0,0,0,0,0,0,0,TCGA-06-6388
265,1,37.65,white,0,1,1,1,0,0,0,0,0,0,0,0,0,0,0,0,0,0,0,0,0,TCGA-HT-8013
266,0,65.18,white,1,0,0,0,1,0,0,0,0,1,0,0,0,0,0,0,0,0,0,0,0,TCGA-28-2502
267,0,55.25,white,0,0,0,0,0,1,0,0,0,0,0,0,0,0,0,0,0,0,0,0,0,TCGA-E1-A7YJ
268,0,33.65,white,0,1,0,0,0,0,1,0,0,0,0,0,0,0,0,0,0,0,0,0,0,TCGA-HT-7480
269,0,45.81,white,0,1,0,0,0,0,0,1,0,0,0,0,0,0,0,0,0,0,0,0,0,TCGA-RY-A847
270,0,24.23,white,1,0,1,1,0,0,0,0,0,0,0,0,0,0,0,0,0,0,0,0,0,TCGA-12-0773
271,0,69.18,white,0,0,0,0,0,1,0,0,0,0,0,0,0,0,0,0,0,0,0,0,0,TCGA-DU-7292
272,1,56.42,white,0,1,0,0,0,0,0,0,0,0,0,0,0,0,0,0,0,0,0,0,0,TCGA-S9-A6WI
273,1,47.81,white,0,1,0,0,0,0,0,0,0,0,0,1,0,1,0,1,0,0,0,0,0,TCGA-CS-5390
274,0,25.22,white,1,1,1,1,0,0,0,0,0,0,0,0,0,0,0,0,0,0,0,0,0,TCGA-32-4208
275,1,49.85,white,0,0,0,0,0,0,0,0,0,0,0,0,0,0,0,0,0,0,0,0,0,TCGA-FG-7643
276,1,60.21,white,0,0,0,0,0,1,0,0,1,0,0,0,0,0,0,0,0,0,0,0,0,TCGA-DU-7006
277,0,46.12,white,0,0,0,0,0,0,0,0,0,0,0,0,0,0,0,0,0,0,1,0,0,TCGA-TM-A84R
278,1,47.24,white,1,0,1,0,0,0,0,0,0,0,0,0,0,0,0,0,0,0,0,0,0,TCGA-28-5219
279,0,57.76,white,0,0,0,0,0,1,0,0,0,1,0,0,0,0,0,0,0,0,0,0,0,TCGA-S9-A7IX
280,0,83.64,white,1,0,0,0,1,0,0,1,0,0,1,0,0,0,0,0,0,0,0,0,0,TCGA-19-5955
281,0,46.24,white,0,0,0,0,1,0,0,0,1,0,0,0,0,0,0,0,0,0,0,0,0,TCGA-S9-A6U0
282,1,52.17,white,0,1,0,0,0,0,1,0,0,0,0,1,0,0,0,0,0,0,0,0,0,TCGA-S9-A7J3
283,0,63.33,white,1,0,1,0,0,0,0,1,1,0,0,0,1,0,0,0,0,0,0,0,0,TCGA-32-2491
284,0,41.32,white,0,0,0,0,1,0,0,0,0,1,0,0,0,0,0,0,0,0,0,0,0,TCGA-QH-A6CS
285,0,47.59,white,0,1,1,1,0,0,0,0,0,0,0,0,0,0,0,0,0,0,0,0,0,TCGA-FG-A4MX
286,0,37.14,white,0,1,1,1,0,0,0,0,0,0,0,0,0,0,0,0,0,0,0,0,0,TCGA-CS-4943
287,0,52.67,white,0,1,1,1,0,0,0,0,0,0,0,0,0,0,0,0,0,0,0,0,0,TCGA-E1-A7YK
288,1,72.69,white,1,0,0,0,0,0,0,1,0,0,0,0,0,0,0,0,0,0,0,0,0,TCGA-06-0173
289,1,38.02,white,1,0,0,0,0,0,0,0,0,0,0,0,0,0,0,0,0,0,0,0,0,TCGA-12-0826
290,0,32.44,white,0,0,0,0,0,0,0,0,0,1,0,0,0,0,0,0,0,0,0,0,0,TCGA-TM-A84C
291,0,57.55,white,1,0,0,0,1,0,0,0,0,0,0,0,0,0,0,0,0,0,0,0,0,TCGA-02-2470
292,0,57.85,white,1,0,1,0,0,0,0,0,0,0,0,0,0,0,0,0,0,0,0,0,0,TCGA-27-1830
293,1,55.11,white,0,1,0,0,0,0,1,0,0,0,0,1,0,0,0,0,0,0,0,0,0,TCGA-P5-A77X
294,0,68.02,white,1,0,0,0,0,0,0,1,0,0,0,0,0,0,0,0,0,0,0,0,0,TCGA-06-0152
295,0,56.03,white,1,0,0,0,0,0,0,0,0,0,1,0,0,0,0,0,0,0,0,0,0,TCGA-19-5958
296,1,32.45,white,0,1,0,0,0,0,0,0,0,0,0,0,0,0,0,0,0,0,0,0,0,TCGA-DU-7009
297,1,53.71,white,0,1,0,0,0,0,1,0,0,0,0,0,0,0,0,0,1,0,0,0,0,TCGA-DU-7294
298,0,48.5,white,1,0,1,0,1,0,0,0,0,0,0,0,0,0,0,0,0,0,0,0,0,TCGA-27-2519
299,0,72.53,white,1,0,0,0,0,1,0,1,0,0,0,0,0,0,0,0,0,1,0,0,0,TCGA-28-5213
300,0,62.77,white,1,0,0,0,0,0,0,0,0,0,0,0,0,0,0,0,0,0,0,0,0,TCGA-06-0141
301,1,49.43,white,1,0,1,0,1,0,0,1,0,0,0,0,0,0,0,0,0,0,0,0,0,TCGA-76-6664
302,0,59.81,white,0,1,1,1,0,0,0,0,0,0,0,0,0,0,0,0,1,0,0,0,0,TCGA-HT-7688
303,0,26.26,white,0,1,0,0,0,0,1,0,0,0,1,0,0,0,0,0,0,0,0,0,0,TCGA-KT-A74X
304,0,45.71,white,0,1,0,0,0,0,1,0,0,0,0,1,0,0,0,0,0,0,0,0,0,TCGA-DU-6397
305,1,48.73,white,0,1,0,0,0,0,1,0,1,0,0,0,0,0,0,0,0,0,0,0,0,TCGA-S9-A6U2
306,0,57.31,white,1,0,0,0,0,0,0,0,0,0,1,0,0,0,0,0,0,0,0,0,0,TCGA-76-6280
307,0,52.66,white,0,1,0,0,0,0,0,0,0,0,0,0,0,0,1,0,0,0,0,0,0,TCGA-S9-A6WL
308,0,32.54,white,0,1,1,0,0,0,0,0,0,0,0,0,0,0,0,0,0,0,0,0,0,TCGA-DU-A7TC
309,1,61.87,white,0,0,0,0,0,1,0,0,0,0,0,0,0,0,0,0,0,0,0,0,0,TCGA-DU-8162
310,1,32.46,white,0,1,1,1,0,0,0,0,0,0,0,0,0,0,0,0,1,0,0,0,0,TCGA-WY-A858
311,0,30.9,asian,1,1,1,1,0,0,0,0,0,0,1,0,0,0,0,0,0,0,0,0,0,TCGA-06-0129
312,0,40.85,white,0,1,0,0,0,0,1,0,0,0,1,1,0,0,0,0,0,0,0,0,0,TCGA-CS-5394
313,0,59.18,white,1,0,1,0,0,1,0,0,0,0,0,0,1,0,0,0,0,0,0,0,0,TCGA-32-1970
314,0,64.14,white,1,0,0,0,0,1,0,0,0,0,1,0,0,0,0,0,0,0,0,0,0,TCGA-06-6695
315,0,40.89,white,0,1,0,0,0,0,1,1,0,0,0,0,0,0,0,0,0,0,0,0,0,TCGA-DB-A64P
316,1,40.57,white,1,0,0,0,1,0,0,0,0,0,0,0,0,0,0,0,0,0,0,0,0,TCGA-28-1750
317,0,61.17,white,0,1,1,1,0,0,0,1,0,0,0,0,0,0,0,0,0,0,0,0,0,TCGA-DB-5281
318,0,73.68,white,1,0,1,0,1,0,0,0,0,0,0,0,0,0,0,1,0,0,0,0,0,TCGA-76-6660
319,0,62.61,white,1,0,0,0,0,1,0,0,0,0,0,0,0,0,0,0,0,0,0,0,0,TCGA-27-2528
320,0,51.85,white,0,1,0,0,0,0,0,0,1,0,0,0,0,0,0,0,0,0,0,0,0,TCGA-DU-A76R
321,1,61.13,white,0,1,0,0,0,0,1,0,0,0,0,0,0,0,0,0,0,0,0,0,0,TCGA-TM-A84O
322,0,36.13,white,0,1,1,1,0,0,0,0,0,0,0,0,0,0,0,0,0,0,0,0,0,TCGA-HT-8114
323,0,81.84,white,1,0,0,0,1,0,0,0,0,0,0,0,0,0,0,0,0,0,0,0,0,TCGA-19-1387
324,0,58.13,white,1,0,0,0,0,1,0,0,0,0,0,0,0,0,0,0,0,0,0,0,0,TCGA-06-5856
325,1,50.47,white,1,0,0,0,0,0,0,0,0,0,0,0,0,0,0,0,0,0,0,0,0,TCGA-76-4932
326,0,17.74,white,0,1,0,0,0,0,1,0,0,0,0,0,0,0,0,0,0,0,0,0,0,TCGA-DB-5278
327,0,33.53,white,0,1,1,0,0,0,0,0,0,0,0,0,0,0,0,0,0,0,0,0,0,TCGA-DU-7007
328,0,39.77,black or african american,0,1,1,1,0,0,0,0,0,0,0,0,0,0,0,0,0,0,0,0,0,TCGA-TQ-A7RH
329,0,43.53,white,0,1,1,0,0,0,0,0,0,0,0,0,0,0,0,0,0,0,0,0,0,TCGA-IK-7675
330,0,40.68,white,0,1,1,0,0,0,0,1,0,0,0,0,0,0,0,0,0,0,0,1,0,TCGA-S9-A89Z
331,1,74.98,white,1,0,1,0,0,0,0,0,0,1,0,0,0,0,0,0,0,0,0,0,0,TCGA-14-0871
332,1,29.36,white,0,1,1,1,0,0,0,0,0,0,0,0,0,0,0,0,0,0,0,0,0,TCGA-HT-7686
333,0,47.25,white,0,1,0,0,0,0,1,0,0,0,0,1,0,0,0,0,0,0,0,0,0,TCGA-QH-A6X4
334,1,38.07,white,0,1,1,1,0,0,0,0,0,0,0,0,0,0,0,0,0,0,0,0,0,TCGA-E1-5322
335,1,81.87,white,1,0,0,0,0,0,0,1,0,0,0,0,0,0,0,0,0,0,0,0,0,TCGA-41-3393
336,0,71.41,white,1,0,1,0,1,0,0,0,0,0,0,0,0,0,0,0,0,0,0,0,0,TCGA-06-0188
337,1,44.15,white,1,0,0,0,0,0,0,0,0,1,0,0,1,0,0,0,0,0,0,0,0,TCGA-76-6663
338,0,65.94,white,1,0,0,0,0,0,0,0,1,0,0,0,0,0,0,0,0,0,0,0,0,TCGA-06-0171
339,1,78.75,white,1,0,0,0,1,0,0,0,0,1,0,0,0,0,0,0,0,0,0,0,0,TCGA-06-5412
340,1,78.15,black or african american,1,0,0,0,0,0,0,0,0,0,0,0,0,0,0,0,0,0,0,0,1,TCGA-06-A5U1
341,0,29.8,white,0,1,1,1,0,0,0,0,0,0,0,0,0,0,0,0,0,0,0,0,0,TCGA-HT-7603
342,1,48.91,black or african american,1,0,0,0,1,1,0,0,0,1,0,0,0,0,0,0,0,0,0,0,0,TCGA-12-0656
343,0,49.81,white,0,1,0,0,0,0,0,0,0,0,0,0,0,0,0,0,0,0,0,0,0,TCGA-DH-A66F
344,0,45.09,white,0,1,0,0,0,0,1,0,0,0,0,1,0,0,0,0,0,0,0,0,0,TCGA-RY-A83Y
345,0,69.26,white,1,0,0,1,0,0,0,0,0,0,1,0,0,0,0,0,0,0,0,0,0,TCGA-14-1453
346,0,51.99,white,0,1,0,0,0,0,1,0,0,0,0,0,0,0,0,0,0,0,0,0,0,TCGA-TQ-A7RU
347,0,67.59,white,0,1,1,1,0,0,0,0,0,0,0,0,0,0,0,0,0,0,0,0,0,TCGA-HT-7475
348,1,45.63,white,1,1,1,1,0,0,0,0,0,0,0,0,0,0,1,0,0,0,0,0,0,TCGA-12-0818
349,0,43.62,white,0,1,1,1,0,0,0,0,0,0,0,0,0,0,0,0,0,0,0,0,0,TCGA-DU-7304
350,1,28.58,white,0,0,0,0,0,0,1,0,0,0,0,0,0,0,0,0,0,0,1,0,0,TCGA-QH-A65X
351,0,52.16,white,1,0,0,0,0,0,0,0,0,1,0,0,0,0,0,0,0,1,0,0,0,TCGA-28-5208
352,0,60.72,white,1,0,0,0,0,0,0,1,0,0,1,0,0,0,0,0,0,0,0,0,0,TCGA-14-0862
353,1,23.01,white,0,1,1,1,0,0,0,0,0,0,0,0,0,0,0,0,0,0,0,0,0,TCGA-FG-6691
354,1,40.53,white,0,1,0,1,0,0,0,0,0,0,0,0,0,0,0,0,0,0,0,0,0,TCGA-DU-5851
355,0,59.75,white,0,0,1,0,0,0,0,0,0,0,0,0,0,0,0,0,0,0,0,0,0,TCGA-DU-7013
356,1,25.21,white,0,1,1,1,0,0,0,1,0,0,0,0,0,0,0,0,0,0,0,0,0,TCGA-TQ-A7RJ
357,0,66.37,white,0,0,0,1,0,0,0,0,0,1,0,0,0,0,0,0,0,0,0,0,0,TCGA-S9-A6UA
358,1,29.64,white,0,1,0,0,0,0,1,0,0,0,0,0,0,0,0,0,0,0,0,0,0,TCGA-HT-7695
359,1,77.32,white,1,0,1,0,0,0,0,1,0,0,0,0,0,0,0,0,0,0,0,0,0,TCGA-28-2509
360,0,48.44,white,0,0,0,0,0,1,0,0,0,0,0,0,0,0,0,0,0,0,0,0,0,TCGA-QH-A6XC
361,1,63.15,white,1,0,1,0,0,0,0,1,0,0,0,0,0,0,1,0,0,0,0,0,1,TCGA-19-1390
362,0,50.64,white,0,1,0,0,0,0,0,0,0,0,1,0,0,0,0,0,0,0,0,0,0,TCGA-CS-4944
363,0,39.18,white,0,1,0,1,0,0,0,1,0,0,0,0,0,0,0,0,0,0,0,0,0,TCGA-P5-A5EV
364,1,34.07,white,0,1,0,0,0,0,1,0,0,0,0,0,0,0,0,0,0,0,0,0,0,TCGA-FG-A60K
365,0,22.84,white,0,1,1,1,0,0,0,0,0,0,0,0,0,0,0,0,0,0,0,0,0,TCGA-CS-6666
366,0,60.99,white,0,1,0,0,0,0,1,0,0,0,0,0,0,0,0,0,0,0,0,0,0,TCGA-FG-A6IZ
367,0,49.72,white,0,1,1,1,1,0,0,0,0,0,0,0,0,0,1,0,0,0,0,0,0,TCGA-DH-A7UV
368,1,75.32,white,1,0,1,0,1,0,0,0,0,0,0,0,0,0,1,0,0,0,0,0,0,TCGA-06-2558
369,0,45.92,white,0,1,0,0,0,0,1,0,0,0,0,1,0,0,0,0,0,0,0,0,0,TCGA-E1-A7YO
370,0,66.44,black or african american,1,0,0,0,0,1,0,1,0,0,1,0,0,0,0,0,0,0,0,0,0,TCGA-76-6656
371,0,54.81,white,1,0,0,0,0,1,0,0,0,0,0,0,0,0,0,0,0,0,0,0,0,TCGA-06-0154
372,0,32.43,white,0,0,0,0,0,0,1,0,0,0,0,0,0,0,0,0,0,0,1,0,0,TCGA-DH-5141
373,1,49.83,white,0,1,1,1,0,0,0,0,0,0,0,0,0,0,0,0,0,0,0,0,0,TCGA-DH-A66G
374,1,31.29,white,0,1,1,1,0,0,0,0,0,0,0,0,0,0,0,0,0,0,0,0,0,TCGA-DU-6396
375,1,38.22,white,0,1,0,0,0,1,0,0,1,0,0,0,0,0,0,1,0,0,0,0,0,TCGA-S9-A6WN
376,1,35.1,asian,0,1,0,0,0,0,0,0,0,0,0,0,0,1,0,0,0,0,0,0,0,TCGA-VW-A7QS
377,0,43.39,white,0,1,1,0,0,0,0,0,0,0,0,0,0,1,0,0,1,0,0,0,0,TCGA-QH-A6CW
378,1,34.38,white,0,1,1,1,0,0,0,0,0,0,0,0,0,0,0,0,0,0,0,0,0,TCGA-HW-8319
379,1,61.5,white,1,0,0,0,0,0,0,0,0,0,0,0,0,0,0,0,0,0,0,0,0,TCGA-12-3648
380,0,31.42,white,0,1,1,0,0,0,0,0,0,0,0,0,0,0,0,0,0,0,0,0,0,TCGA-HW-8321
381,1,54.21,black or african american,1,0,0,1,1,1,0,0,0,0,0,0,0,0,0,0,0,0,0,0,0,TCGA-4W-AA9T
382,1,71.19,white,1,0,1,0,1,0,0,0,0,0,0,0,1,0,0,0,0,0,0,0,0,TCGA-76-6283
383,0,60.72,white,1,0,0,0,0,0,0,0,1,1,0,0,0,0,0,0,0,0,0,0,0,TCGA-28-6450
384,1,43.87,white,0,0,0,0,0,1,0,0,0,0,0,0,0,0,0,0,1,0,0,0,0,TCGA-TM-A7C3
385,0,88.57,white,1,0,0,0,0,0,0,0,0,1,0,0,0,0,0,0,0,0,0,0,0,TCGA-41-3392
386,1,69.6,white,1,0,0,0,1,0,0,1,0,0,1,0,0,0,0,0,0,0,0,0,0,TCGA-28-2513
387,1,52.4,white,0,1,1,0,0,0,0,0,0,0,0,0,0,0,0,0,0,0,0,0,0,TCGA-FG-A6J3
388,0,35.18,white,0,1,1,1,0,0,0,0,0,0,0,0,0,0,0,0,0,0,0,0,0,TCGA-P5-A72W
389,0,66.3,white,1,1,1,0,0,0,0,0,0,0,0,0,0,0,0,0,0,0,0,0,0,TCGA-06-0128
390,0,34.19,white,0,1,0,0,0,0,1,0,0,0,0,0,0,0,0,0,0,0,0,0,0,TCGA-S9-A6WE
391,1,32.78,white,0,1,1,1,0,0,0,1,0,0,1,0,0,0,0,0,0,0,0,1,0,TCGA-E1-A7YE
392,1,59.43,white,1,0,1,0,1,1,0,0,1,0,0,0,0,0,0,0,0,0,0,0,0,TCGA-27-1838
393,0,47.91,white,0,0,1,0,0,0,0,0,0,1,0,0,0,1,0,0,0,0,0,0,0,TCGA-HT-8564
394,0,61.06,black or african american,0,1,0,0,0,0,1,0,0,1,0,1,0,0,0,0,0,0,0,0,0,TCGA-HT-7608
395,1,41.56,white,0,1,1,0,0,0,0,0,0,0,0,0,0,0,0,0,0,0,0,0,0,TCGA-TM-A7CF
396,1,34.58,white,0,1,1,0,0,0,0,1,0,0,0,0,0,0,0,0,0,0,0,0,0,TCGA-WY-A859
397,0,54.27,white,0,0,0,0,0,0,0,0,0,1,0,0,0,0,0,0,0,0,0,0,0,TCGA-DU-A76L
398,1,54.8,white,0,1,0,0,0,0,0,0,0,0,0,1,0,1,0,0,0,0,0,0,0,TCGA-TM-A84G
399,1,76.65,white,1,0,0,0,0,0,0,0,0,0,1,0,0,0,0,0,0,0,0,1,0,TCGA-19-5951
400,0,56.28,white,1,0,0,0,1,0,0,1,0,0,0,0,0,0,0,0,0,0,0,0,0,TCGA-27-2524
401,0,65.94,white,1,0,1,0,0,0,0,0,0,0,0,0,1,0,0,0,0,0,0,0,0,TCGA-14-0812
402,1,66.52,white,1,0,0,0,1,0,0,0,0,0,0,0,0,0,0,0,0,0,0,0,0,TCGA-12-1093
403,0,43.67,white,1,1,1,0,0,0,0,0,0,0,0,0,0,0,0,0,0,0,0,0,0,TCGA-26-1442
404,1,64.82,white,1,0,0,0,0,1,0,0,0,0,1,0,0,0,0,0,0,1,0,0,0,TCGA-14-0790
405,0,65.16,white,1,0,0,0,1,0,0,0,0,0,1,0,0,0,0,0,0,0,0,0,0,TCGA-32-1976
406,1,58.15,white,0,1,0,0,0,0,1,0,0,0,0,0,0,0,1,0,0,0,0,0,0,TCGA-QH-A6X5
407,0,26.32,white,0,0,1,1,0,0,0,0,0,0,0,0,0,0,0,0,0,0,1,1,0,TCGA-HT-7476
408,0,52.63,white,0,1,0,0,0,0,1,0,0,0,0,0,0,0,0,0,0,0,0,0,0,TCGA-S9-A6UB
409,0,39.16,white,1,1,1,1,0,0,0,0,0,0,0,0,0,0,0,0,0,0,0,0,0,TCGA-19-1788
410,1,57.86,white,0,1,1,1,0,0,0,0,0,0,0,0,0,0,0,0,0,0,0,0,0,TCGA-S9-A6WQ
411,0,82.04,white,1,0,1,0,1,0,0,0,0,0,1,0,1,0,0,0,0,0,0,0,0,TCGA-32-2634
412,1,40.82,white,0,1,1,1,0,0,0,0,0,0,0,0,0,0,0,0,0,0,0,0,0,TCGA-HT-8018
413,0,57.55,white,0,0,1,0,0,1,0,0,1,0,0,0,0,0,0,0,0,0,0,0,0,TCGA-E1-A7YD
414,1,59.62,white,1,0,0,0,1,0,0,0,0,0,0,0,0,0,0,0,0,0,0,0,0,TCGA-06-0168
415,0,39.48,white,0,1,1,0,0,0,0,0,0,0,0,0,0,0,0,1,1,0,0,0,0,TCGA-CS-5393
416,0,68.61,black or african american,1,0,0,0,0,0,0,0,0,0,0,0,0,0,0,0,0,0,0,0,0,TCGA-19-A6J4
417,1,53.96,white,0,1,0,0,0,0,0,0,0,0,0,0,0,0,0,0,0,0,0,0,0,TCGA-DB-A4XH
418,0,35.19,white,0,1,1,1,0,0,0,0,0,0,1,0,0,0,0,0,0,0,0,0,0,TCGA-P5-A5EU
419,0,78.25,white,1,0,1,0,1,0,0,0,0,0,0,0,0,0,0,0,0,0,0,0,0,TCGA-14-0813
420,1,81.06,white,1,0,0,0,0,0,0,0,0,1,0,0,0,0,0,0,0,0,0,0,0,TCGA-06-0119
421,0,29.82,black or african american,0,0,0,0,0,0,1,0,1,0,0,0,0,0,0,0,0,0,1,0,0,TCGA-TQ-A7RO
422,0,55.57,white,1,0,1,0,0,0,0,0,0,0,0,0,0,0,0,0,0,0,0,0,0,TCGA-06-0189
423,0,74.81,white,1,0,0,0,1,0,0,0,0,0,0,0,0,0,0,0,0,0,0,0,0,TCGA-76-6192
424,0,53.5,white,0,1,0,0,0,0,0,0,0,1,1,1,0,1,0,0,0,0,0,0,0,TCGA-DU-6394
425,0,31.03,white,0,1,0,0,0,0,1,0,0,0,0,0,0,1,0,0,0,0,0,0,0,TCGA-E1-5311
426,1,32.73,white,1,0,0,0,0,0,0,0,0,0,0,0,0,0,0,0,0,0,0,0,0,TCGA-06-0151
427,1,36.83,white,1,0,0,0,0,1,0,0,0,0,0,0,0,0,0,0,0,0,0,0,0,TCGA-12-0616
428,1,30.09,white,0,1,1,0,0,0,0,0,0,0,0,0,0,0,0,0,0,0,0,0,0,TCGA-HT-7601
429,1,65.08,white,0,0,0,0,1,0,0,0,0,0,0,0,0,0,0,0,0,0,0,0,0,TCGA-HT-A5RA
430,1,70.56,white,0,0,0,0,0,1,0,0,0,0,0,0,0,0,0,0,0,0,0,0,0,TCGA-HT-A5RC
431,1,41.18,white,0,1,1,1,0,0,0,0,0,0,0,0,0,0,0,1,0,0,0,0,0,TCGA-DU-7015
432,0,38.3,white,0,1,1,0,0,0,0,0,0,0,0,0,0,0,0,0,0,0,0,0,0,TCGA-DB-A4XB
433,1,33.21,white,0,1,0,1,0,0,0,0,0,0,0,0,0,0,0,0,0,0,0,0,0,TCGA-DB-A4X9
434,0,68.92,white,1,0,0,0,0,0,0,0,0,0,0,0,0,0,0,0,0,0,0,1,0,TCGA-26-1799
435,0,22.02,white,0,0,0,0,0,0,0,0,0,0,0,0,0,0,0,0,0,0,1,0,0,TCGA-P5-A730
436,0,25.27,white,0,1,1,1,0,0,0,0,0,0,0,0,0,0,0,0,0,0,0,0,0,TCGA-FN-7833
437,1,48.67,white,0,0,0,0,0,0,1,0,0,0,0,0,0,0,0,0,0,0,1,0,0,TCGA-HT-A5R9
438,1,72.16,white,1,0,0,0,0,0,0,1,1,0,0,0,0,0,0,0,0,0,0,0,0,TCGA-19-5954
439,0,64.52,white,1,0,0,0,1,1,0,0,0,0,0,0,0,0,0,0,0,0,0,0,0,TCGA-81-5910
440,0,74.86,white,1,0,0,0,1,0,0,0,0,1,1,0,0,0,0,0,0,0,0,0,0,TCGA-76-6657
441,0,70.66,white,0,1,0,0,0,0,0,0,0,0,0,0,1,0,0,0,0,0,0,0,0,TCGA-DH-A669
442,0,69.64,white,1,0,1,0,1,1,0,0,0,0,0,0,0,0,0,1,0,0,0,0,0,TCGA-06-0743
443,1,51.16,white,0,0,0,0,0,0,0,0,1,0,0,0,0,0,0,0,0,0,0,0,0,TCGA-DU-6405
444,1,85.61,white,1,0,0,0,0,0,0,0,1,0,0,0,0,0,0,0,0,1,0,0,0,TCGA-76-4928
445,1,44.56,white,0,1,1,0,0,0,0,1,0,0,0,0,0,0,0,1,1,0,0,0,0,TCGA-TM-A84H
446,0,33.65,white,1,0,0,0,1,1,0,0,0,0,0,0,1,0,0,1,0,0,0,0,0,TCGA-81-5911
447,1,59.7,white,0,0,0,0,0,0,1,0,0,0,0,1,0,0,0,0,0,0,1,1,0,TCGA-DH-A7UR
448,1,57.85,white,0,0,0,0,1,1,0,0,0,0,0,0,0,0,0,0,0,0,0,0,0,TCGA-DU-8158
449,0,35.52,white,0,1,1,1,0,0,0,1,0,0,0,0,0,0,0,0,0,0,0,0,0,TCGA-FG-8182
450,0,68.68,white,1,0,0,0,0,1,0,0,0,0,0,0,0,0,0,0,0,0,0,0,0,TCGA-76-4926
451,1,53.85,white,1,0,1,0,0,0,0,0,0,0,0,0,0,0,0,0,0,0,0,0,0,TCGA-12-1088
452,1,76.47,white,1,0,1,0,1,1,0,1,0,0,0,0,1,0,0,0,0,0,0,0,0,TCGA-19-2625
453,1,76.2,white,1,0,1,0,0,0,0,0,0,0,1,0,0,0,0,0,0,0,0,0,1,TCGA-76-4929
454,1,38.59,white,1,1,1,0,0,0,0,0,0,0,0,0,0,0,0,0,0,0,0,0,0,TCGA-12-0827
455,1,51.47,white,0,1,0,0,0,0,1,0,0,0,0,0,0,0,0,0,0,0,0,0,0,TCGA-HT-A4DV
456,0,36.3,white,1,0,1,0,1,0,0,0,0,0,0,0,0,0,0,0,0,0,0,0,0,TCGA-19-4065
457,0,74.16,white,1,0,0,0,0,0,0,0,0,0,1,0,0,0,0,0,0,0,0,0,0,TCGA-12-0688
458,1,46.3,white,0,1,0,0,0,0,1,0,0,0,0,0,0,0,0,0,0,0,0,0,0,TCGA-RY-A83X
459,0,59.03,white,1,0,1,0,0,0,0,0,0,1,0,0,0,0,0,0,0,0,0,0,0,TCGA-26-5133
460,0,28.07,white,0,1,1,1,0,0,0,0,0,0,0,0,0,0,0,0,0,1,0,0,0,TCGA-S9-A6U6
461,1,66.58,white,1,0,1,0,1,0,0,0,0,0,0,0,0,0,0,0,0,0,0,0,0,TCGA-76-4934
462,0,36.75,white,0,1,0,0,0,0,0,0,1,0,0,0,0,0,0,0,0,0,0,0,0,TCGA-TM-A84S
463,0,57.75,white,1,0,0,0,0,0,0,0,0,0,0,0,0,0,0,0,0,0,0,0,0,TCGA-26-6173
464,1,72.53,white,1,0,0,0,0,0,0,0,0,0,0,0,0,0,0,0,0,0,0,0,1,TCGA-26-5135
465,0,71.86,black or african american,1,0,1,0,1,0,0,0,0,0,0,0,0,0,0,0,0,0,0,0,0,TCGA-06-0644
466,0,63.24,white,1,0,0,0,0,0,0,0,0,0,0,0,0,0,0,0,0,0,0,0,0,TCGA-28-5218
467,0,55.73,white,1,0,0,0,0,0,0,0,0,0,0,0,0,0,0,0,0,0,0,1,0,TCGA-15-1446
468,1,56.28,white,0,1,0,1,0,0,1,0,0,0,0,1,0,1,0,0,0,0,0,0,0,TCGA-DH-5144
469,1,33.96,white,0,1,1,1,0,0,0,0,0,0,0,0,0,0,0,0,0,0,0,0,0,TCGA-HT-A5R5
470,0,61.1,black or african american,1,0,1,0,1,0,0,1,0,0,0,0,0,0,0,0,0,0,0,0,0,TCGA-4W-AA9R
471,1,44.63,white,0,1,1,1,0,0,0,0,0,0,0,0,0,0,0,0,0,0,0,0,0,TCGA-P5-A736
472,1,69.14,white,1,0,0,0,0,1,0,0,1,0,0,0,0,0,0,0,0,0,0,0,0,TCGA-32-1979
473,0,50.83,white,0,0,0,0,0,0,0,0,0,0,0,0,0,0,0,0,0,0,1,0,0,TCGA-S9-A6TY
474,1,31.51,white,0,1,1,1,0,0,0,0,0,0,0,0,0,0,0,0,0,0,0,0,0,TCGA-CS-4938
475,0,47.36,white,1,0,0,0,0,0,0,0,0,0,0,0,0,0,0,0,0,0,0,0,0,TCGA-06-1806
476,1,58.4,white,0,1,1,1,0,0,0,1,0,0,0,0,0,0,0,0,0,0,0,1,0,TCGA-HT-7689
477,1,58.04,white,0,1,1,1,0,0,0,0,0,0,0,0,0,0,0,0,0,0,0,0,0,TCGA-DU-7010
478,1,62.55,white,0,1,0,0,0,0,0,0,0,0,0,0,0,0,0,0,0,0,0,0,0,TCGA-DU-5874
479,0,50.5,black or african american,0,1,1,1,0,0,0,1,0,0,0,0,0,0,0,0,0,0,0,0,0,TCGA-HT-7604
480,0,54.95,white,1,0,1,0,0,0,0,0,1,0,0,0,1,0,0,0,0,0,0,0,0,TCGA-02-0033
481,1,61.67,white,1,0,0,0,1,0,0,1,0,0,0,0,0,0,0,0,0,0,0,0,0,TCGA-06-0216
482,0,37.09,white,0,1,0,0,0,0,0,0,0,0,0,0,0,0,0,0,0,0,0,0,0,TCGA-HW-7486
483,0,61.31,white,1,0,0,0,0,0,0,0,0,1,0,0,0,0,0,0,0,0,0,0,0,TCGA-14-1043
484,1,58.02,white,1,0,0,0,0,0,0,1,0,0,0,0,0,0,0,0,0,0,0,0,0,TCGA-06-6699
485,0,49.02,black or african american,1,0,0,0,1,0,0,0,0,0,0,0,0,0,0,0,0,0,0,0,0,TCGA-14-0781
486,0,51.24,black or african american,1,0,0,0,0,0,0,0,0,0,1,0,0,0,0,0,0,0,0,0,0,TCGA-RR-A6KB
487,1,62.45,white,0,1,1,1,0,0,0,0,0,0,0,0,0,0,0,0,0,0,0,0,0,TCGA-DU-A5TU
488,1,59.58,white,0,0,0,0,0,0,0,0,0,0,0,0,0,0,0,0,0,0,0,0,0,TCGA-S9-A6WM
489,0,74.23,white,1,0,0,0,0,0,0,0,0,0,0,0,0,0,0,0,0,0,0,0,1,TCGA-26-5134
490,0,74.43,white,0,1,0,0,0,0,0,0,0,0,0,0,0,0,0,0,0,0,0,0,0,TCGA-HT-7687
491,1,52.65,white,1,0,0,0,1,0,0,0,0,0,0,0,0,0,0,0,0,0,0,0,0,TCGA-76-4935
492,1,34.93,white,0,1,0,0,0,0,0,0,0,0,0,0,0,0,0,0,0,0,0,0,0,TCGA-P5-A781
493,1,58.43,black or african american,0,0,0,0,0,1,0,0,0,0,0,0,0,0,0,0,0,0,0,0,0,TCGA-E1-A7YQ
494,0,34.73,white,1,1,1,1,0,0,1,0,0,0,0,0,0,0,0,0,0,0,0,0,0,TCGA-27-2521
495,0,19.15,white,0,1,1,1,0,0,0,0,0,0,0,0,0,0,0,0,0,0,0,0,0,TCGA-TM-A84T
496,0,34.36,white,0,0,0,0,0,0,0,0,0,1,0,0,0,1,0,0,0,0,1,0,0,TCGA-DB-A4XG
497,0,31.51,white,0,1,1,1,0,0,0,0,0,0,0,0,0,0,0,0,0,0,0,0,0,TCGA-S9-A6WG
498,0,66.47,white,0,0,0,0,0,1,0,1,0,0,0,0,0,0,0,0,0,0,0,0,0,TCGA-HT-A61C
499,0,47.34,white,0,1,1,1,0,0,0,0,0,0,0,0,0,0,0,0,0,0,0,0,0,TCGA-DB-A75M
500,1,39.01,white,0,1,1,1,0,0,0,0,0,0,0,0,0,0,0,0,0,0,0,0,0,TCGA-FG-5965
501,0,52.67,white,1,0,0,0,1,1,0,0,0,0,0,0,0,0,0,0,0,0,0,0,0,TCGA-14-1395
502,1,21.79,black or african american,1,0,1,1,0,0,0,0,0,0,0,0,0,0,0,0,0,0,0,0,0,TCGA-06-A5U0
503,0,29.09,white,0,1,1,1,0,0,0,1,0,0,0,0,0,0,0,0,0,0,0,0,0,TCGA-DU-5853
504,0,49.62,white,1,0,0,0,0,0,0,0,0,0,0,0,0,0,0,0,0,0,0,0,0,TCGA-06-0132
505,0,65.26,white,1,0,1,0,0,0,0,0,0,0,0,0,1,0,0,0,0,0,0,0,0,TCGA-19-2623
506,1,53.24,white,1,0,1,0,0,0,0,0,0,0,0,0,0,0,0,0,0,0,0,0,0,TCGA-27-1835
507,1,44.25,white,0,1,1,0,0,0,0,0,0,0,0,0,0,0,0,0,0,0,0,0,0,TCGA-P5-A780
508,1,55.42,white,0,1,0,0,0,0,1,0,0,1,0,1,0,1,0,0,0,0,0,0,0,TCGA-DB-A75K
509,1,52.74,white,1,0,0,0,0,0,0,0,0,0,0,0,0,0,0,0,0,0,0,0,0,TCGA-28-1755
510,0,83.73,white,1,0,1,0,1,0,0,0,0,0,0,0,0,0,1,0,0,0,0,0,1,TCGA-06-2559
511,0,44.94,white,0,1,1,1,0,0,0,0,0,0,0,0,0,0,0,0,0,0,0,0,0,TCGA-TM-A7CA
512,0,23.47,white,0,0,1,1,0,0,0,0,0,1,0,0,0,0,0,0,0,0,0,0,0,TCGA-FG-5963
513,1,50.9,white,1,0,0,0,0,1,0,0,0,0,0,0,0,0,0,0,0,0,0,0,0,TCGA-14-0786
514,1,48.94,white,0,1,0,1,0,0,0,0,0,0,0,0,0,0,0,0,0,0,0,0,0,TCGA-S9-A7IZ
515,1,37.23,black or african american,0,1,0,0,0,0,1,0,0,0,0,1,0,0,0,0,0,0,0,0,0,TCGA-DU-A6S2
516,0,20.23,white,0,1,1,1,0,0,0,0,0,0,0,0,0,0,0,0,0,0,0,0,0,TCGA-DB-A64S
517,0,47.45,american indian or alaska native,0,0,0,0,0,0,0,0,0,0,0,0,0,0,0,0,0,0,0,0,0,TCGA-HT-A617
518,0,40.13,white,0,1,0,0,0,0,0,0,1,0,0,1,0,0,0,0,0,0,0,0,0,TCGA-HT-7620
519,0,47.62,white,0,1,1,1,0,0,0,0,0,0,0,0,0,0,0,0,1,0,0,0,0,TCGA-HT-A614
520,0,52.43,white,0,1,1,1,0,0,0,0,0,0,0,0,0,0,0,0,0,0,0,0,0,TCGA-HT-7474
521,0,40.14,white,0,1,1,0,0,0,1,1,0,0,0,1,0,0,0,0,0,0,0,0,0,TCGA-TM-A84M
522,1,53.2,asian,0,1,0,0,0,0,1,0,1,0,0,0,0,0,0,0,0,0,0,0,0,TCGA-R8-A6MO
523,0,40.73,white,1,0,0,0,0,0,0,0,0,0,0,0,0,0,0,0,0,0,0,0,0,TCGA-12-0820
524,1,63.72,white,1,0,0,0,0,1,0,0,0,0,0,0,0,0,0,1,0,0,0,0,0,TCGA-06-0137
525,0,53.69,white,0,1,0,0,0,0,1,0,0,0,0,1,0,0,0,0,0,0,0,0,0,TCGA-HT-7677
526,0,49.48,white,1,0,1,0,0,0,0,0,0,0,0,0,0,0,0,0,0,0,0,0,0,TCGA-12-0618
527,0,60.18,white,0,1,1,1,0,0,0,0,0,0,0,0,0,0,0,0,0,0,0,0,0,TCGA-WY-A85D
528,0,38.91,white,0,1,1,1,0,0,0,0,0,0,0,0,0,0,0,0,0,0,0,0,0,TCGA-E1-5303
529,0,62.52,white,1,0,1,0,1,0,0,0,0,1,0,0,0,0,0,0,0,0,0,0,0,TCGA-06-0190
530,0,76.69,white,1,0,1,0,1,0,0,0,0,0,0,0,0,0,0,0,0,0,0,0,0,TCGA-76-4925
531,0,67.9,white,0,1,1,1,0,0,0,0,0,0,0,0,0,0,0,0,0,0,0,0,0,TCGA-DU-7306
532,0,41.89,white,0,1,1,0,0,0,1,0,0,0,0,1,0,0,0,0,0,0,0,0,0,TCGA-S9-A7QZ
533,1,49.96,white,1,1,1,0,0,0,0,0,0,0,0,0,0,0,0,0,0,0,0,0,0,TCGA-06-6389
534,0,64.0,white,0,0,0,0,1,1,0,0,0,0,0,0,0,0,0,0,0,0,0,0,0,TCGA-FG-6692
535,0,85.18,white,1,0,1,0,1,0,0,0,0,0,0,0,0,0,0,0,0,0,0,0,0,TCGA-16-0846
536,0,51.25,white,1,0,1,0,0,0,0,0,0,0,0,0,0,0,0,0,0,0,0,0,0,TCGA-12-0662
537,0,27.45,white,0,1,0,0,0,0,0,0,0,0,0,0,0,1,0,0,0,0,0,0,0,TCGA-P5-A5ET
538,1,43.4,white,0,1,0,0,0,0,1,0,0,0,0,0,0,0,0,0,0,0,0,0,0,TCGA-QH-A65V
539,0,39.69,white,0,1,1,1,0,0,0,0,0,0,0,0,0,0,0,0,1,0,0,0,0,TCGA-HT-7855
540,1,31.75,white,0,1,1,1,0,0,0,0,0,0,0,0,0,0,0,0,0,0,0,0,0,TCGA-DU-6401
541,0,58.46,white,0,1,0,0,0,0,0,0,0,0,0,0,0,0,0,0,0,0,0,0,0,TCGA-HT-7684
542,0,25.64,white,0,1,0,0,0,0,1,0,0,0,0,0,0,0,0,0,0,0,0,0,0,TCGA-VM-A8CE
543,1,82.32,white,1,0,0,0,0,0,0,0,0,0,0,0,0,0,0,0,0,0,0,0,0,TCGA-19-1791
544,1,62.53,white,0,1,1,1,0,0,0,0,0,0,0,0,0,0,0,0,0,0,0,0,0,TCGA-E1-5307
545,1,58.43,white,0,0,0,0,0,1,0,0,0,0,0,0,0,0,0,0,0,0,0,0,0,TCGA-E1-A7Z2
546,1,54.49,white,0,1,1,1,0,0,0,0,0,0,0,0,0,0,0,0,0,0,0,0,0,TCGA-RY-A83Z
547,0,61.14,white,1,0,1,0,1,0,0,1,0,0,0,0,1,0,0,0,0,0,0,0,0,TCGA-06-1800
548,0,52.67,white,1,0,1,0,1,0,0,0,0,0,0,0,0,0,0,0,0,0,0,0,0,TCGA-28-5216
549,0,67.51,white,1,0,0,0,0,0,0,1,0,0,0,0,0,0,0,0,0,0,0,0,0,TCGA-32-2638
550,0,58.73,white,0,0,0,0,0,1,0,0,0,0,0,0,0,0,0,0,0,0,0,0,0,TCGA-FG-A4MU
551,0,75.8,white,0,1,0,0,0,0,1,0,0,0,0,1,0,0,0,0,0,0,0,0,0,TCGA-HT-7616
552,0,30.38,white,0,0,1,1,0,0,0,0,0,0,0,0,0,0,0,0,0,0,0,0,1,TCGA-HT-7469
553,1,77.49,white,1,0,1,0,1,0,0,0,0,0,0,0,0,0,0,0,0,0,0,0,0,TCGA-28-1746
554,1,34.52,white,0,0,0,0,1,0,0,0,0,1,0,0,1,0,0,0,0,0,0,0,0,TCGA-DU-5847
555,1,38.18,white,0,0,1,0,0,0,0,0,0,1,0,0,0,0,0,0,0,0,0,0,0,TCGA-DH-5140
556,0,42.85,black or african american,0,1,0,1,0,0,0,0,0,0,0,0,0,0,0,0,0,0,0,0,0,TCGA-DU-A5TS
557,0,14.42,white,0,1,1,0,0,0,0,0,0,0,0,0,0,0,0,0,0,0,0,0,0,TCGA-HT-7483
558,1,33.11,white,0,1,0,1,0,0,0,0,0,0,0,0,0,0,0,0,0,1,0,0,0,TCGA-HT-A5R7
559,1,73.28,white,0,1,0,0,0,0,1,1,0,0,0,0,0,0,0,0,0,0,0,0,0,TCGA-DU-A7T6
560,1,20.84,white,0,1,1,1,0,0,0,0,0,0,0,0,0,0,0,0,0,0,0,0,0,TCGA-P5-A5EW
561,0,53.54,white,0,1,1,0,0,0,0,1,0,0,0,0,0,0,0,0,0,0,0,1,0,TCGA-HT-8106
562,1,73.01,white,1,0,0,0,0,0,0,0,0,1,0,0,0,0,0,0,0,0,0,0,0,TCGA-41-6646
563,1,34.95,white,0,1,0,0,0,0,1,0,0,0,1,0,0,0,0,0,0,0,0,0,0,TCGA-DU-5870
564,0,54.9,white,1,0,0,0,0,1,0,0,0,1,0,0,0,0,0,0,0,0,0,0,0,TCGA-14-0789
565,1,48.5,white,1,0,0,0,1,0,0,0,0,0,0,1,0,0,0,0,0,1,0,0,0,TCGA-19-0957
566,1,72.78,black or african american,1,0,0,0,0,0,0,0,1,0,0,0,0,0,0,0,0,0,0,0,0,TCGA-RR-A6KA
567,1,53.11,white,0,1,1,0,0,0,0,0,0,0,0,0,0,0,0,0,0,0,0,0,0,TCGA-CS-5396
568,1,21.73,white,1,1,1,1,0,0,0,0,1,0,0,0,0,0,0,0,0,0,0,0,0,TCGA-06-2570
569,1,33.15,black or african american,0,1,1,1,0,0,0,1,0,0,0,0,0,0,0,0,0,0,0,0,0,TCGA-DU-A5TW
570,1,44.57,white,0,1,1,1,0,0,0,0,0,0,0,0,0,0,0,0,0,0,0,0,0,TCGA-HT-7884
571,1,69.61,white,1,0,1,0,0,0,0,0,0,0,0,0,0,0,0,0,0,0,0,0,0,TCGA-14-0817
572,0,35.17,white,0,1,1,1,0,0,0,0,0,0,0,0,0,0,0,0,0,0,0,0,0,TCGA-HW-A5KM
573,0,73.28,white,1,0,0,0,1,1,0,0,0,0,0,0,0,0,0,0,0,0,0,0,0,TCGA-28-1749
574,0,21.76,white,0,1,1,0,0,0,0,0,0,0,0,0,0,0,0,0,0,0,0,0,0,TCGA-HT-7602
575,0,36.97,white,0,1,1,1,0,0,0,0,0,0,0,0,0,0,0,0,0,0,0,0,0,TCGA-HW-8320
576,1,66.7,white,1,0,0,0,1,1,0,0,0,0,0,0,0,0,0,0,0,0,0,0,0,TCGA-28-5209
577,0,47.96,white,1,0,0,0,0,1,0,1,0,0,0,0,0,0,0,0,0,0,0,0,0,TCGA-06-0211
578,1,48.89,white,0,1,1,1,0,0,0,0,0,0,0,0,0,0,0,0,0,0,0,0,0,TCGA-S9-A6TS
579,0,52.45,white,0,1,1,1,0,0,0,0,0,0,0,0,0,1,0,0,0,0,0,0,0,TCGA-DH-A66B
580,0,51.3,white,0,1,0,0,0,0,0,0,1,0,0,1,0,0,0,0,0,0,0,0,0,TCGA-DU-8164
581,1,37.22,white,0,0,1,1,0,0,0,0,0,0,0,0,0,0,0,0,0,0,0,0,0,TCGA-HT-A618
582,1,39.36,white,0,1,1,0,0,0,0,0,0,0,0,0,0,0,0,0,0,0,0,1,0,TCGA-CS-6667
583,1,53.64,white,1,0,1,1,1,1,1,1,0,1,1,0,1,0,0,1,0,1,0,1,1,TCGA-19-5956
584,0,36.61,white,0,1,1,1,0,0,0,1,0,0,0,0,0,0,0,0,0,0,0,0,0,TCGA-DB-5275
585,0,48.95,white,1,0,1,0,1,0,0,0,0,0,1,0,0,0,0,0,0,0,0,0,0,TCGA-41-3915
586,0,63.55,white,1,0,0,0,0,0,0,0,0,0,0,0,0,0,0,0,0,0,0,0,0,TCGA-06-5859
587,1,73.9,white,0,1,1,1,0,0,0,0,0,0,0,0,0,0,0,0,0,0,0,0,0,TCGA-QH-A6X9
588,0,66.74,white,1,0,1,0,1,0,0,0,0,1,0,0,0,0,0,0,0,1,0,0,0,TCGA-14-1795
589,0,65.06,white,1,0,0,0,0,0,0,0,0,0,0,0,0,0,0,0,0,0,0,0,0,TCGA-06-6697
590,0,59.99,white,1,0,0,0,1,0,0,0,0,0,0,0,0,0,0,0,0,0,0,0,0,TCGA-41-2573
591,1,48.95,white,0,1,1,1,0,0,0,1,1,0,0,0,0,0,0,0,0,0,0,0,0,TCGA-WY-A85E
592,0,58.0,white,0,0,0,0,1,1,0,0,0,0,0,0,0,0,0,0,0,0,0,0,0,TCGA-HT-8110
593,0,49.51,white,0,1,0,0,0,0,0,0,0,0,0,0,0,0,0,0,0,0,0,0,0,TCGA-FG-7637
594,0,35.99,white,0,0,0,0,0,0,0,0,1,0,0,0,0,0,0,0,0,0,1,0,0,TCGA-HT-7856
595,0,39.36,white,0,1,1,0,0,0,0,1,0,0,0,0,0,0,0,0,0,0,0,0,0,TCGA-P5-A5EZ
596,0,41.32,white,0,1,1,1,0,0,0,0,0,0,0,0,0,0,0,0,0,0,0,0,0,TCGA-HW-7490
597,0,78.74,white,1,0,0,0,0,0,0,0,1,0,0,0,0,0,0,0,0,0,0,0,0,TCGA-02-0047
598,0,42.01,white,0,1,1,0,0,0,0,0,0,0,0,0,0,0,0,0,0,0,0,0,0,TCGA-E1-A7YU
599,1,47.82,white,0,1,1,1,0,0,0,0,0,0,0,0,0,0,0,0,0,0,0,0,0,TCGA-E1-A7YH
600,0,30.24,white,0,1,1,1,0,0,0,0,0,1,0,0,0,0,0,0,0,0,0,0,0,TCGA-HT-7880
601,1,54.4,white,0,1,1,1,0,0,0,0,0,0,0,0,0,0,0,0,0,0,0,0,0,TCGA-S9-A7QW
602,0,46.5,white,0,0,1,0,0,0,0,0,0,0,0,0,0,0,0,0,0,0,0,0,0,TCGA-E1-A7YL
603,1,36.5,white,0,1,1,1,0,0,0,1,0,0,0,0,0,0,0,0,0,0,0,0,0,TCGA-S9-A7QX
604,1,70.67,white,1,0,0,0,1,1,0,0,0,0,0,0,0,0,0,0,0,0,0,0,0,TCGA-76-4931
605,1,44.37,white,1,0,0,1,0,0,0,0,1,0,0,0,0,0,0,0,0,0,0,0,0,TCGA-06-6391
606,0,56.68,asian,0,0,0,0,0,0,0,0,0,0,1,0,0,0,0,0,0,0,0,0,0,TCGA-DU-A7TB
607,1,35.19,white,0,1,1,0,0,0,0,0,0,0,0,0,0,0,0,0,0,0,0,0,0,TCGA-P5-A5F4
608,0,56.51,white,1,0,0,0,0,0,0,0,0,0,0,0,0,0,0,0,0,0,0,0,0,TCGA-19-5960
609,0,39.17,white,0,1,0,0,0,0,0,0,1,0,1,1,0,1,0,0,0,0,0,0,0,TCGA-HT-7481
610,0,20.21,white,0,0,0,1,0,0,0,0,0,0,0,0,0,0,0,0,1,0,0,0,0,TCGA-WY-A85A
611,0,31.1,white,0,1,0,0,0,0,1,0,0,0,0,0,0,0,0,0,0,1,0,0,0,TCGA-FG-7641
612,1,69.22,white,1,0,0,0,0,1,0,0,0,0,0,0,0,0,0,0,0,0,0,0,0,TCGA-19-1789
613,0,43.61,white,0,1,0,0,0,0,1,0,1,0,0,1,0,0,0,0,0,0,0,0,0,TCGA-S9-A7J1
614,0,44.25,white,0,1,0,0,0,0,0,0,0,0,0,0,0,1,1,0,0,0,0,0,0,TCGA-VV-A829
615,1,42.09,white,0,0,0,0,0,0,1,0,0,0,0,0,0,0,1,0,0,0,1,0,0,TCGA-E1-5318
616,0,27.84,white,0,1,1,1,0,0,0,0,0,0,0,0,0,0,0,0,1,0,0,0,0,TCGA-TQ-A7RV
617,0,31.95,white,0,1,1,1,0,0,0,0,0,0,0,0,0,0,0,0,0,0,0,0,0,TCGA-TM-A84Q
618,1,45.63,white,0,0,0,0,1,0,0,0,0,0,0,0,1,0,0,0,0,0,0,0,0,TCGA-DU-7290
619,1,33.91,white,0,0,0,0,0,0,0,0,0,0,0,0,0,0,0,0,0,0,1,0,0,TCGA-FG-8189
620,0,63.07,white,1,0,0,0,0,0,0,1,0,0,0,0,0,0,0,0,0,0,0,0,0,TCGA-27-2523
621,0,38.24,white,0,1,1,1,0,0,0,0,0,0,0,0,0,0,1,0,0,0,0,0,0,TCGA-HT-7472
622,1,27.02,white,0,1,0,0,0,0,1,0,0,0,0,0,0,0,0,0,0,0,0,0,0,TCGA-E1-A7YY
623,0,38.72,white,0,1,0,0,0,0,1,0,0,0,0,0,0,0,0,0,0,0,0,0,0,TCGA-QH-A6CY
624,0,71.62,black or african american,0,1,0,0,0,0,0,0,0,0,1,0,0,0,0,0,0,0,0,0,0,TCGA-E1-A7YS
625,1,38.04,white,0,1,0,0,0,0,0,0,0,0,0,1,0,0,0,0,0,0,0,1,0,TCGA-HT-A615
626,1,64.57,white,1,0,0,0,0,0,0,0,0,0,0,0,0,0,0,0,0,0,0,0,0,TCGA-06-6693
627,0,66.22,white,1,0,0,0,0,0,0,1,0,1,0,0,0,0,0,0,0,0,0,0,1,TCGA-06-0214
628,1,47.14,black or african american,1,0,0,0,0,0,0,0,1,0,0,0,0,0,0,0,0,0,0,0,0,TCGA-19-5947
629,0,52.59,white,0,0,0,0,1,0,0,0,0,1,0,0,0,0,0,0,0,0,0,1,0,TCGA-DU-6402
630,1,37.78,white,0,1,0,0,0,0,1,0,0,0,0,0,0,0,0,0,0,0,0,0,0,TCGA-TQ-A7RI
631,0,43.71,asian,1,1,1,1,0,0,0,0,0,0,0,0,0,0,0,0,0,0,0,0,0,TCGA-02-2483
632,1,30.95,white,0,1,1,1,0,0,0,0,0,0,0,0,0,0,0,0,0,0,0,0,0,TCGA-HT-8563
633,1,57.05,white,0,1,0,0,0,0,1,0,0,0,0,0,0,0,0,0,0,0,0,0,0,TCGA-CS-6668
634,0,38.35,white,0,1,0,0,0,0,1,0,0,0,0,1,0,0,0,0,0,0,0,0,0,TCGA-QH-A6CZ
635,0,25.52,white,0,1,1,1,0,0,0,0,0,0,0,0,0,0,0,0,0,0,0,0,0,TCGA-DU-7011
636,0,58.04,white,0,0,0,0,1,0,0,0,0,1,0,0,0,0,0,0,0,0,0,0,0,TCGA-VM-A8CD
637,1,71.19,white,0,0,0,0,0,0,0,0,0,0,0,0,0,0,0,0,0,0,1,0,0,TCGA-P5-A72U
638,0,35.25,white,0,0,0,0,0,0,1,0,1,0,0,0,0,0,0,0,0,0,1,0,0,TCGA-HW-7491
639,0,53.02,white,1,0,1,0,1,0,0,0,0,0,0,0,0,0,0,0,0,0,0,0,0,TCGA-28-1753
640,0,69.94,black or african american,1,0,0,0,0,0,0,0,0,1,0,0,0,0,0,0,0,0,0,0,0,TCGA-4W-AA9S
641,0,59.79,white,1,0,0,0,0,0,0,0,0,0,0,0,0,0,0,0,0,0,0,0,0,TCGA-28-2499
642,0,75.53,white,1,0,1,0,0,0,0,0,0,0,0,0,0,0,0,0,0,0,0,0,0,TCGA-41-2575
643,0,29.58,white,0,1,1,0,0,0,0,0,0,0,0,0,0,0,0,0,0,0,0,0,0,TCGA-HT-7873
644,0,55.13,white,1,0,1,0,1,1,0,0,0,0,0,0,0,0,0,1,0,0,0,0,0,TCGA-12-0707
645,0,69.7,white,1,0,0,0,0,0,0,0,0,1,0,0,0,0,0,0,0,0,0,0,0,TCGA-19-1385
646,1,63.32,white,1,0,0,0,1,1,0,1,0,0,0,0,0,0,0,0,0,0,0,0,0,TCGA-06-0157
647,1,48.22,white,0,1,0,0,0,0,1,0,0,0,0,1,0,0,0,0,0,0,0,0,0,TCGA-E1-5319
648,0,60.01,white,1,0,1,0,0,1,0,0,0,0,0,0,1,0,0,0,0,0,0,0,0,TCGA-12-0619
649,1,53.98,black or african american,0,0,0,0,0,1,0,0,0,0,0,0,0,0,0,0,0,0,0,0,0,TCGA-FG-A70Z
650,1,65.11,white,1,0,0,0,0,1,0,0,0,0,1,0,0,0,0,0,0,0,0,1,0,TCGA-26-5139
651,0,33.93,white,0,1,1,1,0,0,0,0,0,0,0,0,0,0,0,0,0,0,0,0,0,TCGA-HT-A74J
652,0,76.32,white,1,0,0,0,0,0,0,1,0,0,0,0,0,0,0,0,0,0,0,0,0,TCGA-06-0209
653,0,61.48,white,1,0,0,0,0,1,0,1,0,0,0,0,0,0,0,1,1,0,0,0,0,TCGA-02-2466
654,0,32.21,white,0,0,1,1,0,0,0,1,0,0,0,0,0,0,0,0,0,0,1,0,0,TCGA-DU-A7TA
655,1,56.02,white,1,0,0,0,0,0,0,0,0,0,0,0,0,0,0,0,0,0,0,0,0,TCGA-12-5299
656,1,75.94,white,1,0,1,0,0,1,0,0,0,0,0,0,0,0,0,0,0,0,0,0,0,TCGA-06-0237
657,0,29.24,white,0,1,1,1,0,0,0,0,0,0,0,0,0,0,0,0,0,0,0,0,0,TCGA-DH-5142
658,0,36.85,white,0,1,1,1,0,0,0,0,0,0,0,0,0,0,0,0,0,0,0,0,0,TCGA-S9-A6U9
659,1,48.21,white,0,1,0,0,0,0,1,0,0,0,0,0,0,0,0,0,0,0,0,0,0,TCGA-R8-A73M
660,0,58.84,white,1,0,0,0,0,0,0,0,0,0,0,0,0,0,0,0,0,0,0,0,0,TCGA-12-1602
661,0,58.39,white,1,0,0,0,0,0,0,0,0,0,0,0,0,0,0,0,0,0,0,0,0,TCGA-06-6390
662,1,20.98,white,0,0,0,0,0,0,0,0,0,0,0,0,0,0,0,0,0,0,0,0,0,TCGA-HT-A61A
663,0,52.09,white,0,0,0,0,1,1,0,0,0,0,0,0,0,0,0,0,0,0,0,0,0,TCGA-DU-A7TD
664,1,47.73,white,0,1,0,0,0,0,1,0,0,0,0,1,0,0,0,0,0,0,0,0,0,TCGA-EZ-7264
665,1,55.13,white,1,0,0,1,1,0,0,0,0,0,0,0,1,0,0,0,0,0,0,0,0,TCGA-06-0213
666,1,49.72,black or african american,1,0,0,0,0,0,0,0,0,0,1,0,0,0,0,0,0,0,0,0,0,TCGA-12-0819
667,0,29.22,white,0,1,1,1,0,0,0,0,0,0,0,0,0,0,0,0,0,0,0,0,0,TCGA-HT-7690
668,1,26.12,white,0,1,1,1,0,0,0,0,0,0,0,0,0,0,0,0,0,0,0,0,0,TCGA-HT-8108
669,0,56.44,white,0,1,0,0,0,0,1,0,0,0,0,0,0,1,0,0,0,0,0,0,0,TCGA-HT-7875
670,0,30.97,white,0,1,1,1,0,0,0,0,0,0,0,0,0,0,0,0,0,0,0,0,0,TCGA-FG-6689
671,1,33.02,white,1,0,1,0,0,0,0,0,0,0,0,0,0,0,0,0,0,0,0,0,0,TCGA-27-1836
672,0,30.65,white,0,1,0,0,0,0,1,1,0,0,0,0,0,0,0,0,0,1,0,0,0,TCGA-DB-A4XA
673,1,56.47,white,0,1,1,0,0,0,0,0,0,0,0,0,0,0,0,1,0,0,0,0,0,TCGA-DB-A64X
674,1,41.61,white,0,0,1,1,0,0,0,0,0,0,0,0,0,0,0,0,0,0,1,0,0,TCGA-DU-7309
675,0,39.83,white,0,1,0,0,0,0,0,0,0,0,0,0,0,1,0,0,1,0,0,0,0,TCGA-HW-8322
676,0,69.59,white,0,0,0,0,0,1,0,0,0,0,0,0,0,0,0,0,0,0,0,0,0,TCGA-S9-A7R2
677,0,66.84,white,0,0,1,0,0,0,0,0,1,0,0,0,0,0,0,0,0,0,0,0,0,TCGA-VW-A8FI
678,1,55.13,white,0,1,0,0,0,0,1,1,1,0,0,1,0,1,0,0,0,0,0,0,0,TCGA-DU-8168
679,0,34.0,white,0,1,0,0,0,0,1,0,0,0,0,0,0,1,0,0,0,0,0,0,0,TCGA-S9-A6U5
680,0,35.89,white,0,1,1,1,0,0,0,0,0,0,0,0,0,0,0,0,0,0,0,0,0,TCGA-DU-A7T8
681,1,75.47,black or african american,1,0,0,0,0,0,0,0,0,0,0,0,0,0,0,0,0,0,0,1,0,TCGA-12-0775
682,0,64.12,white,1,0,0,0,1,0,0,0,0,0,0,0,0,0,0,0,0,0,0,0,0,TCGA-12-1089
683,0,39.53,black or african american,1,0,0,0,0,0,0,0,0,0,0,0,1,0,0,0,0,0,0,0,0,TCGA-19-A60I
684,0,62.83,white,1,0,0,0,0,0,0,0,1,0,0,0,0,0,0,0,0,0,0,0,0,TCGA-12-0821
685,1,34.3,white,1,0,0,0,0,0,0,0,0,0,0,0,0,0,0,0,0,0,0,0,0,TCGA-12-3653
686,0,43.99,white,0,1,0,0,0,0,0,0,0,0,0,0,0,0,0,0,0,0,0,0,0,TCGA-CS-6670
687,1,77.89,white,1,0,0,0,1,0,0,0,0,0,0,0,0,0,0,0,0,0,0,0,0,TCGA-19-5959
688,0,30.31,white,0,1,1,1,0,0,0,0,0,0,0,0,0,0,0,0,0,0,0,0,0,TCGA-P5-A5F1
689,0,68.35,white,0,1,0,0,0,0,0,0,0,0,0,0,0,1,0,0,0,0,0,0,0,TCGA-HW-A5KJ
690,0,32.32,white,0,1,1,0,0,0,0,0,0,0,0,0,0,0,0,0,0,0,0,0,0,TCGA-TQ-A7RW
691,1,27.61,white,0,1,1,1,0,0,0,1,0,0,0,0,0,0,0,0,0,0,0,0,0,TCGA-FG-A4MT
692,0,55.24,white,0,0,0,0,0,0,0,0,0,0,0,0,0,0,0,0,0,0,0,0,0,TCGA-HT-8011
693,0,30.9,white,0,1,0,0,0,0,1,0,0,0,0,0,0,0,0,0,0,0,0,0,0,TCGA-TM-A7C5
694,0,49.88,black or african american,1,0,0,0,1,0,0,0,0,0,0,0,0,0,0,0,0,0,0,0,0,TCGA-14-0736
695,1,26.14,white,0,1,0,1,0,0,0,0,0,0,0,0,0,0,0,1,0,0,0,0,0,TCGA-E1-A7YV
696,0,53.37,black or african american,1,0,1,0,0,1,0,1,1,0,0,0,0,0,0,0,0,0,0,0,0,TCGA-02-2485
697,1,78.26,white,1,0,0,0,0,0,0,0,0,0,0,0,0,0,0,0,0,0,0,0,0,TCGA-12-0615
698,0,54.87,white,0,1,1,0,0,0,1,0,0,0,0,1,0,1,1,0,0,0,0,0,0,TCGA-HT-8105
699,1,49.82,white,1,0,0,0,1,1,0,0,0,0,0,0,0,0,0,0,0,0,0,0,0,TCGA-16-1045
700,0,36.98,white,0,1,1,0,0,0,0,0,0,0,0,0,0,0,0,0,0,0,0,0,0,TCGA-WY-A85C
701,1,50.35,white,1,0,0,0,0,0,0,0,0,0,0,0,0,0,1,0,0,0,0,0,0,TCGA-87-5896
702,1,63.27,white,1,0,0,0,1,0,0,0,0,1,0,0,0,0,0,0,0,0,0,0,0,TCGA-41-4097
703,0,74.8,white,1,0,0,0,0,0,0,0,0,0,0,0,0,0,0,0,0,0,0,0,0,TCGA-06-0878
704,0,42.39,white,0,1,1,1,0,0,0,0,0,0,0,0,0,0,0,1,0,0,0,0,0,TCGA-E1-5304
705,1,60.67,white,1,0,0,0,0,0,0,1,0,0,0,0,0,0,0,0,0,0,0,0,0,TCGA-12-5295
706,1,72.83,white,1,0,1,0,0,0,0,0,1,1,0,0,0,0,0,0,0,0,0,0,0,TCGA-06-0210
707,0,31.99,white,0,1,0,0,0,0,0,0,0,0,0,0,0,0,0,0,0,0,0,0,0,TCGA-FG-8187
708,0,33.27,white,0,1,1,1,0,0,0,0,0,0,0,0,0,0,0,0,0,0,0,0,0,TCGA-DB-5273
709,0,26.47,white,0,1,1,1,0,0,0,0,0,0,0,0,0,0,0,0,0,0,0,0,0,TCGA-HT-7676
710,0,48.58,white,0,1,1,0,0,0,0,0,0,0,0,0,0,0,0,0,0,0,0,0,0,TCGA-TM-A84F
711,0,62.64,white,0,0,0,0,0,1,0,0,0,0,0,0,0,0,0,0,0,0,0,0,0,TCGA-HT-8107
712,1,74.03,black or african american,0,0,0,0,1,1,0,0,0,0,0,0,0,0,0,0,0,0,0,0,0,TCGA-DU-7012
713,1,72.27,white,1,0,0,0,0,0,0,0,0,1,0,0,0,0,0,0,0,0,0,0,0,TCGA-06-5410
714,0,54.48,black or african american,1,0,0,0,1,0,0,1,0,1,0,0,0,0,0,0,0,1,0,0,0,TCGA-06-1084
715,1,64.29,white,0,1,0,0,0,0,1,0,0,0,0,0,0,0,0,0,0,0,0,0,0,TCGA-P5-A72Z
716,0,67.09,white,1,0,0,0,0,0,0,0,1,0,0,0,0,0,0,0,0,0,0,0,0,TCGA-41-2572
717,0,57.3,black or african american,1,0,0,0,0,0,0,0,0,0,0,0,0,0,0,0,0,0,0,0,0,TCGA-14-1829
718,0,70.32,white,1,0,1,0,0,0,0,0,0,0,0,0,0,0,0,0,0,1,0,0,0,TCGA-14-1825
719,0,50.16,white,0,1,0,1,0,0,0,0,0,0,0,0,0,0,0,0,0,0,0,0,0,TCGA-S9-A6TV
720,0,70.44,white,0,0,1,0,0,1,0,0,1,0,0,0,0,0,0,0,0,0,0,0,0,TCGA-DU-A5TT
721,1,51.9,white,0,1,1,1,0,0,0,0,0,0,0,0,0,0,0,0,0,0,0,0,0,TCGA-HT-7693
722,0,25.59,white,0,1,0,0,0,0,1,0,0,0,0,0,0,0,0,0,0,0,0,0,0,TCGA-S9-A7J2
723,0,51.9,asian,0,0,0,0,0,0,0,0,0,0,0,0,0,0,0,0,0,0,0,0,0,TCGA-QH-A6CV
724,0,67.33,white,1,0,0,0,1,0,0,0,0,1,0,0,0,0,0,0,0,0,0,0,0,TCGA-06-0124
725,0,43.86,white,1,0,0,0,0,1,0,0,0,0,1,0,0,0,0,0,0,0,0,0,0,TCGA-06-0750
726,1,22.65,white,0,1,0,1,0,0,0,0,0,0,0,0,0,0,0,0,0,0,0,0,0,TCGA-S9-A6U1
727,0,71.7,white,1,0,0,0,0,1,0,0,1,0,0,0,0,0,0,0,0,0,0,0,0,TCGA-28-1757
728,0,60.01,white,1,0,0,0,0,1,0,0,0,0,0,0,0,0,0,0,0,0,0,0,0,TCGA-12-3652
729,0,54.66,white,1,0,0,0,1,0,0,0,0,0,0,0,0,0,0,0,0,0,0,0,0,TCGA-76-6661
730,0,55.59,black or african american,1,0,0,0,0,1,0,0,1,0,0,0,0,0,0,0,0,0,0,0,0,TCGA-RR-A6KC
731,1,44.1,white,0,1,0,0,0,0,1,0,0,0,0,0,0,0,0,0,0,0,0,0,0,TCGA-FG-A6J1
732,1,41.19,white,0,1,0,0,0,0,0,0,1,0,0,0,0,0,0,0,0,0,0,0,0,TCGA-HT-7874
733,1,57.39,black or african american,1,0,0,0,0,0,0,0,0,0,0,0,0,0,0,0,0,0,0,0,0,TCGA-14-1450
734,0,65.85,white,1,0,0,0,0,1,0,1,1,0,0,0,0,0,0,1,0,0,0,0,0,TCGA-15-0742
735,1,51.63,asian,0,1,0,0,0,0,1,1,0,0,0,0,0,0,0,0,0,0,0,0,0,TCGA-HT-A619
736,1,72.95,white,1,0,1,0,0,1,0,0,0,0,0,0,0,0,0,1,0,0,0,0,0,TCGA-06-2563
737,0,56.81,white,1,0,0,0,1,0,0,0,0,0,0,0,0,0,0,0,0,0,0,0,0,TCGA-32-4211
738,0,52.44,white,1,0,0,0,0,1,0,0,1,0,0,0,0,0,0,0,0,0,0,0,0,TCGA-06-0879
739,0,51.09,white,1,0,0,0,0,0,0,0,0,0,0,0,0,0,0,0,0,0,0,0,0,TCGA-19-1389
740,1,47.47,white,0,1,1,0,0,0,0,0,0,0,0,0,0,0,0,0,0,0,0,0,0,TCGA-FG-A60J
741,1,36.2,white,0,1,0,1,0,0,0,0,0,0,0,0,0,0,0,0,0,0,0,0,0,TCGA-HT-A616
742,0,53.82,white,1,0,0,0,0,1,0,0,0,0,0,0,0,0,0,0,0,0,0,0,0,TCGA-06-0747
743,0,80.17,white,1,0,0,0,0,1,0,0,0,0,0,0,1,0,0,0,0,1,0,0,0,TCGA-32-2632
744,1,35.19,white,0,0,0,0,0,0,0,0,0,0,0,0,0,0,0,0,0,0,1,0,0,TCGA-S9-A7QY
745,0,41.7,white,0,1,1,1,0,0,0,0,0,0,0,0,0,0,0,0,0,0,0,0,0,TCGA-E1-5302
746,0,54.61,white,0,1,0,0,0,0,1,0,0,0,0,0,0,0,0,0,0,0,0,0,0,TCGA-HT-7467
747,1,37.08,white,0,1,0,0,0,0,1,0,0,0,0,0,0,0,0,0,0,0,0,0,0,TCGA-P5-A77W
748,1,22.56,white,0,1,0,0,0,0,0,1,0,0,0,0,0,0,0,0,0,0,0,0,0,TCGA-HT-A74L
749,0,34.84,white,0,1,1,0,0,0,0,0,0,0,0,0,0,0,0,0,0,0,0,0,0,TCGA-DB-5277
750,1,78.02,white,1,0,1,0,0,0,0,0,1,0,0,0,0,0,0,0,0,0,0,0,0,TCGA-26-5136
751,0,23.85,white,1,1,1,1,0,1,0,0,0,0,1,0,0,0,0,0,0,0,0,0,0,TCGA-14-1456
752,0,28.94,white,0,1,1,1,0,0,0,0,0,0,0,0,0,0,0,0,0,0,0,0,0,TCGA-E1-A7YW
753,1,30.93,black or african american,1,1,1,1,0,0,0,0,0,0,0,0,0,0,0,0,0,0,0,0,0,TCGA-06-A7TL
754,1,56.87,white,0,1,0,0,0,0,1,1,0,0,1,0,0,0,0,0,0,0,0,0,0,TCGA-QH-A6X8
755,1,28.32,white,0,1,1,0,0,0,0,0,0,0,0,0,0,0,0,0,0,0,0,0,0,TCGA-S9-A7R3
756,1,53.64,white,1,0,1,0,0,0,0,0,0,1,0,0,1,0,0,0,0,1,0,0,0,TCGA-06-6698
757,1,52.69,white,1,0,0,0,0,0,0,0,0,0,0,0,0,0,0,0,0,0,0,0,0,TCGA-19-5950
758,1,44.72,white,0,1,1,1,0,0,0,0,0,0,0,0,0,0,0,0,1,0,0,0,0,TCGA-VM-A8CF
759,0,33.58,white,0,1,1,0,0,0,0,0,0,1,0,0,0,0,0,0,0,0,0,0,0,TCGA-DU-7299
760,1,32.47,white,0,0,1,1,0,0,0,0,0,0,0,0,0,0,0,0,0,0,0,0,0,TCGA-QH-A65S
761,0,86.59,white,1,0,0,0,0,0,0,1,0,0,0,0,0,0,0,0,0,0,0,0,0,TCGA-06-0126
762,1,39.87,white,1,0,0,0,1,0,0,0,0,0,0,0,0,0,0,0,0,0,0,0,0,TCGA-06-0650
763,1,39.98,white,0,1,1,1,0,0,0,0,0,0,0,0,0,0,0,0,0,0,0,0,0,TCGA-TM-A7C4
764,0,34.44,asian,0,1,0,0,0,0,0,0,0,0,0,0,0,0,0,0,1,0,0,0,0,TCGA-F6-A8O3
765,0,62.27,white,0,1,0,0,0,0,1,0,0,0,0,0,0,1,0,0,0,0,0,0,0,TCGA-IK-8125
766,1,41.32,white,0,1,0,0,0,0,0,0,0,0,0,0,0,0,0,0,0,0,0,0,0,TCGA-P5-A5EX
767,0,37.29,white,0,1,1,1,0,0,0,0,0,0,0,0,0,0,0,0,0,0,0,0,0,TCGA-FG-8185
768,0,46.65,white,1,0,1,0,0,0,0,0,0,0,0,0,0,0,0,0,0,0,0,0,0,TCGA-06-0238
769,0,38.04,white,0,1,0,0,0,0,0,0,0,0,0,0,0,0,0,0,0,0,0,0,0,TCGA-HT-7605
770,0,39.1,white,0,1,1,0,0,0,0,0,0,0,0,0,0,0,0,0,1,0,0,0,0,TCGA-DU-7019
771,0,70.01,white,0,0,0,1,0,0,0,0,0,1,0,0,0,0,0,0,0,0,0,0,0,TCGA-S9-A89V
772,0,61.77,white,1,0,0,0,0,1,0,0,0,0,0,0,0,0,0,0,0,0,0,0,1,TCGA-14-1455
773,0,66.01,black or african american,0,0,0,0,1,0,0,0,0,1,0,0,0,0,0,0,0,0,0,0,0,TCGA-TQ-A7RP
774,1,31.56,white,0,1,0,1,0,0,1,0,0,0,0,0,0,1,0,0,0,0,0,0,0,TCGA-FG-7638
775,0,72.53,white,1,0,0,0,0,0,0,0,0,0,0,0,0,0,0,0,0,0,0,0,0,TCGA-28-5204
776,0,51.14,white,1,0,0,0,0,0,0,0,0,0,0,0,0,0,0,0,0,0,0,0,0,TCGA-19-1386
777,1,49.92,white,0,1,1,1,0,0,0,0,0,0,0,0,0,0,0,0,0,0,0,0,0,TCGA-DU-5855
778,1,48.34,white,0,1,0,0,0,0,1,0,0,0,0,0,0,0,1,0,0,0,0,0,0,TCGA-DU-7302
779,0,51.56,white,1,0,0,0,1,0,0,0,0,0,0,0,0,0,0,0,0,0,0,0,0,TCGA-06-5411
780,0,40.88,white,0,0,0,0,1,0,0,0,0,0,0,0,0,0,0,0,0,0,0,0,0,TCGA-TM-A84B
781,1,64.83,white,0,1,0,0,0,0,1,0,0,1,0,0,0,0,0,0,0,0,0,0,0,TCGA-HT-8010
782,1,75.35,white,1,0,0,0,0,0,0,0,0,0,0,0,0,0,0,0,0,0,0,0,0,TCGA-12-0692
783,0,24.76,white,0,1,1,1,0,0,0,1,0,0,0,0,0,0,0,1,0,0,0,0,0,TCGA-S9-A6U8
784,1,44.65,white,0,1,1,1,0,0,0,0,0,0,0,0,0,0,0,0,0,0,0,0,0,TCGA-FG-A4MY
785,1,38.38,white,0,1,0,0,0,0,1,0,0,0,0,0,0,0,0,0,0,0,0,0,0,TCGA-DB-A64U
786,1,61.09,white,1,0,1,0,1,0,0,1,0,0,0,0,0,0,0,0,0,0,0,0,0,TCGA-06-0875
787,1,63.53,white,1,0,0,0,1,0,0,0,0,0,0,0,0,0,0,0,0,0,0,0,0,TCGA-32-1977
788,0,32.37,white,0,1,1,0,0,0,0,0,0,0,0,0,0,0,0,0,0,0,0,0,0,TCGA-TQ-A7RN
789,0,54.28,white,1,0,0,0,0,0,0,0,0,0,0,0,0,0,0,0,0,0,0,0,1,TCGA-06-0174
790,0,56.47,white,1,0,0,0,0,0,0,0,1,0,0,0,0,0,0,0,0,0,0,0,0,TCGA-19-1790
791,0,40.8,white,1,0,0,0,0,0,0,0,0,0,0,0,0,0,0,0,0,0,0,0,0,TCGA-32-4209
792,0,46.92,white,1,0,0,0,0,0,0,1,0,0,0,0,0,0,0,0,0,0,0,0,0,TCGA-12-3650
793,0,66.94,white,0,0,0,0,0,0,0,0,0,0,0,0,0,0,0,0,0,0,0,0,1,TCGA-HT-7882
794,0,58.16,white,1,0,0,0,1,0,0,0,0,1,0,0,0,0,0,0,0,1,0,0,0,TCGA-06-0192
795,0,44.18,white,0,1,1,0,0,0,0,0,0,0,0,0,0,0,0,0,0,0,0,0,0,TCGA-HT-7479
796,0,64.3,white,0,0,0,0,0,0,0,0,0,0,0,0,0,0,0,0,0,0,0,0,0,TCGA-HW-A5KK
797,0,72.46,white,1,0,0,0,0,0,0,0,0,1,0,0,0,0,0,0,0,0,0,1,0,TCGA-32-1980
798,1,59.84,white,1,0,0,0,0,0,0,0,0,0,0,0,0,0,0,0,0,0,0,0,0,TCGA-12-3646
799,0,60.71,white,1,0,1,0,1,0,0,0,1,0,0,0,1,0,0,0,0,0,0,0,0,TCGA-76-6286
800,1,57.55,white,0,1,0,0,0,0,1,0,1,0,0,0,0,1,0,0,1,0,0,0,0,TCGA-DU-7018
801,1,75.52,white,1,0,0,0,1,0,0,0,0,0,0,0,0,0,0,0,0,0,0,0,0,TCGA-06-5418
802,1,54.93,white,1,0,0,0,0,0,0,1,0,1,0,0,0,0,0,0,0,0,0,0,0,TCGA-06-5408
803,1,74.47,white,1,0,0,0,0,0,0,1,0,0,0,0,0,0,0,0,0,0,0,0,1,TCGA-19-2631
804,0,63.8,white,1,0,0,0,0,1,0,0,0,0,0,0,0,0,0,0,0,0,0,0,0,TCGA-26-1439
805,1,25.87,white,0,1,1,1,0,0,0,0,0,0,0,0,0,0,1,0,0,0,0,0,0,TCGA-HT-7610
806,0,29.6,white,0,1,1,0,0,0,0,0,0,0,0,0,0,0,0,0,0,0,0,0,0,TCGA-DB-A75O
807,1,84.79,white,1,0,0,0,0,0,0,0,0,0,0,0,0,0,0,0,0,0,0,0,0,TCGA-06-0122
808,0,56.31,white,1,0,0,0,0,0,0,0,0,0,0,0,0,0,0,0,0,0,0,0,0,TCGA-27-1834
809,0,36.6,white,1,0,0,0,1,0,0,0,0,0,0,0,0,0,0,0,0,0,0,0,0,TCGA-27-1837
810,0,24.15,white,0,1,1,0,0,0,0,1,0,0,0,0,0,0,0,0,0,0,0,0,0,TCGA-HT-A5RB
811,1,44.56,white,0,1,1,1,0,0,0,0,0,0,0,0,0,0,0,0,0,0,0,0,0,TCGA-S9-A7R8
812,1,31.02,black or african american,0,1,1,1,0,0,0,0,0,0,0,0,0,0,0,0,0,0,0,0,0,TCGA-E1-A7Z3
813,0,38.8,black or african american,0,1,0,0,0,0,0,0,0,0,0,0,0,0,0,0,0,0,0,0,0,TCGA-HT-7881
814,1,34.44,white,0,1,1,0,0,0,0,0,0,0,0,0,0,0,0,0,0,0,0,0,0,TCGA-FG-A60L
815,0,51.45,white,0,1,1,1,0,0,0,0,0,0,0,0,0,1,0,0,0,0,0,0,0,TCGA-DU-A5TR
816,1,36.68,white,0,1,1,1,0,0,0,0,0,0,0,0,0,1,0,0,0,0,0,0,0,TCGA-P5-A5F2
817,0,40.56,black or african american,1,1,1,1,0,0,0,0,0,0,0,0,0,0,0,0,0,0,0,0,0,TCGA-14-4157
818,0,43.06,white,0,1,0,0,0,0,0,0,1,0,0,0,0,0,0,0,0,0,0,0,0,TCGA-HT-7692
819,0,76.24,white,1,0,0,0,1,0,0,0,0,0,0,0,0,0,0,0,0,0,0,0,0,TCGA-12-3649
820,1,49.76,black or african american,0,0,0,0,0,0,0,0,0,0,0,0,0,0,0,0,0,0,1,0,0,TCGA-HT-8113
821,1,41.49,white,0,1,1,0,0,0,0,0,0,0,0,0,0,0,0,0,0,1,0,0,0,TCGA-TQ-A7RM
822,1,38.07,white,0,1,1,1,0,0,0,1,0,0,0,0,0,0,0,0,0,0,0,0,0,TCGA-DB-5270
823,0,48.85,white,0,1,1,1,0,0,0,1,0,0,0,0,0,0,0,0,0,0,0,0,0,TCGA-FG-7636
824,1,24.65,white,0,1,0,1,0,0,0,0,0,0,0,0,0,0,0,0,0,0,0,0,0,TCGA-VM-A8CH
825,1,46.39,white,0,0,0,0,0,0,0,0,0,0,0,0,0,0,0,0,0,0,0,0,0,TCGA-DU-A5TY
826,0,52.53,white,0,1,0,0,0,0,1,0,0,0,0,0,0,1,0,0,0,0,0,0,0,TCGA-R8-A6ML
827,0,64.82,black or african american,1,0,0,0,0,0,1,1,0,0,0,0,0,0,0,0,0,0,0,0,0,TCGA-06-A7TK
828,1,45.21,white,0,1,0,0,0,0,0,0,0,0,0,0,0,0,0,0,0,0,0,0,0,TCGA-S9-A7IQ
829,0,57.08,white,1,0,1,0,1,0,0,0,0,0,0,0,0,0,0,0,0,0,0,0,0,TCGA-16-0848
830,0,58.05,white,1,0,0,0,1,0,0,0,0,1,0,0,0,0,0,0,0,0,0,0,0,TCGA-19-5953
831,1,66.88,white,1,0,0,0,0,0,0,0,0,0,0,0,1,0,0,0,0,0,0,0,0,TCGA-14-1037
832,1,39.95,white,0,1,1,0,0,0,0,0,0,0,0,0,0,0,0,0,0,0,0,0,0,TCGA-S9-A6TZ
833,0,77.42,white,1,0,0,0,0,0,0,0,1,0,0,0,0,0,0,0,0,0,0,1,0,TCGA-12-3651
834,0,76.16,white,1,0,0,0,1,1,0,0,0,0,0,0,0,0,0,0,0,0,0,0,0,TCGA-28-1745
835,0,60.37,white,1,1,1,1,0,0,0,0,0,0,0,0,0,0,0,0,0,0,0,0,0,TCGA-06-6701
836,1,23.36,white,1,0,1,1,0,1,1,1,1,1,1,1,1,0,1,1,1,1,1,1,1,TCGA-06-5416
837,0,89.29,white,1,0,0,0,1,0,0,0,0,0,0,0,0,0,0,0,0,0,0,0,0,TCGA-41-2571
838,0,27.68,white,0,1,1,1,0,0,0,0,1,0,0,0,0,0,1,0,0,0,0,0,0,TCGA-S9-A7R7
839,0,42.87,white,0,1,0,0,0,0,0,0,0,1,0,1,0,0,0,0,0,0,0,0,0,TCGA-S9-A6WP
